Business Name,Business Category,Address,Contact
Peter England Showroom P.P. Road Buxar,Men's clothing store,"PP Rd, near Axis Bank",06183 357 243
The Raymond shop,Clothing store,"The Raymond Shop, PP Rd",080 4493 8944
Maruti Textiles,Clothing store,Pushtakalay Road,096611 81755
Killer Showroom,Clothing store,"HX8H+229, Station Rd",094314 20162
Siyaram's Shop - Buxar,Clothing store,PP Rd,099052 41855
Babyhug Store Buxar Purana Bazar,Baby store,"Ward No.24, Kotawali Chowk, New Plot No. 65, 11 Dhurs, near Jamuna Chowk",093043 25338
Mahalaxmi Vastralaya महालक्ष्मी वस्त्रालय,Clothing store,PP Rd,082268 86448
Pp road buxar,Clothing store,PP Rd,088253 84366
Bengal Dresses,Clothing store,HXFF+F2J,099342 17886
STYLE BAAZAR BUXAR,Outlet mall,"Main Road, opposite Krishna Cinema",091477 17850
Cantabil,Clothing store,"Ground Floor Turhatoli, near Krishna Cinema",094588 74138
Sumangal Sarees,Clothing store,"Purana chowk,main road,buxar,bihar",094310 83793
Sri Ram Vastralaya,Clothing store,HXGG+WVW,085788 99309
Karishma Dresses,Clothing store,PP Rd,082715 77591
COBB Italy Fashion Exclusive Showroom,Clothing store,"PURANA CHOWK MAIN ROAD, near Jhoon Babu Jewellers",092414 59772
Tiger Jeans Corner,Men's clothing store,"Shop No 01, near by Chunni Lal Main Road",078588 88782
Om Fancy Store,Clothing store,Purana Chowk,094318 46114
"Kushum Garments, Opposite Indian Bank",Clothing store,HX7J+XRM,085820 11545
Dress Center,Clothing store,PP Rd,087896 24237
Amit vastralaya Buxar Bihar,Clothing store,PP Rd,079797 38532
Manyavar,Men's clothing store,"Khata No 168, Rangoli Shopping Mall, Plot No 386, Main Road",080 3700 2550
Jai Gurudev Saree Collection,Clothing store,HX87+RV6,087578 93582
Bahuriya Garments,Women's clothing store,"Chausa buxar main road, mod, opposite Yamaha Pooja motors",088253 47716
Paridhan Whole Sale Bazar,Clothing wholesale market place,PP Rd,097410 91080
Unique School Shop,Uniform store,Collectraite Rd Buxar,093087 61906
Fashion World,Clothing store,"2, Ramrekhaghat Road",091222 44601
Jaiswal Garments,Clothing store,"Vishwanath Bhawan, 22, Laxumanpur Bhaurolee Road",073986 02211
Anabiya Garments,Men's clothing store,Shop No 09,072083 25313
Libas Collection,Clothing store,Gola Rd,087892 98148
Aaradhya Faishion,Shopping mall,PP Rd,089873 96101
swayamvar vastralay,Clothing store,Gola Rd,077390 42156
Saraswati Sarees Center,Clothing store,"viswa mitra marg, PP Rd",092347 99789
Shardhanjali Dresses,Clothing store,Dumraon Bikramganj Rd,077390 42156
SRI KHADI BHANDAR,Clothing store,Gola Rd,079037 03096
Pahnawa garment,Clothing store,Sahid gate,088630 46142
TRENDS,Clothing store,"H48R+XMC Commercial Complex, Station Rd, near Shankar Cinema",062038 43748
S2 Clothes Store,Clothing store,jail paen road,077669 53904
Indian's Fab | Online Shopping Store,Clothing store,"Twining Ganj .Railways station, Village. Noniyapura, post, Sowan",077830 12361
Prakash Cloth Store,Men's clothing store,"Shop No 3, M P, High School",093082 92766
Jockey Exclusive Store,Clothing store,"PP Road, Ward No 27, Santh",080839 37079
Bal Gnesh Readymade Garments,Clothing store,Bal Ganesh Tadka,093041 62460
Sabrang khadi,Clothing store,"Turha toli, main road",090353 49195
SANDEEP TRADERS,Women's clothing store,"NAGAR PARISHAD KE PICHE, 0",081029 22206
Bihari Hardware & Ply Store,Hardware store,Ambedkar Chowk,093089 60165
Tirupati hardware,Hardware store,"Station Rd, in front of Jyoti prakash library",085400 72979
"Ashirvaad Hardware, sanitary& Pipes",Hardware store,"PP Rd, near HDFC Bank",093084 31403
Sri Shyam HardWare,Hardware store,Amla toli mai read,099318 37376
Adarsh Hardware Ara Buxar Main Road Yasoda Barham Asthan,Hardware store,"H2M4+VJJ, Adarsh Hardware Yasoda Barham Asthan Ara, Main Road",091134 04437
Rudra Plywood and Hardware,Hardware store,Infront of nagar parishad,062038 60376
"श्री साई प्लाई - Plywood, Doors, Windows, Hardware, Mica, Curtain Pipes",Hardware store,Collectraite Road,079922 35609
Vaishnavi Hardware Aur J C B,Hardware store,Buxar - Itarhi Rd,097989 44137
Amit Tools & Hardware अमित टूल्स एंड हार्डवेयर,Hardware store,Bihar,094310 84337
Manishahardware paint shop,Hardware store,Buxar - Itarhi Rd,095707 45010
BHARDWAJ TRADERS,Hardware store,HX9F+7WV BHARDWAJ TREDERS,078702 80008
Aryan HardWare,Hardware store,HX33+QVR,095251 54653
Ganpati ply house,Hardware store,Mathiya Rd,070048 59041
Maurya Hardware,Hardware store,"Shop No 01, near Nh 24",097923 21283
Arun Pipe And Bath Emporium - Jaquar Authorized Dealer,Bathroom supply store,"Jyoti Chowk, Station Rd, opposite Tanishq Jewellery",062048 78395
Shiv Shakti Traders,Hardware store,near Railway Crossing,079035 62486
"Aditi Steel, Aluminium & Glass Center",Hardware store,"HX56+RRF, Chausa-Buxar-Sasaram Road, near ITI Field",079032 58389
Madhu Bhushan Pathak,Hardware store,"104, Padari, near Mahindra Service Center",093343 61321
Pradip Kumar Singh,Hardware store,"Road, near The Regal Public School",092412 48724
Bharat Agricultural Stores,Hardware store,"PP Rd, near Central Bank Of India",091100 50518
MAA LAXMI CEMENT & IRON STORE,Hardware store,"HXFV+58X, Golambar - Jaso Rd",093048 39046
Shiv Hardware,Hardware store,Dumri Bypass Rd,062998 73627
HCJPP1807G,Hardware store,Vivekanand Ward 38,088253 74819
Aarti Aluminum,Hardware store,"Charitan Ban, near by Gange Rai Clince",084090 14884
Palang wala,Furniture store,"Krishna hardware, near Sri Ram Complex",062057 03913
MAA VINDHYAVASINI ENTERPRISES,Hardware store,"Chaugain, Road",078590 75172
JAI HIND ELECTRICAL WORKS,Store,"bus stand, old",087095 00752
Vikash Steel House,Hardware store,Shop Number 05,093044 08919
Bala JI HARDWARE,Hardware store,"Ward No 1, Patna - Buxar Hwy",098019 21435
Anand,Hardware store,Sbi Atm,091137 16536
Sudarshan Sharma Hardware,Hardware store,101,086519 67212
Sangam Hardware Shop,Hardware store,Mathiya Rd,094318 81187
SK PLY & HARDWARE,Hardware store,"HXMV+PRP, Bandh Rd",079799 77935
GANPATI HARDWARE,Hardware store,"H2V2+5MX, Sarimpur - Ahirauli Rd",099340 03429
Prince Hardware,Hardware store,"PC College Sadhu Baba, Buxar - Itarhi Rd, near PC College Sadhu Baba",082523 53417
bhawani Saintery And Hardware Store,Hardware store,"Pipe Dukan, Rajput Road",091628 25605
Sujeet Hardware,Hardware store,Natwar,093349 95032
Niraj Hardware,Hardware store,"Nai bazar, Road, near Pnb bank infront of Madhu dressesdreess",076548 90805
Om Sai Almunium,Hardware store,Buxar Nayi Bazar Bihar,062009 22539
M.V Traders,Hardware store,Vishwamitra Colony,098352 20258
V.P RAI,Hardware store,"Natwar, Golambar - Jaso Rd",089870 48668
Jai Bhawani ply,Hardware store,"HXGM+F62 mahbir mandir, Main road",091101 72331
Manoj Kumar Verma,Hardware store,Natwar,095252 61817
KGN Steel,Hardware store,Natwar,080844 74562
SHIV JEE HARDWARE,Hardware store,H44W+8JG,079031 31842
Jai Bajrang,Hardware store,Mohania - Buxar Rd,082929 30072
Shahid Mahant Singh Building Materials,Hardware store,Orapkurd Main Buxar,086519 71267
Sajid Welding Work,Hardware store,"Shop No 95, near Main Market",082527 03557
Vishal Medical Store,Pharmacy,"Churaman Pur, Buxar NH-84, Arrah, Arrah - Buxar Rd",087570 66425
Mitra medical hall | Medical in Buxar,Drug store,HX33+J75,081768 70792
SEHAT MEDICO,Pharmacy,Bandh Rd,079090 56631
Shakti Homeo Pharma,Homeopathic pharmacy,opposite Vishal mega Mart,094728 13049
Suraj Medical Hall,Pharmacy,"HXGJ+CCQ, Maccharhatta, Pull Main Road",094310 83838
GREEN MEDICINE,Drug store,"Ambedkar chowk, near shyam vatika",070043 22809
Balaji Drugs,Drug store,"Main road, Golambar - Jaso Rd",099553 35409
Tanya Medical Hall,Pharmacy,"near, old rice mill mbgb bank, Buxar - Itarhi Rd",089368 00705
KALYAN HOMOEO BHAWAN,Homeopathic pharmacy,Buxar - Itarhi Rd,094310 58780
Saraswati Homoeo,Homeopathic pharmacy,Collectorate Road,082104 38082
Homeopathic clinic,Homeopathic pharmacy,"Amla Toli, near UCO BANK",099318 37213
Om Sai Medical Hall,Pharmacy,HXHH+QPV,073710 23763
URMILA MEDICAL HALL,Pharmacy,"HXJJ+534, Buxar Hospital Rd",094310 99447
Ashish Medical Hall,Medical supply store,Collectraite Rd Buxar,099399 10386
Guru Kripa Medical,Pharmacy,Golamber Golamber Arrah,095234 31475
Hamdard dawa Dukan,Medical clinic,"111, SH 13",082718 44150
Aradhana Medical Store,Pharmacy,"Shop No 01, Baliya Road, near Hanuman Mandir",091698 58126
Saudagar medical agency,Pharmacy,HXGM+CVM,082527 66006
Janta Medical Store,Pharmacy,SH 13,079090 16484
Kartik Medical,Pharmacy,Road,082105 71096
Lilavati Health Care Medical Store,Medical Center,"jail pain road, near Station Road",091134 85881
New Gupta Medico,Pharmacy,"HXFH+R5C, Hanuman fatak",078703 73981
OM HOMOEO SEWA KENDRA or OM MEDICAL HALL(Dr.omprakash pandey),Pharmacy,Buxar - Chausa - Sasaram Rd,097713 35070
Sanjeevani Medical Hall,Pharmacy,Natwar,095257 55888
Pankaj Pharma,Medical supply store,HXHJ+P4Q,074881 83773
KRITI MEDICAL AGENCY,Medical supply store,"Buxar - Itarhi Rd, in front of Nokha Mill",075430 90605
New Bharat Medical Store,Pharmacy,"Shop No 01, Road, near Bharat Medical",099312 97166
Pawan Medical Store,Doctor,Shop No 01,095174 51717
Lalan ji medical hall (pet shop),Veterinary pharmacy,"Amla Toli Main Road, opp. to bata shoe",093081 95331
Kanchan Singh Medical,Health and beauty shop,"Suman Jee Bhawan, 20, Ganga Bridge",077669 47964
Sadguru Medical Store,Pharmacy,"Shop No 01, near Sabji Mandi",070842 75764
J P Medical Store,Pharmacy,"103 Dafadihari, Lakh Road, near Middile School",097987 24779
Arogy Homeo,Medical clinic,"me Mathiya, Badka Nuvaon raste, Mod",077630 01060
MAA VINDVAHSHNI MEDICAL HALL,Pharmacy,Natwar,077619 62486
Vikas Medical,Pharmacy,"Dumraon, Buxar, NH-84, Dumraon Bikamganj Road, Buxar",088733 21370
Ajay Medical Store Mane Road Chausa Bajar Buxar,Pharmacy,Mane Road,099395 92371
Aryan Medical,Pharmacy,"101, near Masjid",083401 20396
Life care pathology,Diagnostic center,Jyoti Prakash Chowk,091100 27339
"Lenskart.com at Buxar, Bihar",Optician,"Main, Road Chowk, near Reliance Trends",089293 34374
Super Shakti Furniture,Furniture store,"Super Shakti Furniture, Ambedkar Chowk, Station Rd, near Baba Saheb Ambedkar Statue",093326 49501
Godrej Interio - Jaiswal Agencies,Furniture store,"SATYADEOGANJ, MAIN ROAD 1st Floor, beside Reliance Trends",072503 46666
RAJA FURNITURE,Shop supermarket furniture store,"PP Rd, near icici bank",095072 38099
Aryan Furniture,Furniture store,"HXHQ+4G6, Truck Syndicate, Main Road",098013 50256
Rohit Steel Furniture,Mattress store,"State Bank of India, Chowk Road",099343 79674
Manthan handicrafts,Furniture store,"road, near shiv mandir",075410 82737
Diamond Furniture,Furniture wholesaler,"Diamond Furniture, Piparpatti Road, near Central bank of India",081154 60331
malhotra farniture,Mattress store,"Bazar Samiti, Bazar Samiti Road Near Nehru Smarak High School, Buxar 803103, Musafirganj Rd",091991 86777
Ashish Ply,Furniture store,"Natwar, Golambar - Jaso Rd",072091 07061
Nagendra Sharma & Sons,Furniture store,"Na, PP Rd",083403 30141
"Sleepwell Exclusive Dealer - Koirpurwa, Buxar",Mattress store,"Punam Enterprises, nearby Vishwamitra Hospital",08071 629 638
Taj Furniture And Electronic,Furniture store,"Shop No 01, Taj Furniture And Electronic Kotwanarayanpur",096963 48280
JSN CITY CENTRAL MALL,Shopping mall,"HX7H+XFF, Ambedkar Chowk",074795 10027
Vishal Kumar,Furniture store,Mohania Mohania,085418 46631
मुन्ना शर्मा फर्नीचर,Furniture store,"HX76+JWX, Central Jail Rd",062997 44534
Raj Furniture House,Furniture store,Station Rd,062075 98670
Alimuniun Store,Furniture store,Natwar,091137 82827
"Sleepwell Gallery - Koirpurwa, Buxar",Mattress store,"Furniture House, New, South Collectriate Road, nearby DPO Office",08071 629 254
Shri Hanuman Furniture,Furniture store,"Hospital Road, near Petrol Pump",095256 07100
Dharmendra Furniture,Furniture store,"101, Safakhana Rd, near Kabadi",062032 83617
Pandeet Jee Loha Dukan,Mattress store,"Jyoti Prakash Bhawan, 22, PP Rd",084093 75784
Uday Aluminum,Furniture store,"Uday Bhawan, 50, Buxar Road",085818 17184
ANAND TILES BUXAR,Tile store,"Collectraite Rd Buxar, near indian bank",091554 87551
Maa Vaishno Furniture,Furniture maker,"Vishwamitra hospital, Golmber, main road",070916 26239
JAY MAA AMBEY FURNITURE WORKSHOP,Furniture store,"HX4F+9XH, FCI Rd",073528 59570
श्री विश्वकर्मा फर्निचर,Furniture store,"HX9R+XRH, Golambar - Jaso Rd",072504 32845
Shankar Ply House,Furniture store,"Shop No 99, Near Petrol Pump",070617 47309
Sanjay Kumar Sharma Furniture,Furniture store,"BSNL Tower, Main Road",086515 64490
Sudama Almunium Furniter,Furniture store,"101, Krishna Braham Rd",098010 70913
Rahul Kirana and General Store,General store,ward no-03,084091 37637
Kawash General Store,General store,"Main Road, opposite Satyadeo Mill",093080 07933
Praful General Shop,General store,"Police Chowki, near Raj Mobile Shop",083906 71031
vivek mashala store,General store,infront of jp library,086517 65978
Sumit Anil General Store,General store,"Shop No 01, near Shiv Mandir",073502 32300
Purum General Store,General store,"Shop No 01, near Durga Mandir",070134 30667
Lovely General Store,Store,PP Rd,094318 46902
Nita Navnath General Store,General store,"Shop No 01, near Durga Mandir",095947 25063
Mauli General Store,General store,Bhumihari Feild,098349 96719
Manas General Store,General store,"Shop No 01, Road Golamber, near Punjab National Bank",088307 66497
Pappu kirana & general store,General store,"802101, Unnamed Road",072092 22992
Vijay kirana store (विजय किराना स्टोर),General store,"Ambedkar chowk, Station Rd, near Hotel Royal Plaza",074881 80410
Rajhans General Store,General store,Civil Line Road,076544 00161
General Store,General store,Main Road,062011 66959
Nandini General Store,General store,Buxar Main Rd,076779 84934
Nandlal General Store,General store,"Shop No 01, near Balliya Railway Station",093361 61241
Kajal General Store,General store,"Shop No 02, near Shiv Mandir",079783 94657
Bunty Kirana Store,General store,Buxar Main Rd,082288 38188
Kaushal General Shop,General store,near Baba Transport,083403 39005
Kunal General Store,General store,"Shop No 01, near Pokhra",078706 43155
Sonu Kirana Store,General store,Musafir Ganj,062064 28914
Satyanarayan Keshari,General store,Station Rd,093041 95060
Satendra General Store,General store,"Shop No 01, near Atta Mil",062007 46614
Rajana General Store,General store,"Shop No 01, near Unwash School",077022 87029
Ganesh General Store,General store,"Shop No 01, near Central Jail",088829 25098
Vikesh General Store,General store,"Shop No 02, near Bhunihari Field",093046 41760
General Shop,General store,"Police Chowki, near Vishal Mega Mart",087668 33675
Kanithi General Shop,General store,Hospital Road,088283 25456
Reshma shringar general Store,General store,Jahaj Ghat,072820 49241
Nag General Store,General store,"Shop No 01, near Bhushan Bhawan",072057 27315
Ramesh General Store,General store,"Ship No, 02",079910 34512
Rajkumar Store,General store,"Shop No 01, Main Road, near Bhunihari Field",070113 23652
Pritam General Shop,General store,Police Chowki,092639 98197
Daya General Store,General store,near Bhumihari Feild,077519 31278
Bhuneshwar General Store,General store,"Shop No 01, near Club",073546 62838
Swati General Store,General store,"Shop No 01, near Krishna Cinena",090395 29807
Imtiyaj Khan Kirana Store,General store,12 Barki,070610 57969
Vidhya General Store,General store,"Shop No 02, near Durga Mandir",098703 32507
Kailas General Shop,General store,"Police Chowki, near Raj Mobile Shop",083695 30197
Buddhashil General Store,General store,"Shop No 01, near Naya Bazar",097552 10148
Sujata General Store,General store,"Shop Nob01, near Civil Lines",084569 25257
Arpit General Store,General store,"Shop No 01, near Bhunihari Field",095207 59142
Hari General Store,General store,"Shop No 01, Main Road, near Aditya Birla Capital",096915 83437
Keshri General Store,General store,Natwar,079922 82294
Shashi General Store,General store,"Shop No 01, near Durga Mndir",062007 94705
Abhay General Store,General store,"Shop No 01, near Sai Today",090267 53889
Dhiru General Shop,General store,Main Road,092632 60641
Sarbani General Store,General store,Station Rd,083359 33614
Shiv Shanker General Store,General store,"Shop Non02, near Durga Mandir",085768 10391
Yash Shivaji General Store,General store,"Shop No 02, near Shiv Mandir Sohnipatii",073858 56823
Ramana General Store,General store,near Buniyadi Field,085988 73933
Anandi Store,General store,"Shop No 01, Mathia Rd, near Hanuman",074005 96804
BAAJI GENERAL STORE,General store,BUXAR MARKET,097081 99217
Yuvraj General Store,General store,"Shop No 01, near Bhunihari",084322 35950
Dhiraj General Store,General store,Police Choki,092792 13813
Pushpendra General Store,General store,"Shop No 02, near Nahar",088689 72347
Rajashree General Store,General store,"Shop No 02, near Rajashree Studio",098019 49873
Mandla General Store,General store,"Shop No 02, near Surya Palace",090637 05220
Mayur General Store,General store,Bypass Rd,062305 16899
Aniket General Store,General store,"Shop No 01, near Kamalda Pokhra",084593 36768
Sondi General Store,General store,"Shop No 02, near Hanuman Mandir",081799 21466
Kuldeep General Store,General store,Bhumihari Feild,062621 26561
Bisai General Store,General store,"Shop No 01, PP Rd, near Durga Mandir",091770 18815
Erothu Store,General store,"Shop No 01, near Prem School",081060 59881
Gobindo General Store,General store,"Shop No 01, Musafirganj Rd, near Apsra Hotel",094314 80301
Chandra General Store,General store,"Shop No 01, near Kamal Pokhara",086020 63549
Paul General Store,General store,"Shop Non01, near Bhunihari Field",074404 77931
Golu Kirana&Genral Store,General store,"Ganesh Bhavan Jyoti Chowk, 22, Koirpurwa Rd",072092 48950
Piyush General Store,General store,Girls High School,062037 61300
Venktesh General Store,General store,Shop No 01 Civil lines,095504 74467
Akhilesh Store,General store,"Shop No 01, Main Road, near Sudha Dairy",084079 15198
Prince Kumar Paswan,General store,"Shop No 01, near Station Railway",074883 78277
Lalita General Store,General store,"Shop No 01, near East Punjabi",076828 54151
Arti General Store,General store,"Shop No 01, Main Road, near Juice Corner",075175 26852
Dasari General Store,General store,Shop No 01,063031 46763
Sirjavat General Store,General store,"Shop No 01, Main Road, near Sarita Clince",089562 77987
Prashant General Store,General store,"Shop N0 02, near Durga Mandir",095570 93241
Raajana General Store,General store,"Shop No 01, near Sohani Patti",098669 39448
Rinki General Store,General store,"Shop No 01, near Saib today",077710 86354
AMUDALA GENERAL STORE,General store,"Shop No 01, PP Rd, near Redbul Office",088788 67004
Soma General Store,General store,"Shop No 01, near Sohni Patti",090518 60376
Vishal Manjhi General Store,General store,"Shop No, 01, near Punjab National Bank",088188 75282
Dupana General Store,General store,"Shop No 02, near Civil Lines",082970 96249
GODU GENERAL STORE,General store,"Shop No 01, near Mahila Thana",096300 02990
Zaki Javed General Store,General store,"Shop No 01, near Durga Mandir",076682 04812
Raja General Store,General store,"Shop3455, near Durga Temple",095075 39869
Jitesh General Store,General store,"Shop No 01, near Busstand",073045 24046
Samir Rajak General Store,General store,"Shop No 01, near Bhumihari Field",095930 21935
Anmol Genral Stor,General store,Jyoti Chook,063706 54198
Santosh Kumar General,General store,HXJM+3GJ,084214 50466
Kundan General Store,General store,"Shop No 02, near Ashoka School",081097 82562
Balaji General Store,General store,"Shop No 01, near Itarhi",087885 33028
Hariom General Store,General store,"Shop No 01, Bandh Rd, near Shiv Mandir",088720 85273
Rohit Sabar General Store,General store,"Shop No 01, near Nahar",089672 75059
Damayanti General Store,General store,"Shop No 01, Main Road, near Chandi Mall",084801 08422
Aakash electronics,Electronics store,Amla toli,070042 90922
Preeti electronic,Electronics store,"ITI College, HX46+RV4, SH 13",082102 02378
New Shiv Guru Electric & Electronics,Electronics store,"Amla toli main road, AMLA TOLI MAIN RAOD, near Baba bata show",085409 53913
"Gautam Electronics, Jaso road, Golambar, Buxar",Electronics store,"Jaso, road, Golambar - Jaso Rd",099340 94347
Indralokwani Radio Kendra,Electronics store,PP Rd,097080 85585
Sai Electronics,Electronics store,"Down of Axis Bank, Pushtakalay Road",099318 15643
OM Computers Buxar,Computer store,"Sahid Baba Gali, PP Rd",079829 73010
Suman Electronic,Electronics store,"HXGH+735, Namak gola road",094310 98670
Smart Mobile And Bijli Ghar,Electronics store,Unnamed Road,082109 67003
HP World,Computer store,Ground Floor Collectorate Road,086575 68682
The Techpro,Electronics store,road blow,084430 26265
Shri Hari Computers,Computer store,"P.P.Road Bakshu Shahid Gali, PP Rd",092042 61287
Star Electronics,Electronics store,PP Rd,094310 83695
Reliance Digital,Electronics store,"Ground & 1st Flr Ward, Plot No 500, Kh No 279, Station Rd, opposite Buniyadi School",08071 178 122
Vaishnavi infotech,Computer store,"Collectorate road, near anand tiles",099393 97593
Sarswati Enterprises,Electronics store,"HXGH+643, Namak gola road",081020 70551
MILITARY STORE CSD CANTEEN,Electronics store,"Gola Bazar Road, near CSD Canteen",094553 77237
NEW MOBILE JUNCTION,Electronics store,in front of Buxar Hotel,093867 20903
Agrawal Electric,Electronics store,"Jamuna Chowk, Main road",070708 36889
Studios Shish Mahal,Camera store,near Sbi Atm,093340 09213
Raj electric and lighting,Electronics store,"buniyadi school ke saamne, Station Rd",094710 55644
Baba Bijli Ghar,Electronics store,munim chowk,097717 61560
Sanjit Cyber Cafe,Computer store,"Raj Katra, Nai Bazar Sabji Mandi",078709 71577
Anand Kumar Verma,Electronics store,"Shop No 01, near Panchmukhi Mandir",062027 27392
Chandan Gupta Buxer,Electronics store,"HX8G+FHF, Station Rd",095343 73672
Aman Bijli Ghar,Electronics store,"Shop No 01, Hanuman Nagar Bypass, near Aman Bijli Ghar",080518 25939
Manju Rai,Electronics store,"Shop No 01, near Shiv Mandir",073882 25767
Amar Software,Computer store,"02, near Bypass Road",099557 00335
Mahalaxmi Photo State,Computer store,near Union Bank,062060 92886
Maa Geeta Cyber Cafe,Computer store,"Infront of Kamaldah, Pokhra Park, Station Rd",082522 53135
Trisha Electrical,Electronics store,"Shop No 01, near Punjab Bank",070705 02492
ASHUTOSH KUMAR,Computer store,"02, TURHA TOLI MAIN ROAD",092628 21120
Shree Electronics,Electronics store,"Chowk, near pakwa innar",091101 50751
Fresh Chicken Shop,Camera store,"Fresh Chicken Shop, Station Rd, in front of Tanishq Shoow Room",099054 76734
Guddu Chiken Shop,Camera store,"Bucur, PP Rd",087091 58945
Surya Printer's & Online Service,Computer store,"Surya Prakash Bhawan, 26, Namak Gola Road",062023 21112
Verma Electronics,Electronics store,"111, SH 13",094310 83767
letest downloadind mobile centre,Electronics store,HX39+Q8F,088041 25492
Keshari electronic,Electronics store,Keshari electronic,063641 27255
Neha Communication,Electronics store,"HXGH+GM5, Main Rd",063035 02200
Viswakarma electric,Electronics store,"HXGJ+CPG, main road machharhatta pull",085409 25770
Edutech -JioMart Digital Partner,Electronics store,"Durga Complex, Collectorate Road",062997 84079
Riya Electronics & Mobile,Electronics store,nai bazar ward no 7,091222 24503
MEHTA ELECTRIC,Electronics store,Geeta Mandal,062046 38342
Maruti nandan mobile,Electronics store,"HXGF+JR5, PP Rd",092346 17690
Vaishnavi Super Mart,Indian grocery store,Kamla Nivas,076070 01641
Sri Ram Trader's,Indian grocery store,Collectorate road,091552 96650
City Grocery Mart,Indian grocery store,FCI Rd,062004 02860
Amit Khaini Dukan,Grocery store,"Rinku Khaini Dukan, Amit Bhawan, 12, Jail More",091131 40062
Ritesh Gupta,Grocery store,"Ritesh Bhawan, 22, Station Rd",074930 83060
Bhawani Enterprises Limited,Grocery store,"SH 13, near Durga Cold Storage",091220 07440
Abhijeet Kirana Store,Grocery store,"01, Basant Road, near Bay Sudha Deri",082353 87084
Satyanarayan Keshari,Grocery store,Station Rd,093041 95060
VB Mini Mart,Grocery store,"057, FCI Rd",078368 05634
Ritik Grocery Shop,Grocery store,"Front Of Gramin Bank, Main Road",082719 82436
Pandey KIRANA Store,Grocery store,320,078703 65386
Anand Store,Grocery store,Ghat,070044 63399
Amit Kirana Store,Grocery store,"Ward No 18, near of Sahnai Pailais",077849 89291
Umesh Kumar Dhruw,Grocery store,"Shop No 01, Mahavir Asthan Main Road, near Durga Mandir",096521 74340
Divya Laxmi General Store,Grocery store,"SH 13, Bhojpur Road",079035 06005
Pankaj Kumar,Grocery store,"106, Buxar, near by Station Ke Paas",070040 85044
Jhman Gupta,Grocery store,"Jhaman Bhawan, 11, Shivpuri Rd",099392 56438
Ramchandra Sahu,Grocery store,"Ramchandra Bhawan, 100, Budhanpurva Road",093415 77529
Mangal Sutra Guthai,Grocery store,"Anil Bhawan, 10, Purana Chowk",096311 77794
Patanjali Gramin Arogya Kendra,Indian grocery store,Ground Floor,091131 18932
BUXAR KART,Grocery delivery service,"CHINI MILL, near NEW BRIDGE",06183 357 107
Om Sai Nath Traders,Grocery store,"budhanpurwa, VILLAGE HXJR 3H3, Babanagar",082104 87683
Ritesh Kirana store,Indian grocery store,"Parari, Simri Rd",095760 96028
Ritesh Chaudhary,Grocery store,"Nai Bazar, near Sri Krishna Vatralay",093360 10634
Shanvi Plastic,Grocery store,"Kritika Bhawan, 100, Purana, Thana Rd",084093 60099
Prasad Misthan Bhandar,Grocery store,"Deepak Bhawan, 100, Munim Chowk Road",062011 64748
Satyanarayan Kirana Dukan,Store,sation road,078578 78753
Krishna Hair Cutting,Grocery store,"Lalmuni Bhwan, 16, Bandh Rd",089693 49330
Hira Kirana Store,General store,"Shop No 01, near Hanuman Ji Mahlatoli",075493 99657
Saroj Kirana,Grocery store,"Saroj Kirana, Buxar Marg",087574 54075
New Hindu Murga Dukan,Grocery store,F2H6 MRP802123,062023 10898
Suraj General Store,General store,"Police Chowki, near Raj Mobile Shop",088159 29267
RAJDEV KUMAR,Grocery store,"101 Harpur Near Goverdhan Temple Pasahara, Road",077398 49802
KGN किराना,Grocery store,"HX37+RR8, नई बाजार, बड़ी मस्जिद, बक्सर",085419 33434
Gopal Jee Kirana Store,General store,"111, SH 13",06183 224 135
Gaurav Foods,Grocery delivery service,"Gaurav foods, Namak Gola, below park view restaurant",062012 88953
Guddu Kirana Shop,Grocery store,near Dr Mahendra Prasad Clinic,099345 50129
Manoj Kirana,Grocery store,LBT College Rd,095461 58726
Bilatan Bind,Grocery store,"103 Karmahari, Ramgarh Road, near Primary School",062072 05667
Svaminath,Grocery store,"106 Karmahari, Ramgarh Road, near Primary School",072500 72626
Hemant Tiwari,Grocery store,"105 Dewaitha, Gharohiya Road, near Bharat Petroleum",095061 84655
VIVEK KIRANA AND GENERAL STORE,Dairy store,"Jyoti chowk, HX9G 424, Station Rd, Jyoti Chowk",077177 45225
Nirmala Kirana Store,Grocery store,"HXFH+Q6Q, Hanuman Fatak, in front of Hanuman Mandir",082350 59310
VIKAS KIRANA,Grocery store,"HXGP+C2P, Buxar Main Rd",073018 12243
Nandini pet Shop Buxar,Pet store,"maharaja petrolpump, Station Rd",091224 17999
Sam Cattery And Pet Shop,Pet store,"Kotwali Chowk, Munimum Chowk, near Sultan Sports",076676 89088
Durga Shop,Pet store,"22Rohit Bhawan, 802101, Golambar Road",070507 87440
Vaishno Sweets Buxar,Sweet shop,"SH 13, 111, SH 13",078705 65614
KUNDAN NAMKEEN AND SWEETS,Indian sweets shop,Amla Toli main road,089360 51424
Balaji Sweets and bakers,Sweet shop,Main road,097719 46155
Sharda’s sweet and namkeen,Sweet shop,Amla Toli Main Road,099317 52365
Mithai Ghar,Bakery and Cake Shop,"Satydev Mil, Mithai Ghar Main Road",075439 13877
Vaishnvi Sweets & Chart Corner,Sweet shop,HX5P+8PV,099558 26875
Desi Bharauli Shop,Sweet shop,Apsara Hotet,098355 16459
Hariom Sweets,Sweet shop,"Naya Bhojpur, Patna - Buxar Hwy",095760 87079
Pappukumar Singh So Ramji Singh,Sweet shop,Main Road,075460 12523
Shri Sai Sweet House,Fast Food,"Shop No 01, Ghazipur - Hajipur Rd, near Tahsil",096162 62286
MBA Chai Wala Cafe Buxar,Coffee shop,"HXGQ+4G2, Bypass Rd, near Indian Petrol Pump",070044 61610
Vishal Sweets,Sweet shop,"111, SH 13",099343 78304
Bharkha Devi Icekrrem,Sweet shop,"Devi Lal Bhawan, 12, Ara Nh 922 Road",090497 42331
Kanha Sweets Buxar,Sweet shop,"111, State Highway 13, Thatheri Bazar, Civil Lines",084349 22178
Chocolatey pan sshop,Chocolate shop,"HDFC Bank, PP Rd",085071 38336
Jai shree paihari ji sweet and chat,Sweet shop,Main road tiyara,099732 76824
Shivam Kirana,Sweet shop,"Noka Mill, Buxar - Itarhi Rd, near RAILWAY CROSSING",074797 49937
Dipak Sweet,Cake shop,Man Road,096315 17215
Jagdamba Sweet,Caterer,Railway Station,062022 66360
asian paint buxar,Paint store,"Amla toli main road, near bata showroom",083403 22576
Asian Paints Beautiful Homes Painting Service,Painter,"CHUNA BHANDAR, DIST",08071 681 347
Mosaic House,Paint store,"Amla toli main road, beside bata showroom",083403 22576
Jay Bajrang Traders,Paint store,"Main Road, Golambar - Jaso Rd",070041 81173
Maa Vindhyavasini Store (Paint),Paint store,"Main Road, Patna - Buxar Hwy",062999 92049
Himadri Traders,Paint store,"111, State Highway 13, Station Rd",091226 37217
"Rohit Paints,Hardware And Sanitary Store",Home goods store,FCI Rd,095768 03034
Nerolac Paints - Parwati And Sons,Paint store,"Hx4P+47G, near Satkar Marriage Hall",088530 79097
Parvati & son's,Paint store,"Buxar - Itarhi Rd, near sadhu baba mandir",088530 79097
Jumpy Pet Shop |Dumraon,Pet store,"Station Rd, near Bank Of Baroda",070045 59540
Har Har Mhadev 802101,Pet store,"Rohit Bhawan, 22, 802101, Kotwa Road",062076 11353
Chaudhary kennel & Pet shop,Pet store,"Ward no. 9, Banarpur bajar",072570 67541
"Kajaria Prima - Tiles Showroom in Ambassador Hotel, Buxar",Tile store,"Anand Tiles, Main Road, near Ambassador Hotel",093342 03050
Maa Kali Tiles and Sanitary,Tile store,HX66+MW9,097081 24939
Simpolo Ceramics,Tile store,"HXCQ+C6X, Bypass Rd, Near bus stand",094310 83839
Raj Tiles ( Kajaria),Tile store,"Chowk Syndicate,Golambar",099346 81756
Sipahi Building Material & Tiles,Building materials store,Golamber,099317 12624
Raj Marbles,Home goods store,Buxar - Chausa - Sasaram Rd,090063 65550
CK DECOR [WALLPAPERS & PVC PANELS],Wallpaper store,"Main Road, nahar, near Golambar - Jaso Road, near Cambridge school",095077 40734
Interior Wala ( JVS & Company),Interior designer,"Bazar Samiti Rd, near Nehru Smark High school",096087 73107
Aryan Furniture,Store,"HXHQ+4G6, Truck Syndicate, Main Road",098013 50256
Park Avenue,Clothing store,"Rangoli Shoping Mall, Buxar Main Rd, opp. Canara Bank",080 4495 3192
GARG SANITATION,Bathroom supply store,"Station Rd, near Chourasia Lodge",070040 85003
Aaditya Glass,Home goods store,Buxar Bharauli Rd,093344 04379
DREAM WALLS,Wallpaper store,Bypass Rd,088252 39874
CK DECOR,Interior designer,"Pal complex, Station Rd, near Railway station",098011 28838
Parvati & son's,Building materials store,"Buxar - Itarhi Rd, near sadhu baba mandir",088530 79097
Seraj Enterprises,Fabric store,"0000, Bypass Rd",090979 33767
Hareram Chaudhary Meet Shop,Mattress store,"Main Road, Gola Road",093045 53763
SUHAG STORES,Shopping mall,PP Rd,097082 83106
Rajesh Pent Shop,Paint store,"Simri Rd, near midil school",099550 29680
Assam Ply,Plywood supplier,Assam ply,094310 84023
Rudra Plywood and Hardware,Plywood supplier,Infront of nagar parishad,062038 60376
"Greenply Plywood (Agarwal Ply House) - Best Plywood Shop And Dealer In Purana Chowk, Buxar",Plywood supplier,purana chowk,093555 67731
"श्री साई प्लाई - Plywood, Doors, Windows, Hardware, Mica, Curtain Pipes",Plywood supplier,Collectraite Road,079922 35609
Sri Shyam HardWare,Plywood supplier,Amla toli mai read,099318 37376
"Greenply Plywood (Ganpati Ply House) - Best Plywood Shop And Dealer In Mithiya Mohalla, Buxar",Plywood supplier,"Matiya Road, opposite Doctor Gyan Prakash",093555 68183
KHADIM Buxar,Shoe store,"Amla Toli, Main Road",097089 79001
Liberty Exclusive Showroom,Shoe store,"Ward No-28, Krishna Talkies, Mahaveer Asthan Mandir Police Station, Block-Buxar House No-574 Muhalla- Turha Toli, Main Road",093407 65581
Red Chief Store,Shoe store,"Ward No. 28, Amla Toli Main Road, near Badi Devi Temple",070049 59659
Baba Bata,Shoe store,Amla Toli Main Road,094310 83537
Bata Shoe Store,Shoe store,"Ground Floor, Buxar Main Rd, beside Bank of India",062070 84252
DJ SHOE...,Shoe store,"Munim Chowk, near Indian Bank",091706 46141
J Shoe House,Shoe store,Natwar,095344 92611
Kumili Shoe House,Shoe store,"Shop No 01, near Khel Fild",073370 25332
Saheb Shoes,Shoe store,"101, Nayabhojur, Chik Toli, near Lohar Toli Chowk",076545 77981
New Fashion Shoe,Shoe store,"106, NH 922, near Khel Fild",070787 81602
"Buddha Boot House, Buxar",Shoe store,Khushi Marriage Hall,092798 62930
Master Leather Shoes,Shoe store,"101, Station Rd, near Durga Mandir",097083 18622
Aman Store,Shoe store,"Shop No 01, near Vishmitra Hospital",081918 82142
Max Foot wear Official,Shoe store,"Shop No-01, Munim Chowk, near by Indian Bank Rajendra Katra",097982 18626
Deepak Shoe House,Shoe store,"Buxar Ara Road Parari ,nesr Sah Para Buxar Ara Road Parari",094710 06388
Mahatab,Shoe store,"Shop No 01, near Chotki Samirpur Road",070172 05825
Ansari Shoo Store Dumari Road Naya Bhojpur,Shoe store,"Naya bhojpur , dumri rode P.s -dumraon, , Naya Bhojpur, Road",079790 08833
Rahmat footwear,Shoe store,"HX7H+HCC, Station Rd",088043 28107
New Fashion Footwear,Shoe store,"102 Bhariyar, Road Bhariyar, near Sabji Bajar",083401 05332
Parda Ghar,Window treatment store,"Shop No. 1, Laxmi Complex, Boring Rd, near chunnilal mega mart",082717 27385
__ThE__ReBeL__fAsHiOn__,Men's clothing store,Chaudhry Katra Munim Chowk,082108 44601
KESARIA DRESSES,Women's clothing store,Munim chouk,083402 92416
Van Heusen - Buxar,Clothing store,"Van Heusen Store, PR Road, Church Campus",079039 32212
Gaurav Fancy Dresses,Clothing store,"South, Collectraite Rd Buxar, near Hanuman Mandir",090979 36631
Anand Dress,Clothing store,PP Rd,091351 49327
Siya Synthetics,Clothing store,"HXGF+WX2, PP Rd, beside jaiswal dharmshala",079039 76282
Shri Krishna Vastralaya,Saree Shop,PP Rd,090971 63456
Monte Carlo,Clothing store,"PIPERPATI ROAD, in front of JAISWAL DHARAMSHALA",079039 21317
Haji Store,Saree Shop,"Talat Bhawan, 22, PP Rd",091425 44570
MOTA BHAI SAREE WALA,Saree Shop,NEAR DURGA MANDIR CHAUSA CHAUSA,082523 30477
Shri Vastram Vastralay,Saree Shop,Station Rd,076340 76842
Rastogi Dresses,Men's clothing store,By Pass Road,099845 46456
Buxar Reshine House,Clothing store,Natwar,093341 78291
D K GARMENTS,Clothing store,"101, near School",086515 38227
Crocodile Shop,Men's clothing store,Amla Toli Main Road,078700 04354
VIJAY SAREE BHANDAR,Clothing store,PP Rd,093346 25715
Ghunghat Saree,Saree Shop,17 And Puranachowk,076782 29673
SRI BALA JI DRESS,Clothing store,Natwar,062019 90822
Sanjay Kumar Gupta,Men's clothing store,PP Rd,095049 31260
Raj Laxmi Saree Ghar,Women's clothing store,Thana Rd,079090 64546
Sojal Verma Shop,Clothing store,Mohanai Road,076440 80778
Jyoti Machine Sadi Center,Women's clothing store,"Jyoti Bhawan, 12, Golambar - Jaso Rd",079799 27809
Mahadev Vastralay,Clothing store,"Dhurup Bhwan, 12, Arrah - Buxar Rd, near Maa Ambey Electric",093862 16649
Chintoo Fashion Point,Clothing store,"Shop Number 13, Munib Chowck",091020 89131
Roshan Sinha,Clothing store,"Shop No 01, near Collage Gate",062044 89258
Kohinoor Dresses,Clothing store,"101, grahta Khurd, Buxar Ara Road",062005 98564
Shubham Fashion Mall,Clothing store,Station Rd,098015 79448
Madhu Cloth Shop,Men's clothing store,"01, road",095760 08113
Unik Bag,Sportswear store,"Arun Bhawan, 104, Arrah - Buxar Rd",070041 55764
kailash enterprises,Wholesaler household appliances,Buxar Bharauli Rd,078703 70485
Usha Kitchen Centre & Bartan Dukan,General store,"PP Rd, near Union Bank",087897 90317
a,Appliance store,opp. Pariwar Resturant,099555 59545
Amit Crockery House & BARTAN STORE,Home goods store,Buxar - Itarhi Rd,079799 52090
Maa Tara Wholesale Centre,Wholesaler,"jail pain Road, beside Buniyadi school",080762 25466
Kunwar Jyoti Gas Agency,Gas Agency,"HX99+V9C, Buxar - Chausa - Sasaram Rd",06183 225 835
Shyam Pustak Stationery,Book store,SH 13,082523 38095
Mishra stationary Buxar,Store,"Itarhi road, Mahavir Nagar Near petrol pump, in front of sadhu baba Mandir",088628 10267
Bunty Book Centre,Book store,"Old Bus Stand,Near Red Cross Society",094723 02084
Pen N Pencil,Store,"Jail More, near Woodstock School",097160 84056
Rastogi Ji Sports Stationery,Stationery store,"Bangali tola, near SBI bank",080840 92393
Sanjay Khowa Bhandar,Book store,HXFC+5M6,078700 46618
Hindu Book Store,Book store,"Bajar, near Chhoti Masjid",070041 54989
Sanskriti Printing Press,Print shop,"Main Road Churamanpur, near Chandani Marriage Hall",093541 96784
Gyan Sagar Books & Stationary,Book store,"HXCF+RJR Nagar Parisad, Road",094317 81906
Student Corner,Book store,10,099555 33395
Book Town,Book store,Shop No 01 Td Collage Ground Rood,079034 88123
VESTIGE MAXX. DLCP,Office supply store,"Station Rd, in front of BUNIYADI SCHOOL",076541 65884
Nandlal Book Depo,Book store,"road, near M P high school",077830 13337
Shri Balaji Book & Stationery Point,Stationery store,HXFC+9MW,077393 51275
Maa Saraswati Stationery And Book Store,Book store,"Railway Station, near Tickets Counter",097177 84405
Nazir Arts,Rubber stamp store,"pp road, Pustakaalya road, near laziz pizza",093049 74245
Shahid Book Shop,Book store,12B,095544 31418
"Raju. Book, Binding",School,HXGG+WVG,094316 84760
Ajit Prasad Book Bhandar,Book store,"109 Chakki Laxman Dera Near Middle School Gayghat, Road",087099 82089
Chatra Pustak Bhandar,Book store,"Shop No 01, Ranpur Chsusa, near Chatra Pustak Bhandar",062012 24633
Shree Cyber Cafe,Book store,"15, LBT College Rd",079923 75405
Dilip Keshari Books & Stationery Shop,Book store,Unnamed Road,088585 42177
Om Books And Stationery,Book store,"Ahirouli, Patna - Buxar Hwy",070043 18198
P K Enterprise,Book store,Sanskar Choching,079922 56968
Lucky General Shop,Book store,"Lucky General Store, Julfajal Masjid Road",062013 32961
Genius Public School,Stationery store,Patna - Buxar Hwy,099310 38906
"Thyrocare Diagnostic Lab | Blood Test Centre - BUXAR, BIHAR",Diagnostic center,"MAIN ROAD, near MAHAVIR STHAN",099902 39271
Dr Lal PathLabs - Patient Service Centre,Diagnostic center,"Ground Floor, Jyoti Prakash Chowk, Station Rd, opposite Tanish Jewellers",080 6909 7944
PRAKASH PATHO LAB & AULTRASOUND CENTRE,Medical laboratory,"ITI pain rod, Shwet nagar Buxar, near buniyadi school, frot of jivika office",085217 08444
Redcliffe Labs - Collection Center,Diagnostic center,"Ground Floor, Nagar Parishad Road, near Makhan Bhog Sweets",079 6922 8404
SOUMYA ULTRASOUND & DIAGNOSTIC CENTER,Medical diagnostic imaging center,"Bypass Rd, near Shanichara Baba",094310 56494
Dr Lal PathLabs - Patient Service Centre,Diagnostic center,"4/5, Siddhnath Ghat Mathiya Rd, near Sub Jail",080 6256 5117
Lupin Diagnostics | Pathology Lab & Full Body Checkup in Buxar,Diagnostic center,"Nayan Medical Hall, Veer Kunwar Sigh Colony, ITI Field Road, Buxsar, Maharshi Vishwamitra Mahavidyalya",091555 59520
Jai Bharat Digital X Ray,Diagnostic center,Mathiya Rd,070504 00050
"Agilus Diagnostics - Itarhi Road, Buxar",Diagnostic center,Buxar - Itarhi Rd,062006 46286
Pathkind labs buxar,Diagnostic center,"Ward No 13, PP Road, Jahaj Ghat, near Alka Cenema Hall",087090 76351
"Thyrocare Diagnostic Lab | Blood Test Centre - Nai Bazar, Buxar",Diagnostic center,"Aluminium Factory Camps, opp. BDO Block Office",094310 84223
Bihar Digital X-Ray & OPG Centre,X-ray lab,"HXHJ+Q43, Buxar Hospital Rd",094302 19494
Life Line Diagnostic Center,Pathologist,1st floor neha nursing home,094312 35353
Dr Lal PathLabs – Patient Service Centre,Diagnostic center,infront of vishal mega mart,097089 68942
Health Care Pathology,Diagnostic center,"Jyoti Prakash Chowk, beside Telephone Exchange",099396 61624
Gangotri Labs,Pathologist,"Chitra Pushtak Bhandar, Main Road, near Auto Stand, near Nahar",073240 15063
IMC Ayush Herbal Center,Medical Center,"road, near Aurobindo ultrasound",079798 61334
Mohini Women's Care Clinic,Gynecologist,"Tez singh motor driving school ke paas, Bazar Samiti Rd",062029 52004
Apollo Diagnostics,Diagnostic center,"Satya Dev Ganj, Main Road, opp. Satya Dev Mill",096061 12399
Redcliffe Labs - Collection Center,Medical laboratory,"Ground Floor, Nagar Parishad Road, near Makhan Bhog Sweets",079 6922 8404
Lupin Diagnostics | Pathology Lab & Full Body Checkup in Buxar,Medical laboratory,"Nayan Medical Hall, Veer Kunwar Sigh Colony, ITI Field Road, Buxsar, Maharshi Vishwamitra Mahavidyalya",091555 59520
Unique mixing lab buxar,Photography studio,Nalband Toli,087899 07090
JYOTI STUDIO,Photography studio,Amla Toli Main Road,092344 50662
Dr Lal PathLabs - Patient Service Centre,Diagnostic center,"Ground Floor, Life Mall, Station Road",080 6256 4473
Balaji Dresses-Best School Uniform Shop in Aurangabad ! Best Readymade Garment Shop in Aurangabad,Clothing store,MG Rd,06186 357 267
Blackberrys,Clothing store,"Block More, Grand Trunk Rd, near Reliance Trend",096190 86023
Planet Fashion Aurangabad bihar pin code-824101,Store,"J. K. HOTEL, MG Rd",06186 359 913
Trishna Multi Store,Clothing store,Q93G+5GR,093042 70721
Manyavar,Men's clothing store,"Ground & 1st Floor, Old GT Rd, near Reliance Trends",080 3700 2509
FASHION HUB,Men's clothing store,"Q957+XHF, Old GT Rd",091133 84600
Fashion Emporium,Clothing store,Yodha Marg,085442 41822
City Fashion,Women's clothing store,"Q94H+F87, Nawadih Rd",097717 47581
"Balajee garments. Old gt road Aurangabad, Bihar",Clothing store,"Jamaican masjid, Old GT Rd, near Balajee electronic",084099 42141
YES SIR DRESSES,Clothing store,"1st FLOOR, Nagar parishad MARKET, near Sadar hospital gate",087976 37772
CPR FASHION MEN'S WEAR,Clothing store,"Devi Mandir, near Devi Mandir",078590 07877
Ahilya Fashion,Clothing store,"Q92C+M8J, MG Rd",070046 09828
K.N. MINI MALL,Clothing store,"P9XG+888, Pathan Toli Rd",094712 83832
Aanchal Vastralay wholesale cloth showroom,Clothing store,"Bengali market, near jama masjid",094300 58314
SIYARAM'S SHOP,Clothing store,"Q929+8VQ, M.G, Aurangabad-Rafiganj Rd",022 3040 0500
The Raymond shop,Clothing store,"Old GT Rd, near Jama Masjid",080 4493 8951
Jockey Exclusive Store,Clothing store,"Ward No 11, MG Road, Ramesh Chowk, behind Laxmi Narayan Mandir, near Hotel JK",096935 46453
Lee Exclusive Showroom,Clothing store,"Maharajganj Rd, beside Allahabad Bank",077392 33545
new collection,Clothing store,"chhoti masji Misha khan masjid, Old GT Rd",075418 82829
Ganga Jamuna & School Dress Wala,Clothing store,Old GT Rd,087891 68418
"Dream Girl Mini Mall, Aurangabad Bihar",Clothing store,"Andar Bazar Chudi Gali, near Jama Masjid",097984 31684
Metro Garments,Clothing store,"Kaushalya Complex, Yamunanagar Rd, near Durga Mandir",078080 22807
Fashion Bhumi,Clothing store,"P9XJ+65X, Dharamshala Rd",090067 32987
Lawman Pg3 Killer Store,Clothing store,Q92G+WF6,088099 85779
Chanda Mama Garments,Women's clothing store,"Old GT Rd, beside होटल डायमंड",094304 04485
Liberty Exclusive Showroom,Shoe store,"Navjodic Sadan, Kunda House, Daruka Centre, Maharajganj Rd",082714 10256
Firstcry.com Store Aurangabad Bihar,Baby store,"Old GT Rd, beside Reliance Trends, opposite Mawar Complex",062078 41350
Sansar Tailors,Tailor,Old GT Rd,099348 28038
Desi boy's exclusive men's shop,Clothing store,"P9RJ+J99, Yamunanagar Rd",079889 34059
Pari Garments,Men's clothing store,Old GT Rd,082102 69387
zam zam garments,Store,"kaushalya complex, near sona hotel dharmsala road",082104 07971
WaFa fashion,Clothing store,near Noushad general store,095084 90553
Mahi Garments,Clothing store,"P9XG+HHG, Pathan Toli Rd",062001 46746
Ritika Readymade Garments,Clothing store,"Karma Rd, behind roasi mart",087804 07007
Pink Wings,Women's clothing store,"Naga bigha Naga bigha road MG Road, Naga Bigha Road, opp. Dalmia Bazar",086609 76693
Prakash vastralaya,Clothing store,Patna - Aurangabad Rd,099391 23675
Spykar,Clothing store,"Old GT Rd, near Reliance Trends",080026 52400
Pahnawa Fashion Hub,Clothing store,"Pahnawa Fashion Hub, Kara Bazar Rd",072505 50182
Maa Durga vastralaya Rama bandh bus stand Aurangabad Bihar,Clothing store,bus stand,082928 63138
Bata Shoe Store,Clothing store,"Vijay Complex Maharajganj Road, Shubham Rd, near Hotel",093343 50164
Rajdhani Cycle Shop,Bicycle wholesaler,Old GT Rd,093047 43946
R.S CUT PIECE CENTRE,Clothing store,Pathan Toli Rd,098308 84855
Arohi Men's Wear,Men's clothing store,"Ward No 10, Obra - Rafiganj Rd",077629 39034
Chandan Fashion Mart,Clothing store,"QGXQ+CHC, Aurangabad-Rafiganj Rd, near kanchnpur, more",070042 59669
Masoom Group's,Clothing store,"Shop No 10, Jagpati Market, Old GT Rd, near Sadar Hospital",094319 78016
Hr Collection,Clothing store,HR Collection Madarsa Market,092635 19148
uttam vastralaya,Clothing store,Goh dist aurangabad,088028 31899
Lee,Clothing store,"Q929+47P Arib Enterprises, MG Rd",099555 48600
Sumit vastralaya and Redemade shop,Clothing store,near at Durga mandir,075620 61711
Shiv Garments,Clothing store,"Main Market, NH139, near Mata Mandir",097737 43422
FABULOUS साड़ी स्टोर,Clothing store,"P9RJ+GWV, Yamunanagar Rd",080832 60333
Lady Beauty innerwear,Underwear store,"P9XH+V5P, near Dr.nehal clinic",070048 46409
Vishal Garments,Clothing store,V9RF+24J,090317 62297
Roma Saree Centre,Clothing store,Rajpur,076540 53281
Rustam Dresses,Men's clothing store,"Shop no 07, Jagapati Market, near Sadar Hospital",074850 01283
Girl's fashion,Clothing store,"Q929+26R New Area, MG Rd, opp. SUN SHINE PETROL PUMP",096505 07148
Amrit Collection,Baby store,"Masjid Ke Samane, Ramesh Chowk",077660 83838
Nagain Vastralay,Clothing store,Market Under Market,099344 33991
S.Collection,Men's clothing store,"04, Jama Masjid, Old Madarsa Market, Street No. 1",079790 27507
StylePlay,Clothing store,"Old GT Rd, near Gate School",095342 08335
NITYA GARMENTS,Clothing store,New area nabinagar,094300 41683
Kurta House,Clothing store,"Shop no 2, Adhiwakta Sangh Parishar, Near, Ramesh Chowk, opposite Mahakal Temple",089697 75397
Surya Garments,Clothing store,"Farm Par, Madhuram Hotel, near Nh2",096208 34726
Rocky Garments,Clothing store,"New Shop, Main Road",099556 99364
Agrawal Stores,Furniture store,MG Rd,079797 21400
RC GARMENTS,Clothing store,"Q92H+H2J, Nawadih Road, Kali Club, Aurangabad",096084 11933
Army & civil store,Uniform store,"Near police line SHANTI KUNJ Apartment, Karma Rd",070048 40373
Kolkata Jeans Corner | Best Jeans Collection In Obra Aurangabad Bihar | Best Jeans Shop In Obra Bihar,Clothing store,"Main Road, near Kali Mandir",083405 95986
New Grand shoe,Shoe store,"Old GT Rd, near Jama masjid",095048 87164
Maa Mundeshwari Sasta khadi Bhandar,Clothing store,"shop no.13, sbi bank market, Ramesh chowk.parisad bajar Ramesh chowk, Bajar, near SBI bank market",087095 55094
Sarojkumar kapda Dukan+ श्रृंगार स्टोर,Housing complex,R9F6+89F,078390 66790
ADARSH FASHION HUB,Clothing store,"Badem, Japla-Barun Rd",083401 46001
Kamla fashion store,Garment Exporter,"Maheshwari complex, Nabinagar road",062065 76376
Fabrico Laundry & Dry Clean,Dry cleaner,"Q967+2CQ Infront of SBI, Near",091429 45047
New Shoe point,Shoe store,Old GT Rd,095762 69192
NEW RAVEENA SHOE GODAM,Shoe store,P9X9+42R,095087 83394
Modern shoe,Shoe store,Old GT Rd,078706 09493
Pooja Cloth And Dresses,Clothing store,"Shop No. 7-8, Noor Complex, Railway Station Rd, Near MTDC Resorts",094233 96537
National medical store,Pharmacy,"Q92G+6WH, Old GT Rd",082526 66205
Popular Medical Hall,Pharmacy,Q93H+33M,080843 71006
Life Line Medical,Pharmacy,"Gate No -2, Sadar Hospital, Madarsa Road, near Gupta Hall",072775 70757
Galaxy medical,Medical supply store,Old GT Rd,090975 03446
PIHU MEDICAL,Medical supply store,"INFRONT OF AMIT HOTEL, MG Rd, near HDFC BANK ATM",087090 93052
विकास मेडिकल हॉल,Pharmacy,Q94H+32F,075468 44336
"""MEDICALWALA""",Pharmacy,"Ward No. 7, Sanskar Colony, Solanki Bhawan, Gali No. 3, Karma Rd, near WHO Office",062877 13300
VAISHALI PHARMACEUTICAL,Pharmacy,"OLD GT ROAD, Ramesh Chowk, near SADAR HOSPITAL",070043 05057
Hind Pharma,Pharmacy,"Sabji Mandi, opposite Indian Bank, near Nagmatiya Petrol Pump",088047 25968
Chandra Brother's Medical Agency,Medical supply store,"Q929+47P, Erka House, MG Rd, opp. Indian Oil Petrol Pump",085409 86311
Shifa Medical Hall,Pharmacy,"Q92H+543, Old GT Rd",095080 11552
ARYAN MEDICAL HALL,Pharmacy,"Durga Chowk, Satyendra Nagar Rd",090609 69514
New city medical hall,Store,"Karma Rd, near forest Department",074886 63847
City pharma,Pharmacy,"Nawadih Rd, near anjar ali hotel",091234 31019
Prakash medical hall,Pharmacy,"more, near sinha college",089692 90052
SURGICAL AND MEDICAL HOUSE,Pharmacy,Madarssa Rd,093085 18897
PRADHAN MANTRI JAN AUSHADHI KENDRA,Pharmacy,"Naga Bigha Road, near BIKE DOST",070042 32178
Aarya medical agency,Pharmacy,Q928+6J4,090974 62255
Continental Medical Agency,Medical supply store,Priyawarat path,094312 23769
Waris Medical Hall,Pharmacy,"Q94H+W62, Nawadih Rd",082719 52991
Prasidh medical agency,Pharmacy,Surya mandir road,084349 03738
Shivam Medical Agency,Pharmacy,Q929+9JF,091621 04913
Ujjwal Medical,Pharmacy,"Yamunanagar Yamunanagar, near Nh2",091553 03810
VIKASH MEDICAL STORE,Pharmacy,"P9RP+HP2, Main Road Pipardih",088091 64180
Shakeel Medical & General Store,Pharmacy,City Chowk Rd,098601 03528
Pradhan Mantri Jan Aushadhi Kendra,Pharmacy,"Gayatri Nagar, Mission School Road, opp. Gayatri Mandir",099341 02803
NEW Harsh Medical 24x7 BRANCH 7,Pharmacy,Kranti Chowk Police Station Rd,084217 52350
Netmeds Pharmacy,Pharmacy,"SMART Point, Police Line, opp. Maharana Pratap Nagar",093245 02894
Jaya medical Hall,Pharmacy,P9W6+4HV,099398 67231
Royal Surgical,Pharmacy,"Old GT Rd, near Gupta Mini Theater",095720 75812
Megha Medical Hall,Pharmacy,"Baratpur, Aurangabad, NH-2, Grand Trunk Road, Aurangabad",087578 78030
Vaishnavi pharma,Pharmacy,"L Singh Tower, Old GT Road, Near, Yamunanagar Rd",091226 66476
Appolo Medical,Pharmacy,"Gate No 8, Deo Mandi",084344 78092
Balaji Medical Stores,Pharmacy,"Shop No.1,Plot No.4,4-18-34, 203, Jawahar Colony Rd",080874 81025
Agrawal Medical Hall,Pharmacy,Q92C+RWQ,099349 41413
Shyam Kunj Healthcare & Diagnostics Centre | Clinic near me | Bela | Bihar,Medical clinic,"Street No.5, Srivastava Ji Residence, 03/359, Umesh Path",080 4482 7208
न्यू भारत मेडिकल हॉल,Pharmacy,"Q979+H4G, Karma Rd",099349 05690
Dr. Ram kalyan singh,Medical clinic,"near, Anugrah nagar",087099 48775
न्यू पॉपुलर मेडिकल हॉल,Pharmacy,"Q92G+6WP, Old GT Rd",095723 49192
USHA VACCINE,Medical Center,P9XC+HXW New area,093342 24983
न्यू माँ मेडिकल हॉल,Pharmacy,"Q92G+7W6, Old GT Rd",079090 28523
लाईफ मेडिकल हॉल,Pharmacy,"P9WF+HM9, Tikri Rd",074886 46423
Samarth Medicos,Wholesale drugstore,"Hotel US Residency, MG Rd, near V Mart",091701 23345
Gayatri Medical And General Stores,Pharmacy,"Devpriya, 4, Bhanudas Sabhahgrah Railway Station Rd",098906 78967
Shambhavi Furnishers,Furniture store,Old GT Rd,076678 16461
Royal furnishing,Curtain store,"Regnable Tower, Shivaji Nagar Rd, near janki hotel",094222 10787
Nikki ply house,Home goods store,behind Nagar thana,098520 69302
CURTAIN WORLD,Furniture store,"18 EAST S B, Saeeda Colony Rd",0240 232 0420
Croma - Old GT Road - Aurangabad,Electronics store,"Ground Floor, Old GT Rd",093118 41437
Maa Electronics,Electronics store,"Old GT Rd, near Jama Masjid",090972 24305
Shri Balaji Enterprises,Electronics store,Karma Rd,098313 63298
Singhal Enterprises,Electronics store,"Q929+XG7, Naga Bigha Road",093347 06796
Bharat Shoppe,Electronics store,Old GT Rd,099735 30199
"Mobile Solution (Mobile Phone , Vivo mobile exclusive & all brand mobile shop",Electronics store,"Shop No 56, Parishad Bazar Building, Old GT Rd",088822 25804
J.M.D ENTERPRISES,Electronics store,"Q94F+6FX, Club Rd",091999 99450
TIME CENTER,Electronics store,"Opt.Hotel, Naaz Complex, Old GT Rd, near Jama Masjid",089692 61011
HP World - Aurangabad,Computer store,"Shop No 1, MG Rd",086575 88802
R BAZAAR-Furniture and Electronics Store Aurangabad,Furniture store,"Ward No-1, Jasoiya More, Grand Trunk Rd",093349 15282
Sri Laxmi Mobile -JioMart Digital Partner,Electronics store,37,095080 97100
J P Electricals,Electrical supply store,"Daltonganj, Road, opposite MRF Tyres Showroom",099390 17071
YASH COMPUTER,Computer store,"MG ROAD , ANNAPURNA HOTEL, APOJIT AXIS BANK",090971 98198
Satyam Computers -Best Dell /Lenovo/HP/Asus Laptop Dealer & Accessories Dealer in Aurangabad Bihar,Computer store,"Kumar Badri Narayan Market, Ramesh Chowk",099556 55519
Samsung Experience Store - Mobile Terminal - MG Road,Electronics store,"Ground Floor, MG Rd, near Kunda House",090973 88829
"Dell Exclusive Store - Aurangabad, Bihar",Computer store,"Shop No-02, Mahatma Gandhi Market, Old GT Rd, opp. Sadar Hospital",089299 37978
Havell's Showroom,Electronics store,P9W6+F8G,099732 04055
G.L. ENTERPRISES,Electronics store,Ward Number 25,077798 45956
Mistry ji (Appliances service center),Air conditioning repair service,"bus stand, near ramabandh",070425 06577
Baba Electric Work Shop,Electronics repair shop,Madarsa Road,093047 94522
Ayush cctv and security system,Electronics store,Q939+H5R,095084 58339
LG Best Shop - SRI SATYA SAI ENTERPRISES,Electronics Company,"LG SHOPPE NEAR GT ROAD , BY-PASS CHOWK M, Grand Trunk Rd",094716 94309
Hi-Tech Computer,Computer store,"Hi-Tech Computer, Old GT Rd, near Post Office",099318 53465
Sharma Computer & Typing Institute,Institute of technology,"Q96F+CV2, Nawadih Bigha Rd",072504 41587
National Electric,Electrical supply store,"National Electric, Old Madarsa Market",099342 64344
FREEZE WORLD,Air conditioning store,"HALL AURANGABAD, MADARSHA ROAD, near Gupta Mini Theater",090972 71510
Balaji Electronics,Electronics store,"Sarafa, Road, City Chowk Rd, opp. Karishma Cloth, near Khadi Bhandar",094216 62167
MAA TARINI ENTERPRISES,Electronics store,Surya Mandir Road,062018 64966
Samsung Experience Store - Shri Satya Sai Telecom - Ramesh Chowk,Electronics store,"Shop No 66, Parishad Bazar, Ramesh Chowk, opposite Hotel Geetika",079797 05517
Mahadeva Electricals,Electrical supply store,"Opposite Of Shiv Mandir , Old Bijli Office ,Karma Road",099059 86353
Godrej Inspire Hub,Electronics store,"Ground Floor, Old GT Rd, near Jama Masjid",094318 42605
PRATIK DIGITAL WORLD,Electronics store,"UNDERGROUND FLOOR AND 1ST FLOOR RAJA BANSILAL MARKET, Railway Station Rd, opp. GINGER HOTEL, beside TAPADIYA DIAGNOSTIC CENTER",099230 18287
AToZ solutions point,Camera store,"shiv mandir, Nawadih Bigha Rd",082989 40402
Prince Watch -JioMart Digital,Electronics store,"Gram Purani Dharmshala, 4, Nabinagar Rd",095729 52637
Ujjawal Enterprises,Camera store,Kshatriya Nagar,095049 10233
Sri Ganesh Digital Studio,Photo shop,Madarssa Rd,094312 02740
MAA DURGA COMPUTER,Computer store,"Q929+556, MG Rd",099349 35833
Shiv Shakti Chulha Ghar,Kitchen supply store,"Ward no 24, Dharamshala Rd, near durga mandir",074883 62231
Computer Concept,Computer accessories store,"Radha Complex, MG Rd",094318 30564
Ganpati Stylish Modular Kitchen,Kitchen supply store,Raghunandan Colony Rd,082942 88439
Lapcare,Computer accessories store,"Shop No 33, 1st Floor, Madarsa Market, near Jama Masjid",098528 26686
Livguard - Maa Maihar Battery And Electronics,Battery Store,"Ground Floor, MG Rd",074808 37007
Maa Durga Electric,Electronics store,"Dharamshala, Dharamshala Rd",072775 12652
PINTU MOBILE,Mobile phone repair shop,"P9VH FCR, SHAHPUR AKHADA",062057 38401
PARASNATH ENTERPRISES,Computer support and services,"JAIN MANDIR ROAD, near Ramesh Chowk",077819 03591
Divyanah Digital Studio,Computer store,"Opposed Mahakal Mandir, Jail Road",093080 43854
Komaki Bike Aurangabad,Electronics store,Q945+PH8,087096 79272
Food Corner,Computer store,"Yamunanagar Rd, near Payal Jwellers",062013 19036
Bharat Electricals,Electronics store,Munshi Mohalla Nawada Road 7 Star cable network,099589 73007
Krish. Enterprises,Electronics store,"Q927+5RG, Unnamed Road",098010 88995
Rambriksh Kumar,Computer store,near Karma Bhagwan,091620 74726
Apna Internet Cafe & Stationery,Internet cafe,"RAM RAJYA NAGAR, ROAD, near JCV KIDS SCHOOL",070117 90725
Bajaj Enterprises,Electrical & Electronics Stores,New Gulmandi Rd,098819 12688
Abhishek Enterprises & Digital,GPS supplier,"Court Compound, C/o Abhishek Photo State, Jail Road, near Collectorate",094730 13242
Kalami Computers & Mobiles,Computer store,Q92G+R94,085075 14676
Vijay Sales - KHARGHAR PATEL HERITAGE,Electronics store,"Shop No 28 to 17, Patel Heritage, Plot No 15",022 6946 1100
ALLIANCE ELECTRICAL & ELECTRONICS,Electronics store,"P9V9+W2P, Tikri Rd",095257 46264
Shiv Shakti Computer Press,Computer store,Rajpur,092796 54109
HUNNY ELECTRIC AND ELECTRONIC,Electronics store,"BRAMHARSHI CKOWK AHARI, Hanuman Temple Rd",082354 32602
Aradhya Electric,Electronics store,Shahpur Akhara Dharamshala Road,093860 08626
Rajesh Kumar -JioMart Digital Partner,Electronics store,"Ward No 26, 1, Yamunanagar Rd, near Akhara",070046 02249
Aditya Cyber Cafe,Electronics store,Q97F+F7Q,085418 86541
VIKRANT ENTERPRISES & ELECTRONICS,Electronics store,"P9XH+PPC, Old GT Rd",082717 83333
CITY MART.,Grocery store,P9RJ+FGV,091223 63939
Aradhya Mart,Supermarket,"P9XC+Q55, Yodha Marg",082716 77409
Grihini Anand Mart,Indian grocery store,Club Rd,099349 40061
Six to ten store,Indian grocery store,Bajrang dal office,091109 09042
Kapil Kirana Store,Supermarket,"Q979+X4H, Karma Rd",082928 62000
Jai Mata Di Store,Grocery store,"P9WH+QW3, Dharamshala Rd",097082 66148
Lucky General And Grocery Store,Grocery store,"006-0147, Surya Mandir Road, near Kali Badi Mandir",094306 10267
BANARSI KIRANA STORE & DRY FRUIT BHANDAR,Indian grocery store,"Old GT Rd, near hotel Royal & sabji mandi",079033 90147
Hari Tower,Grocery store,"P9WP+5WW, east of Adari river, near maa mangla automobile",094702 73448
up to date teilors new market nawadih road aurabgabad,Supermarket,"Q92H+P33, Pachrukhia-Phesar-Aurangabad Rd",099390 33161
Bol Bam kirana and general store,Indian grocery store,"ward no 29, Dr, Old GT Rd",070044 18133
Balaji dipartmental store,Grocery delivery service,road,077177 82832
Vishnu Enterprises,Grocery store,"Vishnu Enterprises, Nh2, near Faram",098524 56725
Bharat Jeneral Store,General store,near Pokhra,095047 26089
Dehati Kirana And General Store,Grocery store,"bus stand, Aurangabad",097989 38971
Suvidha A Departmental Store,Shopping mall,"Gaurav Market, Maharajganj- Aurangabad Rd Mahatma Gandhi Nagar, MG Rd",073196 99422
Sarthak Grocery General and confectionery,Indian grocery store,"Grand Trunk Rd, near VAISHNAVI HEIGHT HOTEL",098012 59814
AR. AGENCY,Grocery store,"Radha Rani Puja Bhandar, Yamunanagar Rd, near VAV School",070617 25701
Alok Chaudhary Fish Center,Grocery store,"Q92M MHM111, Old GT Rd",078578 40957
Mehta Kirana Store,Grocery store,"Road, near Shiv Mandir",082289 85344
Suvidha,Supermarket,"Gaurav Market,near Pahnwa MG Road, Ramesh Chowk",082990 70794
MAGADH KIRANA STORE,Grocery store,Nawadih Rd,090974 37847
Patna Radium,Grocery store,"court compound, Old GT Rd",088773 83833
New Glass Centre,Grocery store,"New Glass Centre, G T Road, near Jama Masjid",082108 60836
Sohrai Saw Jadi-buti and Kirana Dukaan,Indian grocery store,"road, near Ram Janki thakurbadi",099349 17604
Gupta super Mart,Store,"P9WQ+33Q, Old GT Rd",090315 08620
Ak General Store,Wholesaler,"Andar Bazar, near Masjid",099051 94051
NIKHIL Kr SHARMA BDM,Supermarket,"Vill bhetaniyan po indrar ps pauthoo, ds",074796 99887
Grocery,Grocery store,"Q93H+233, Nawadih Rd",090974 37847
Kirana Store,General store,All In One General Store,077619 34264
Shri Ram super mart,Grocery store,"P9WR+H2P, Aurangabad-Rafiganj Rd",095462 97562
Patanjali Arogya Kendra,Indian grocery store,"Ward No 7, Thana Rd, near Surya Mandir",082715 63317
SMART CHOICE NATIONAL MARKET,Grocery store,"Q92G+9VX, Old GT Rd",087897 26845
Gauri Shankar,Grocery store,33,088778 31660
Public Demand,Grocery store,Q93H+H3G,072774 20980
Grocery And Puja Shop,Grocery store,"Budha Mahadev Mandir, Aaurangabad, Aurangabad, NH-2, Bagaha Dhala Road",089697 18825
Siddhi vinayak super Mega Mart,Indian grocery store,"Mg road, near D A V SCHOOL",062012 32093
Prabhat Chana Shop,Grocery store,"Ramesh Chowk, near Gail",099314 73038
Vivek General Store,Grocery store,Gaga AP Colony,099734 88456
Omprakash Vegetable Shop,Grocery store,Yadav Collage Road,090150 93834
Pradip aalu dhala,Grocery store,"shop 78, new, main road, near Post Office Road",090974 77077
Ranvijay Saw,Grocery store,"New Shop, Main Road, near Auragabad",075639 83380
Priyanka Ladies Mart,Grocery store,"Q979+JMX, करमा रोड़ बी इन्दिओ स्कूल के बगल में",082108 18117
Satish General Store,Grocery store,near Sinha College,091172 79674
Shreeja,Grocery store,"Anjana Niwas Diwakar Colony, Gali No- 1, Shri Krishna Nagar, Ahri Rd",087894 35727
अभिषेक किराना स्टोर,Grocery store,"Q93F+473, MG Rd",094316 78455
Paradise Furniture Mart,Furniture store,"Q945+QWQ, Satyendra Nagar Rd",06186 466 259
ZEBA ALMIRA & FURNITURE,Furniture store,"Dharamsala More, Old GT Rd, near Choti Masjid SBI Bank",072578 19956
Nandan Almirah & Furniture,Furniture store,Karma Rd,090972 55659
Damro furniture,Store,MG Rd,1800 425 1122
Gadda and Rajai mahal,Furniture store,"Q92C+JGM, MG Rd",097716 44534
Godrej Interio - Neha Enterprises,Furniture store,Q957+GVR,099349 09812
"Shambu Furniture Works (Green,Silicon Ply)",Lumber store,near Gandhi Maidan,096611 96144
Shiv Furniture,Furniture store,"E-15,/13,MIDC Industrial Area Near Prozone Mall, Chilkalthana",099238 07770
Nilkamal Sleep - Gaya Road,Mattress store,"Ground Floor, Gaya Road, near Over Bridge",070041 30471
"Pepperfry Home Furniture, Mattress & Decor Shop in Town Centre, Chh. Sambhaji Nagar",Furniture store,"Shop 1/2, Plot No - 76, C1/2, N1 Rd, behind Inox Tapadiya Cinema",080 3750 0412
Sharma furniture work shop,Furniture wholesaler,"Station Rd, near railway ticket counter",079799 35706
Saraswati Enterprises (Ply house),Plywood supplier,"Karma mode, Gol Ghar",072558 55553
Maa kali furniture shop,Furniture maker,"Q99P+Q7Q, Pachrukhia-Phesar-Aurangabad Rd",087896 78063
Balajee furniture,Furniture accessories,Maharajganj amba road,099555 21372
Aadvika General Store,General store,"W.No-33, 123, Gandhi Nagar Rd",088092 32218
Surya General Store,General store,"Sai Mandir, Club Rd, near Sai Mandir",096258 19158
Nehal General Store,Store,Ali nagar,090311 75254
Quality corner,General store,"Q92C+G7W, MG Rd",091223 99248
MAA SERVESWARI KIRANA AND GALLA BHANDAR,General store,"Prajapati Singh Path, Yodha Marg",091625 28469
Man Pasand Kirana & General Stores,General store,"WARD NO -33,GANDHI NAGAR,NORTH COAL COLONY KE SAMNE",099310 76856
Ritik Thanda And General Store,General store,in front of Indian Bank,072776 60967
sudhir kirana store,General store,P9V9+7H7,099555 31231
PRAKASH INDIA GENERAL STORE,General store,near OM CHOWK,080843 91851
Shailendra Kumar,General store,East of Shiv Mandir,091222 06895
D K GENERAL STORE,Sweet shop,Chankap Bhawan,099731 05038
Paras Kirana General Store,General store,"Q979+923, Karma Rd",080838 60936
shiv Guru general stor,General store,"Old GT Rd, MG Rd",089870 33320
Niranjan Kumar,General store,"New Shop, Main Road, near Ramesh Chauk",077640 59519
Maa Saraswati General Store,General store,"Shahpur Shahpur, near Yadav College",062051 64105
Pari General Store,General store,"New Shop, MG Rd, near Aurangabad",089690 05452
Zamzam Multistore,General store,"House No 204 Islamtoli, near Moti sonar",074881 91729
Zila Top Lassi and Cold Drink Shop,General store,P9XH+X93,077395 50969
Mohan Saw,General store,"New, Shop6864 Main Road",077620 20566
Tanya Enterprises,General store,"Front Of Hotel Amit, MG Rd, near Dr Rajiv Kumar",079031 11621
Subodh Kumar Singh,General store,"Sinha College, near Hostel",085408 13912
Prem General Store,General store,"Deohara Deohara, Bharthauli, near Deohara",088665 26606
Raju General Store,General store,"10, Bazaar, near Vegetable Market",098526 98168
Bablu Genral Store,General store,139,089690 92682
AJIT GENERAL STORE,General store,Kutumba - Hariharganj Rd,062010 16945
Umashankar Jeneral Store,General store,near Pnb,082103 71986
Shree Ram General Store,Supermarket,Pax godam Pranpur,080837 15040
Raju Mill,General store,"Aurangabad Main Bazar Road, College Road, near Sinha College Sinha",097087 28125
Som Colddrink,General store,"New Shop, Main Rd",095343 41249
Rimjhim Sringar Store,General store,"Gaya Road, Road",096686 68373
Bihar Fresh dairy,General store,"Tikri Rd, opposite VAV Public School",087097 04797
RAJU PRASAD KIRANA DUKAN,General store,"Basdiha Kala, Road",091100 49268
Suraj kirana AVN general Store,General store,"gali no 6, home guards campus, Yamunanagar Rd",093417 20451
Aditya Kumar,General store,"Hariom Genral Store, Jay Prakash Nagar, Karma Rd",077838 70307
Chhotu Kirana Store,General store,"Airtel Tawar KARIYAWAN, KARIYAWAN, MAHUA Dham Road",097987 20943
Bismillah Crockery and Gifts. - Best crockery and Gift Store,Gift shop,andar bazar,080022 04916
Shree Balajee Metals (Bartan Dukan),Countertop store,MG Rd,079790 31504
Ohm bartan ghar,Countertop store,"P9XH+PPC, Old GT Rd",098010 34635
Shree Kitchen King,Countertop store,"Infront of sahitya sarovar, Old GT Rd",078702 76464
RO water purifier service,Store,"Kali Calb, Nawadih Rd",073200 02626
Ro service technician,Water Filter Supplier,Q95G+WVJ,089694 45698
Lalan Singh Gas Dukan,Gas shop,"Shop no 13, Gitika hotel, Badrinayan Market, Front of pani tanki, Ramesh Chowk",095087 95686
My Jio Store,Cell phone store,"New area, Mahesh Academy, MG Rd",090827 06765
(Quadri book House )(all islamic callection and all stationery collection),Stationery store,"more, Mohalla Pathan toli masjid, near Tikri Road",070700 59880
Star Book And Stationery Shop,Book store,"Basant complex and marriage hall, Tikri Rd",072960 76736
Gupta Book Depot,Stationery store,"Gupta Book Depot, Old GT Rd",070042 35990
Shyam pustak bhandar aurangabad bihar,Book store,"Club Rd, near shai mandir",093865 47686
Sahitya Sarover (A House Of Quality Books),Store,"Old GT Rd, Below Bank of Baroda ATM",094312 78995
Student's Corner,Book store,Q969+J3R,099342 64676
Bombay Stationers Pvt Ltd,Stationery store,"Ajanta Complex, 2/3, near Cannaught Garden",086686 43844
Sundaram Stationers & Printers,Stationery store,"Shop No 12, Kailash Arcade, C I D C O C I D C O",075889 77199
Balaji book store ☺️☺️,Children's Book Store,Old GT Rd,094302 10829
SHIKHA PRINTING PRESS,Print shop,"Q928+3X9, MG Rd, near bandhan bank",099738 24123
Chasska,Office supply store,"Gandhi Nagar, Aurangabad, Bihar 828101",079037 33154
Beby Super Mega Mart,Smart shop,Mission school road,099349 08932
Paramilitary canteen,Store,"Paramilitary canteen, MG Rd, opp. bata showroom, near D Opulence Salon & BKC resturent",088877 21539
Rohit Bangle Store,Cosmetics store,near Ramabandh Bus Stand,062612 70112
Ashvik cosmetic,Cosmetics store,"katharua, kshatriya nagar, Reliance smart point",083184 63387
DALMIA BAZAR AURNGABAD,Clothes market,"M G ROAD, near RAMLAKHAN SINGH COMPLEX, near BANK OF INDIA",062029 72931
Taj Stationery,Stationery store,"Q93H+W2J, Nawadih Rd",088252 15602
Happy Plywood,Woodworking supply store,NH139,079033 10960
Nikki ply house,Plywood supplier,behind Nagar thana,098520 69302
"Greenply Plywood (Shambhu Furniture Works) - Best Plywood Shop And Dealer In Shiv Ashathan, Aurangabad",Plywood supplier,"Shiv Ashathan, Thakurbari Road",093555 71297
MAA MANGLA TRADERS,Plywood supplier,"Gopal Bhavan, Old GT Rd, opp. Memorial College",091627 71373
"Greenply Plywood (Shree Vishnu Hardware) - Best Plywood Shop And Dealer In Khemka Complex, Aurangabad",Plywood supplier,"Dr Vijay Khemka Complex, MG Road New Area, near Shubham International Hotel",093550 75920
ADITYA PLYWOOD & HARDWARE,Plywood supplier,"P8QX+GH3, Bijauli More, M.G. Road, Aurangabad",095084 19036
HARI OM PLY,Plywood supplier,"Ward no 24, Dharamshala Rd, near Durga Mandir",090970 79796
RR Cake & Gift - Sai Event,Cake decorating equipment shop,"hotel Ratan International ke niche, MG road , bypass, chowk, opp. Panchdev Mandir",090063 79489
Bismillah Crockery and Gifts. - Best crockery and Gift Store,Home goods store,andar bazar,080022 04916
Khushi Carpet & Mattress Dealer,Carpet store,"Kaushalya Complex, Yamunanagar Rd, near Fit Youth Gym",085398 02266
Malamahal,Home goods store,"P9XH+WCF, Grand Trunk Rd",062062 21278
OM HARDWARE,Paint store,"Q979+R38, Karma Rd",099310 76632
Banarasi paints and hardware store,Paint store,"MG Rd, in front of panjub National Bank",084059 10894
Birla Opus Paint Gallery - Maa Laxmi Store,Paint store,"Old GT Rd, opp. Gate school",099319 44924
Maa Laxmi Stores/Birla Opus Paints,Paint store,"Infront Of Gate School Front Gate, Old GT Rd",086513 11000
Asian Paints EzyColour - Jai Prakash Stores,Paint store,beside HDFC Bank,098529 91700
Asian Paints EzyColour - Om Prakash Stores,Paint store,Old GT Rd,098019 45693
"Ekso event planner - Wedding planner, Birthday Decoration, Bridal Entry, Catering Services, Balloon Decoration.",Event management company,Club Rd,070049 74985
Maa vindhayavasini tiles and sanitary palace aurangabad,Tile store,"P9WJ+75Q, near Ramabandh bus stand",095723 10071
Sansar cake shop,Cake shop,"Turning of mala mahal, road, Old GT Rd",072073 11481
"Shristy Enterprises - Best Tiles Showroom | Cera exclusive showroom in Aurangabad, Bihar",Tile contractor,Byepass,092044 45471
Nitco Tiles - Maa Enterprises,Tile store,"Ganga Complex, MG Rd, nearby Amit Hotel",080 3790 8548
National Paints House,Paint store,"Ganj Mohalla, Nawadih Rd",072941 31933
Banarasi bearing Store,Paint store,"Q92G+FX5, Nawadih Rd, in front of Mahavir mandir",090970 54975
Expression Event and Wedding planner,Event management company,"Gol Ghar, Karma more",085418 75999
Adarsh Tent House Aurangabad,Tent House Supplier,"karma road, bijli office, in front of Shiv Temple",095047 18915
Jai maa grihani enterprises,Tile store,Q969+75C,098017 47747
Winni Cakes & More,Bakery and Cake Shop,"Tulsi Market, Maharajganj Road Bypass, near HP Petrol Pump",099344 77999
BALAJI MARBLE,Tile store,Q957+QVC,080020 09922
Trimurti Enterprises,Tile store,"By pass Chowk, MG Rd",094314 68818
Adityan - Traditional & Authentic,North Indian,MG Rd,080510 03510
S.BABA HARDWARE,Hardware store,"Karma Rd, near electricity office",099731 28149
Raja Engeneering Work Shop,Furniture store,"Jogiya More Jogiya, Bazaar, near domaveer Baba Mandir",093264 68167
Maa Durga Paints & Hardware,Paint store,"Garav Market, MG Rd, near Ramesh Chowk",088738 47463
JUGNU PAINTS STORE,Paint store,"Q93G+HQ4, Madarssa Rd",092343 88764
Maa Umgeshwari Car Shringar,Auto parts store,P9RW J2F Aurangabad Old Gt Road Gandhinagar,085409 88659
Asian Paints (Vaishnavi Enterprises),Paint store,"Gol Ghar, near Karna More",077819 03587
Home Decor,Furniture store,"Home Decor, Siddharth Arcade, Bhanudas Sabhahgrah Railway Station Rd",0788 823 8008
MAA BHADRAKALI ENTERPRISES,Paint store,near DAV Public School,087093 67478
Raj Sanitary And Paint House,Paint store,"98, औरंगाबाद - राजहरा - डाल्टेनगंज रोड",099314 31568
Fish Gallery & Pets shop,Aquarium shop,"Fish Gallery, Tikri Rd, near S.D hospital",070046 78127
Ritik Furniture,Furniture store,near Devi Mandir,099737 09612
Udit Sharma,Furniture store,"Siris Siris, near Devi Mandir",072770 64533
Baksha Ghar,Furniture store,"Old Post Office, 05",098527 48629
Bata Shoe Store,Shoe store,"Vijay Complex Maharajganj Road, Shubham Rd, near Hotel",093343 50164
Guru ji campus shoe store aurangabad,Shoe store,Gandhi Nagar Rd,074881 17977
Shoe Darbar,Shoe store,"Old GT Rd, near chandrlok studio",077398 41789
Panthera Shoes,Shoe store,Yamunanagar Rd,078080 22807
Sai Kripa footwear,Shoe store,"MG Rd, near V2 MART",085418 83501
PAWAN SHOE,Shoe store,Old GT Rd,093345 84672
New Shoe Bazar,Shoe store,"Tilak Peth, opp. Walkway Show Room",094206 05786
SHOE ZONE,Shoe store,"Q92G+FPP, Old GT Rd",089698 89782
Krishna Shoe,Shoe store,"Amba hariharganj, Road",079035 40622
Amit Shoe Store,Shoe store,"Riur Riur, near Hanuman Mandir",084099 46383
IRFAN FOOTWEAR,Shoe store,"P9XJ+H74, Old GT Rd",099315 23786
Anjani Shoes Store (Campus Point),Shoe store,"Karma Rd, opp. Electric Sub Station, near Shiv Mandir",099399 60142
Sudha Footwear,Dairy store,"Bijli office, Karma Rd, near bijli office",087890 22900
S.BABA HARDWARE,Paint store,"Karma Rd, near electricity office",099731 28149
Nerolac Centre - Anand Stores,Paint store,CITY INN,091137 54348
BANARASI HARDWARE PAINT AND SENITARY STORE,Hardware store,"near HP PETROL PUMP, opp. MAHESH ENGLISH ACEDEMY",090970 54975
Arun Hardware,Hardware store,Q988+6XW,099349 71466
Nerolac Centre - Kisan Hardware Store,Paint store,Road,090650 07780
baba traders,Paint store,"Opp. Murmura masjid, shah bazar road Chelipura",0240 236 9342
Asian Paints Colourideas - Rajrang,Paint store,"Meet Arcade, S No 1 & 2, New Hanuman Chowk",081081 91348
Vaishnavi Hardware & sanitary,Hardware store,"MG Rd, opposite V-Mart - Aurangabad",099340 53111
Captan Colour Home,Paint store,"Captain Complex, Raja Bazar Rd",098225 43553
"Somany Tiles Studio, Maa Vaishnav Marbles",Home goods store,P9X7+FPV,098010 35002
Kajaria Showroom,Home goods store,"Jasoiya Growth Center, Patna - Aurangabad Rd",093346 96255
Simpolo tiles (Italian tile gallery),Showroom,"Yari, opposite Ashok leyland, NH-2, Grand Trunk Rd",098187 93857
The Rajasthan Marble Tiles And Granite,Marble supplier,"Rajhara - Daltonganj Road, opposite Aditya Vision, near Bypass Chowk",082108 31751
"Infra.Market Tiles, Modular Kitchen & Sanitaryware Store - Aurangabad",Tile store,"khadi Road, Beed Bypass Rd, near Guru Lowns",096063 50000
Jai Bajrangbali Hardware Store,Hardware store,P9W5+5W8,077397 44537
Shri Prakash store,Hardware store,"Naga Bigha More near Bank of India MG Road, Ramesh Chowk",077395 77400
Shri Shankar Hardware,Hardware store,MG Rd,074848 55511
Ganesh Hardware,Hardware store,"P9W6+959, Aurangabad - Rajhara - Daltenganj Rd",091221 43962
Asian Paints EzyColour - Om Prakash Stores,Hardware store,Old GT Rd,098019 45693
REHAN PIPE AND HARDWARE,Hardware store,"SONOURA HOUSE, MG Rd",093040 04264
New janta hardware,Hardware store,Madarsa Road,088044 06602
Banarasi bearing Store,Hardware store,"Q92G+FX5, Nawadih Rd, in front of Mahavir mandir",090970 54975
National Machinery Stores,Hardware store,"Old GT Rd, opposite Post office",080027 97773
Hardware Stores,Furniture store,"Sanjay Vyas Hardware Store, Aurangabad-Rafiganj Rd",096312 66508
OM SANITARY,Hardware store,"Q92G+P55, Old GT Rd",062052 67472
Vishwakarma Hydrolic Works,Hardware store,Madarsha Shankrit Market,099550 49656
JAI MAA ENGERING,Hardware store,JAI MAA ENGERING WORK SHOP Bisambhar Bigha Phesar Road,093417 70134
Bhumi Sanetary And Hardware,Hardware store,"Yamunanagar Yamunanagar, near Lara Agency",091990 64003
Bombay Hardware,Hardware store,"121pauthua Aurangabad, near Jagatpati More",062032 17568
M&S Brothers Enterprises,Hardware store,"Chatra, Holel RPS, NH 139, Road",099733 06690
SK Trading,Hardware store,"Q93C+RMC, Old GT Rd",088042 02503
Mehta Hardware,Hardware store,"Mehta Hardware, Yamunanagar Rd, near Mandir",079799 65539
JAYA HARDWARE,Hardware store,"P9XH+X6M, Old GT Rd",094312 63661
Rocky hardware,Hardware store,"haspura, Haspura - Daudnagar Rd",074881 18158
vishal hardware,Hardware store,"main market, near mahabir mandil",099344 77776
Kundan Kumar & Brothers,Hardware store,"Shapur, Pokhra Mohhala, near Devi Mandir Road",098520 69302
Dr Lal PathLabs,Medical laboratory,"Shop no. 275, MG Rd, near Chandel Bhawan",089206 45846
LifeCell Diagnostics,Medical laboratory,"Shri Krishna Nagar Road, PHED Colony, near Manorama Verma Niwas",079033 61512
THYROCARE AURANGABAD,Diagnostic center,"New area, near bank of maharastra, near Ramesh Chowk",094700 82236
Apollo Diagnostics,Laboratory,MG Rd,098060 67290
"Care Diagnostics & Imaging Center, A complete Health Check Up",Diagnostic center,"Naga Bigha Road, opposite narayana mission school",073620 00070
Apollo Diagnostics,Diagnostic center,"WARD NO.-12,GALI NO.-6 NEW AREA CHITTOR NAGAR, behind Mahesh Academy",096061 12399
Dr Lal PathLabs - Patient Service Centre,Diagnostic center,"Ground Floor, Club Rd, near Madarsa Islamiya",080 6256 4442
Dr lal pathlabs,Health resort,"In side of adari river, nani house, Old GT Rd, near sinha collage more",091223 90536
HealthAssure - Balaji Diagnostic Centre - Aurangabad - Quality service with quick results,Diagnostic center,"Gangti Rd, near Sinha College",080844 47787
AROGYAM NUTRICARE PHARMACY AND SUPPLEMENT STORE,Sports nutrition store,"Fojjdaari babu market, sabji mandi, Old GT Rd, behind Shiv mandir, near Kargil chowk",099393 00726
Kasturi Photo State & Cyber kaife,Photo lab,Jail Road,099345 68396
LifeCell Diagnostics,Diagnostic center,"Shri Krishna Nagar Road, PHED Colony, near Manorama Verma Niwas",079033 61512
Dr Lal PathLabs,Diagnostic center,"Shop no. 275, MG Rd, near Chandel Bhawan",089206 45846
AMAN DIAGNOSTIC CENTRE,Medical clinic,"P9WG+W5W, Pathan Toli Rd",081205 67980
Bhagwati Misthan,Sweet shop,Old GT Rd,082717 19574
Adityan - Traditional & Authentic,Sweet shop,MG Rd,080510 03510
Raj Sweets & snacks,Indian sweets shop,"Q959+33G, Karma Rd",084093 09191
Aashirwaad Sweets Snacks & Cake,Sweet shop,Karma Rd,087891 55797
मातृ भंडार (sweet Shop🧁and bakery🎂),Sweet shop,Station Rd,097717 37298
Rajesh Sweets & Fastfood,Sweet shop,"Durga mandir ke bagal me, Nala Road",077599 39760
Bikaner cakes and bakery,Bakery and Cake Shop,"Q92F+V5P, Ramesh Chowk, behind CENTRAL BANK OF INDIA",095233 76460
Amba Sweets,Indian sweets shop,"98, औरंगाबाद - राजहरा - डाल्टेनगंज रोड, Amba - Nabi Nagar Rd",076671 85831
Sunil pet shop,Dog cafe,"Gandhi Maidan, near magnam school",072779 55524
Pet House (Pet Shop & Pet Salon),Pet store,"Shop no 07, Yashodhan Apartment, Gajanan Maharaj Mandir Rd, opposite of Reliance mall",077200 08084
Happy Paws Pet Store & Pet Salon,Pet store,"Shop No B9/10/11, Sundar Plaza, Prozone Mall, N1 Rd, opp. Effiel Tower, behind Pyramid",098608 79537
PET PASSION ( PET SHOP),Pet store,Shop No. 1 & 2 Near Patel Petrol Pump Usmanpura Road Opp. Hotel Haveli,095036 70608
Bhagwati pet shop,Pet store,Cherki Rd,079038 07189
SHANTI PETs ZONE (only For Dogs),Pet store,"QXJV+64Q, Jail Rd",083405 58095
Navrang Aquarium And Pets Shop,Pet store,Shop No 1 AMC Parking Paitha Gate,095189 83524
VET & PET CARE,Animal hospital,near Umang banquet hall,077838 58512
Furever Pet Clinic & Store,Pet store,"A 122, Yashoda Devi Path",080024 21122
VETS FOR PETS,Veterinary care,"Pillar no 25, infornt of shiv mandir, Bailey Rd",095344 03400
जन जीवक आयुर्वेदिक चिकित्सक केन्द्र,Veterinary care,"Q92C+86V, Yodha Marg",079922 98422
Aditya Vision Forbesganj,Electronics store,"10 H P Road, near Aadity Vision",092644 99211
Sumit Electricals,Electronics store,"77W7+FXX, 01, Katihar",088099 45940
Balajee Computer MOBILE / LAPTOP / PRINTER/ बैटरा एंड इन्वर्टर / CCTV /COMPUTER LAPTOP REPAIRING/PRINTER REPAIR/,Computer store,"बालाजी कंप्यूटर का नया एड्रेस है, बालाजी कंप्यूटर नई जगह पर चली गई है थाना के सामने फारबिसगंज पटेल चौक से आगे थाना के सामने",082713 53092
PATNA ELECTRICALS,Electronics store,"Forbesganj Sadar Rd, near Das And Das",080848 00746
"K AND K COMPANY ,Exclusive Store Of Electronic Weighing Scale",Industrial engineer,S K Rd,085819 80280
Bolbam Electronics,Electronics store,"8746+CJ6, near PUNJAB NATIONAL BANK",094302 64028
Home Choice Mobile Center,Electronics store,77X7+Q53,087572 57793
Sri Ganesh Electronics,Electronic parts supplier,"Post Office Chowk, near Post Office",082280 92648
Hanumant Computer,Computer store,"Dharmashala Chowk, near Hanuman Mandir",095252 03640
Chandan Electronics,Electronics store,"8768+GCG, Keshri Tola Rd",095764 23571
KESHRI ELECTRONIC AND ELECTRICAL,Electrical supply store,"Chhuapatti Manikchand Road, in front of Gramin Bank",070041 98811
Astha distributor,Computer store,"Station Chowk, Sadar Rd, near Jaiswal Ply",099396 88712
COMPUTER PALACE,Computer store,PATEL CHOWK FORBESGANJ,099349 28792
Godrej Inspire Hub - Chunnilal And Company,Electronics store,"Near Dagas sweets, S K Rd",080 3776 2040
बालाजी मोबाइल & इलेक्ट्रोनिक्स,Electronics store,77X7+C8C,082713 53092
Sunil hardware paints & Tiles,Paint store,Fancy market,083405 06363
M L Goyal,Paint store,R B Ln,094318 85395
SIMPAL ENTERPRISES,Paint store,"Ward no-09, Bagicha chowk, near Central Bank",081303 48312
Nerolac Centre - Subhraj Traders,Paint store,8746,079922 60860
Jagdamba distributors,Paint store,"near, Hospital Road, railway crossing",096933 42894
Chaudhary & Son's Hardware,Hardware store,"Bhagkohalia, Custom Office, Near, New",094714 51970
Nerolac Paints - Sunil Hardware And Paints,Paint store,"Ward No-08, 77X7+4Hr Fancy Market",072559 86013
Vishal Trading,Paint store,"77Q7+QP6, NH-57, COLLEGE CHOWK",097716 52030
Nerolac Paints - Shree Krishna Traders,Paint store,"8748+G38 Shree Krishna Traders, S K Rd",094720 60801
Bata Shoe Store,Shoe store,"Bata shoe store, Gajraj Chowk, Forbesganj Sadar Rd",070048 94587
Shams Boot House,Shoe store,in front of Police station,086760 47766
Family Footwear,Shoe store,"Sadar Rd, near joyti mod",075428 20292
FARHAN FASHION PLACE,Shoe store,Forbesganj Sadar Rd,091137 77034
ZASHPAL ARCADE LLP,Youth clothing store,"77X6+VF6, OLD BUS STAND ROAD RML PATH FORBESGANJ, Ram Manohar Lohiya Path",087972 24226
V-Mart - Forbesganj-Sadar Road,Clothing store,"Sadar Bazar Road, near Landmark Plaza",095998 05005
TRENDS,Clothing store,Forbesganj Sadar Rd,079798 60332
Royal choice,Shoe store,"1, Forbesganj Sadar Rd",074820 84052
Neelam Best clothing shop in Forbesganj For Women's Men's Kid's clothing Ethnic Western Formal Casual wear,Shopping mall,"sadar road, mode, near by jyoti",091420 47599
City shoes,Shoe store,"1st floor Ibrahim hotel, Opp. Uma Talkies Bihar, National Highway 57",096318 50666
OSAMA FOOTWARE,Shoe store,"Fulwariya Haat, Hospital Rd",079035 51424
J S FOOTWEAR,Shoe store,"Fulvariya Hatiya Hospital Road Fulvariya Hatiya, Hospital Rd",076728 88085
The Raymond Shop,Clothing store,"Ward No. 6/8, Dr, Ram Manohar Lohiya Path, near Bus Stand",080 4493 8920
Blackberrys,Clothing store,"Ground Floor, Purani Bus Stand, Ram Manohar Lohiya Path, near Raymond Showroom",076349 43071
PANKAJ SHOES STORE,Shoe store,"Shop No-01, Ward No-13, Araria Road, near of Bus Stand Road",085217 80297
Bata Shoe Store,Shoe store,"Ground Floor, Purnia - Siliguri Rd, opp. Govt College",080134 28327
Hattrick Sports,Sporting goods store,"Bhagkholiya Ward No 07, Bhagkholiya, near Kali Mandir",087894 52767
Manyavar,Men's clothing store,"Ward No 8, Near Zaspal Arcade, Old, Bus Stand Road",080 3700 2514
New Fashion Footwear,Shoe store,"Forbesganj Sadar Rd, near Blue Diamond Hotel",088628 56598
Khadim's,Shoe store,Sadar Road PO & PS Forbesganj,093043 29139
Kohinoor Golden Footwear,Shoe store,"Forbesganj Sadar Rd, near V -Mart",093417 00788
Alisha Footwear,Shoe store,4,074810 07886
METRO Shoes,Shoe store,"8727+529, Sadar Rd",095239 87755
M S Footwear,Footwear wholesaler,Bus Stand,091283 04808
Foot Care,Shoe store,"Foot Care Fbg Station Chowk, Sadar Rd",062065 00858
Vishal Footwear,Shoe store,"Ward No 10, Hanuman Mandir Chowk",062003 72842
Rehan Footwear,Shoe store,"Hospital Rd, near Ajimuddin Market",062061 23604
KRISHNA FOOTWEAR,Shoe store,"77P8+FPX, College Chowk, Railwaydhala, Forbesganj (Araria)",070617 43518
Sonu Shoe Center,Shoe store,"Shop 8 Ward No 8, Old Bus Stand, Hospital Rd",095724 39712
ABDUR STORE,Shoe store,"WARD NO 12, Miyahat Chowk Rd, near by OM SANTI KE PASS",091424 03657
Hamdard Store,Pharmacy,"shop no. 1, near railway station Fancy market",093343 72663
Viki medicine house,Herbal medicine store,"Ward No.06, Dhatta Tola",072091 17230
Sarwani Medico,Store,Hospital Rd,089864 44640
Himanshu Medical Store,Pharmacy,Forbesganj,070040 15309
Krishna Medical Hall,Pharmacy,"Hospital Rd, near railway crossing",099343 84435
NEW MEDIMART,Medical supply store,"Sadar Rd, near Jyoti cinema hall mor",090971 90704
Ankur Medical Hall,Pharmacy,Refral road,099347 89328
S.K MEDICO,Pharmacy,"S.K ROAD, DHARAMSALA CHOWK, near HANUMAN MANDIR",099730 31368
Ravi Medical Hall,Pharmacy,"5, Bara Shivalaya Rd",096082 69225
Apollo Medical Hall,Pharmacy,"8733+8RF, Hospital Rd, near New Adarsh Medical",072950 11225
Jai Guru Medical,Pharmacy,Kudheli Chowk Ward No 05 Forbesganj Near Kudheli Idgah,062069 52074
Ujala Complex,Pharmacy,Refral Road,093344 43450
Masrat Medical Store,Pharmacy,"03, Bhagkohaliya",078580 89823
NARAYAN MEDICAL AGENCY,Pharmacy,Munshi Pokhar Godhihare Road,091552 35870
New Sahara Medical Hall,Pharmacy,"8733+886, Mela Rd",099392 68637
Raj Medical Agency,Pharmacy,8744+2G7,099312 33372
Mehwal Medical,Pharmacy,Forbesganj Sadar Rd,088628 87053
M K Medical Store,Pharmacy,"14, Chaura Parwaha Forbesganj",070705 22425
DEEPAK MEDICAL,Pharmacy,"Ward No 01, Mahesh Muri Das Tola, near by Mandir",081024 97112
Patanjali Arogya Kendra,Indian grocery store,"Ward No 11, Holding No 175, near Girl Middle School",099318 88777
NATURA BIO SCIENCE (AYURVEDA),Herbal medicine store,"+2, Lee Academy Rd",090615 54455
Shanti medical Stores,Pharmacy,Forbesganj,091990 35026
Sayama Medical,Pharmacy,6,070049 30868
Diksha Medical,Pharmacy,77XC G8Q,079790 33150
JANTA MEDICAL HALL,Pharmacy,"Ward No 07, Shop No 01, Hospital Rd, near Municipality",080020 94789
Renu Medico,Pharmacy,"05, Lee Academy Rd",073196 81367
Thakur Medical,Pharmacy,08,087096 55706
Bulbul Medical Store,Pharmacy,"Shop No 7, near by High School",074819 08486
DawaiWala.com (Goyal Healthcare),Medical supply store,"Ward no. 08, near Raymond showroom",091171 15119
HINDUSTAN TRADERS,Medical supply store,"Hindustan Traders, Anand Complex Hotel Green plaza, Referal Rd",073011 96591
A K Medoco,Pharmacy,"854318, Forbesganj Sadar Rd, near Jyoti Mod",062994 26622
PHARMA AGENCIES,Pharmacy,Forbesganj Sadar Rd,091990 58226
Laxmi Agency,Pharmacy,Hospital Rd,094702 13250
Noor Drug Store,Pharmacy,"Ward No 08, Kuber Tola, near Jyoti Hotel",098015 35176
Novel Health care,Pharmacy,Referal Rd,087094 95036
patna medical hall,Pharmacy,"8754+3Q5, Hospital Rd, near railway crossing",099550 17874
Baba Medico,Pharmacy,"Shiv Mandir, 07",072500 20610
SHIFA MEDICO,Pharmacy,"WARD NO 11, LN Path",094702 28085
Matangi Medico,Pharmacy,"Alam Tola Ward No24, Nearby 10Aana Kachari",099393 36060
Blue Medix Forbesganj,Pharmacy,"WARD NO 07, Sop No 05, Hospital Rd, near by MANDIR KE PASS",087090 03661
Puja Medico,Pharmacy,77W7+9JG,075638 52763
Masiha Drug Store,Pharmacy,6,099555 14558
HARSH MEDICAL,Pharmacy,Forbesganj,095468 36610
JAGDAMBA MEDICAL HALL,Pharmacy,"WARD NO 07, Hospital Rd, opposite NAGAR PALIKA KE PASS",094702 27541
DHARMENDRA MEDICAL STORE,Pharmacy,"WARD NO 12, near by RAM MANDIR",085219 14642
Shukdeo Medical,Pharmacy,"Ward No 09, Miya Hat Chowk, near by Satsang Mandir",079924 29885
AK Medical,Pharmacy,Forbesganj,088628 87090
Dr Sk Singh Homeo Clinic,Homeopathic pharmacy,Postoffice chawlk,091621 30293
ANJITA MEDICO,Pharmacy,"77XF+V6V, Lee Academy Rd",085410 08341
Ganpati Medical Agency,Pharmacy,"Ashutosh Kumar, Referal Hospital, Road, Forbesganj - Jogbani Rd",079030 13971
KUMAR MEDICAL HALL,Pharmacy,"WARD NO 06, SOP 32, Hospital Rd, near by MUSKAN HOSPITAL",088097 05788
ATIFA MEDICAL,Pharmacy,Rampur Bazar Forbesganj,072738 21058
SHIVANSH MEDICAL,Pharmacy,"Shop No 03 , Ward No 01 Forbesganj Sera Nagar, near of Shiv Mandir",095760 32902
NEW CHHAYA DISTRIBUTORS,Pharmacy,"8733+CRF, Referal Rd",090064 30831
Choudhary Medical Hall,Pharmacy,"8733+889, Mela Rd",094708 85214
T N A J Drug Store,Pharmacy,01,070044 37830
Om Traders,Pharmacy,863X+33J,094716 73913
Sahara Medical Hall,Pharmacy,"Harikishor Singh, Refral Hospital Raod, Forbesganj - Jogbani Rd",088096 78832
Asha Medical Hall,Pharmacy,"01, Ward, Shop, 05, Forbesganj - Jogbani Rd, near of Masjid",096613 77660
Seva Medico,Pharmacy,56,077828 16785
Medical Shop,Pharmacy,9,098018 60580
Sonisha Medical Store,Pharmacy,"77P8+FVG, Collage Chowk, Forbesganj",079033 66960
The gold fish pet shop,Pet store,Forbesganj Sadar Rd,062037 97768
Dog Hospital & Pet Shop,Pet store,"LAZIZ PIZZA, Straight from adarsh police thana towards",094312 67881
Forbesganj Cake & Gift,Cake shop,Forbesganj Sadar Rd,099312 23448
श्री jagannath sweets & snacks,South Indian,S K Rd,091429 43964
Pipra Bazar ka uttam Khaja ki Dukan,Sweet shop,"77X6+6MW, Ram Manohar Lohiya Path",099318 01800
"Dilip Bakery ""The cake point""",Cake shop,Shiv Mandir road,082718 37344
Anil Kumar Roy,Sweet shop,"Shop No 5 Ward No 8, Purana Stand",077640 48883
Rubi Khatun,Sweet shop,"Ward No-13, Rubi Khatun W/O-Md Ekram,Darbhangiya Tola",080847 19324
TAJ MAHAL FANCY CLOTH,Store,"Sikhar plaza, Forbesganj Sadar Rd",082943 92145
Adarsh Prabhakr,Sweet shop,"Shop No 2 Ward No 9, Forbesganj Bhatt Abari",093414 81479
Ganesh Sharma,Sweet shop,8,087096 05528
Grocery,Sweet shop,"8, Ram Manohar Lohiya Path",091288 96465
Radhe sweets / pipra khaja ki dukan,Sweet shop,"77X6+WGR, bus stand, Hospital Rd",095049 43387
Amrit Sweet And Snack,Cake shop,Forbesganj Old Bus Stand Ward No8,098527 04290
Shyam Kumar Dev,Sweet shop,"Shop No 4 Ward No 10, Bhatta Badi Forbesganj",090658 13607
Jay Mala Sweet,Food court,"01, Forbesganj - Jogbani Rd",088629 27478
Lalita Devi,Sweet shop,Shop No 5 Ward No 8,074809 53029
Uttam Sweet Corner And Pannier Holsel,Business to business service,Hospital Rd RML Path Hospital Road Forbesganj Ward No 08,074930 98601
Noorjahan sweet corner,Sweet shop,76WV 83J,062043 99640
Sonu Tea Stall,Sweet shop,"krishi bazaar Samiti, Golchha Gali",074858 67053
Metropolis Labs | Blood Test & Diagnostic Centre Forbesganj,Medical laboratory,"Rani Complex Refral, Hospital Rd, near Hotel Green Plaza",033 4058 9178
THYROCARE COLLECTION CENTRE & PATHKIND LAB (DEVKI PATHO LAB ),Private hospital,"referral, Hospital Rd",079031 04042
New Amritsar Dental Lab,Hospital,"8744+2H7, Referal Rd",090061 05141
"Thyrocare Diagnostic Lab | Blood Test Centre - Parwana, Forbesganj",Diagnostic center,"Referal Rd, near Pitamber Dental And Health Care Center",079031 04042
RedCliffe Labs - Collection Centre,Medical laboratory,"Maheshwari Branch Post Office, near Simanchal Hospital",079 6912 2575
Kosi Diagnostic Centre,Medical laboratory,"8734+JWR, Anita Complex, Referal Road,, near Hotel Green Plaza",075494 52056
Redcliffe Labs - Collection Center,Medical laboratory,"Aman Medical, Referal Rd, near sadar hospital Green Plaza",079 6912 2630
J M WEIGHING SOLUTION,Weighing Scale Supplier,"DINDAYAL CHOWK, Kothihat Rd",099557 32704
Metropolis Labs | Blood Test & Diagnostic Centre Forbesganj,Diagnostic center,"Rani Complex Refral, Hospital Rd, near Hotel Green Plaza",033 4058 9178
Kripa Health Care Center,Medical clinic,Hospital Rd,089368 07179
SHRI FURNITURE,Antique furniture store,Forbesganj Bihar ward_3,096310 24176
Dugar Home Decor,Furniture store,"Gachi Gola, Gorihari Road, near Union Bank",099399 60516
T.P GUPTA (GODREJ INTERIO),Furniture store,"8738+C6J, DD Rd",098525 46768
Rani Furniture,Furniture store,"Kodheli ward no.5 Kodheli ward no.5, Chowk, near Madrsa",099735 36592
RITESH PLASTIC AND FURNITURE,Home goods store,"Vishal market, Sadar Rd, near sabji mandi, opposite Chourasia Pan Bhandar",090977 22490
Nirmal Kumar Gupta (Bartan Store),Store,"Sadar Rd, near station chowk",086511 43556
"M/S. Maa Durga Furniture & Enterprises. Chhuapatti, Forbesganj",Steel fabricator,"CHHUAPATTI, FORBESGANJ",099552 41535
Godrej interio Balaji furniture,Furniture store,DD Rd,098525 46768
Baba Furniture House,Furniture store,Subhash chowk Baba furniture house,094306 86985
Bichhawan,Mattress store,"New Railway Dhala, Pustkalay Road",091622 16520
Jagdamba distributors,Furniture store,"near, Hospital Road, railway crossing",096933 42894
Sleepwell Exclusive Dealer - Jd Furniture,Mattress store,"Jd Furniture, Station Road, nearby Punjab National bank",08071 629 013
ASHWARA FURNITURE,Furniture store,Ansari Chowk,081788 75777
G.N. Furniture,Furniture store,"Zero Mile Bazar Road, opposite Dilara Electrical",062993 37065
Niraj Furniture House,Furniture store,"Furniture House, Garhgama",090063 55937
Anand Sharma Wood designer,Furniture store,"no. 1, Jumman chowk, Jumman Chowk ward",080516 41633
Pawan Kumar,Furniture store,"Chhuwapatti Ward No 16, Old Dalmia, near by Daga Furunter",091999 39518
Bala Ji Furniture,Store,8755+5P9,094726 39448
SHIV DURGA FURNITURE,Furniture store,"Station Chowk Bara Shivalaya Road Near Railwey Station Forbisganj Station Chowk, Station Forbisganj, Shivalaya Road, near Railwey",062004 12360
Sunmika Ply Home,Shopping mall,M C Rd,095046 88569
"Rubi Traders (Tiles,Granite,Sanitaryware,Bath Fittings & Pipe Fittings)",Tile store,"State Bank Road, near Samta Bhawan",097715 43333
Gupta Traders,Home goods store,Purnea - Araria - Forbesganj Rd,099312 97741
Sahuji Enterprises (IGNOU Books Centre),Office equipment rental service,Kali Mandir Rd,094733 11680
Rahul Furniture,Furniture store,"Ward.no-14, Simraha Renu Gate, To, near Shiv Mandir",096612 88699
Pandav Sharma Furniture,Furniture store,"Ward No 02, Sadar Rd, Kothi Hat Chowk",090656 94696
J. M. D FURNITURE,Furniture store,"KESARITOLA WARD NO 17, Kothihat Rd, near by BISNU MANDIR",070500 11000
Ms Santosh Kumar Ray,Furniture store,"8735+CR7 Ms Santosh Kumar Ray Durham Mandir, Hospital Rd",090979 70565
Altaf Electronics,Furniture store,"Ward No 08, Forbesganj Rod",097710 02617
GP Store MODICARE Dp Centre,Home goods store,"1, AT-SADAR ROAD, near RAILWAY STATION",082353 24085
Bichhawan,Window treatment store,"New Railway Dhala, Pustkalay Road",091622 16520
Tumbledry Dry Clean & Laundry Service,Dry cleaner,"Ward No 05, DINDAYAL CHOWK, Godhiyari Road",076772 50250
Mr Blue Forbesganj,Dry cleaner,"Post Office Chowk near, near HDFC Bank",095559 00059
Goyal Brothers,Hardware store,"R B Ln, adjacent ML Goyal",097179 71913
The Arvind Store Men's Fashion Clothing,Clothing store,"Ward No 7, Hospital Rd, near Bachpan School",070331 51437
STYLE BAAZAR FORBESGANJ,Outlet mall,"Ram Manohar Lohia Path, Hospital Rd, near Jyoti Cinema",062921 25875
Cloth.pvt Ltd,Clothing store,Forbesganj Sadar Rd,091997 49008
Kunal Kumar,Clothing store,R B Ln,091133 06669
Unique garments,Clothing store,"07 Fulwariya, Hat",095239 10695
TRENDS,Clothing store,"Kursela - Forbesganj Rd, near TVS Showroom",070041 47176
Shawaj Fashion,Men's clothing store,"Shop No 12, Durga Mandir Road",091421 09255
JAISHREE GARMENTS,Tailor,Katihar,099997 95266
PATWA GARMENT,Clothing store,Ward NO.-06,079090 12229
SAUNDARYA BOUTIQUE,Women's clothing store,"R B Ln, opposite GOLCHHA MEDICO",080843 65600
Pushraj Jain & Sons,Clothing store,"ward no 24, 24, Haat Rd, near jewellery market",093045 67729
SHOBHA CLOTH CENTRE,Clothing store,"shop no 01, near by forbesganj",097712 71952
MUFTI,Clothing store,"OPP:- GHAR GHARANA, Forbesganj Sadar Rd",091423 03524
BIHARI VASTRALAYA बिहारी वस्त्रालय,Clothing store,"Ward No 05, Library Rd",070048 33286
Top Star Tailors,Clothing store,"Mehbubnagar Ward No 08, near Prem Takij Hall",081026 93291
Shayan Enterprises,Clothing store,"trannig school, Aquib Rd",099552 20763
Rimjhim Saree Centre,Saree Shop,"Ward No 10, Forbesganj Sadar Rd, near by Jyoti Hall Road",094304 45113
DUKE Exclusive Showroom,Clothing store,"Ward No.8, Dr. Ram Manohar, Lohia Path, near Bus Stand",022 6152 7624
Radha Rani Vastralaya,Clothing store,Forbesganj Sadar Rd,094316 07260
Clothes shop,Clothing store,"ward no 6, Fulwaria, Hatia",095046 71041
"Titan World - Ram Manohar Lohia Path, Forbesganj",Watch store,"W No 08, RM Lohia Path, opposite Allahabad Bank",070655 70436
Bombay Cloth House,Clothing store,"Ward No, 5, Sadar Rd, near Ankit Sweets",073219 01824
STORE ONE,Clothing store,"1st Floor, Taparia New Market, Main Road, above Calcutta Cloth Store",084470 03443
Arvind store,General store,56,093049 97668
Iltab Garments,Clothing store,"Ward No 06, Miya Hat, near Hawai Field",085211 23887
Calcutta Cloth Store,Clothing store,"Taparia New Market, Main Road",+977 984-2251211
Bata Shoe Store,Clothing store,"Bata shoe store, Gajraj Chowk, Forbesganj Sadar Rd",070048 94587
Kolkata Dresses,Clothing store,Ward No 15,072506 70490
Dhan Luxmi,Men's clothing store,Forbesganj Sadar Rd,096316 57070
RAJKUNWAR Exclusive Showroom,Men's clothing store,"New, railway dhala road",077399 20500
M/S NAV DURGA VASTRALAY,Saree Shop,"Near Panchayat Bhawan, Matiyari, Ward No 7 Forbesganj, Araria, Bihar-854318",085799 41966
Anzar Shop,Clothing store,"Ward No 18, Godhiyare Chowk, Dallu Tola",083602 31916
KAMAL VASTRALAYA,Clothing store,"Main gate, Sadar Rd, near Railway station",095237 62442
Arshi Enterprise,Clothing store,"Ward No 18, Dallu Tola, Shop No 01",097807 22443
Shadab Medical,Pharmacy,Loharpatti Rd,077798 13669
Double Plus Kishanganj,Pharmacy,Neem Chand Rd,070916 26567
MOSHARRAF MEDICAL HALL,Pharmacy,Churi patty road,092633 71987
Modern medical hall,Pharmacy,"Amar-lekha complex, Hospital Rd",06456 224 654
Shaheen Drug Agency's,Pharmacy,"Paschimpali, chowk",082942 32769
Renu Medical Hall,Pharmacy,"Gandhi Chowk, Hospital Rd, below State Bank of India",094312 67554
Bansal Medical Hall,Pharmacy,"Bansal Medical, Hospital Rd",062025 37283
SANJAY MEDICAL STORE,Pharmacy,02,062004 14953
Subham Medical Hall,Pharmacy,Purab Pali Road,077660 22743
Medical Store,Pharmacy,"Shop No 12 Sirnia Golaghat, Mansahi Pranpur Road Near Airtel Tawor",092639 04914
ROYAL MEDICAL HALL,Pharmacy,01,077396 41672
DRISHTI MEDICAL STORE,Pharmacy,01,080845 99577
Raksha Medical,Pharmacy,777,093042 90300
Lucky Medical,Pharmacy,"Paschimpali Chowk, opposite Indian Overseas Bank",096319 91357
Subham Medical,Pharmacy,"4X23+PCM, Mahavir Marg",078081 92976
Suraksha Medical & Distributors,Pharmacy,01,077177 87418
Das Medical Store,Pharmacy,8,091621 03402
Shoyeb Medical Agency,Pharmacy,12,070338 89897
Deepak Medical Store,Pharmacy,050,062003 82510
SAHA MEDICAL,Pharmacy,"Ward No 27, Mahavir Marg",091025 55515
Niyaz MEDICAL Store,Pharmacy,W E,074884 82796
Khatib Medical Store,Pharmacy,02,062055 11606
Naveen Medical House,Pharmacy,224,072818 94740
Dokania medical hall,Pharmacy,Purab Palli Road,06456 233 090
M/S Wali Medical Hall,Pharmacy,662,073650 81038
RAHMANI HOMEO MEDICAL HALL,Doctor,Ghaspatti Masjid,094712 76419
WASIM MEDICAL STORE,Pharmacy,Unnamed Road,092795 14412
Aahil Medical,Pharmacy,01,091282 20115
Raqib Medical Store,Pharmacy,"Majhiya, Majhiya Rd",080165 88102
Prateek Medical,Pharmacy,"01, Khagra Kishanganj",079037 39345
ABU MEDICAL SHOP,Pharmacy,"Shop No Rasunganj, near Rasunganj Primary School",074776 29437
Pankaj Kumar Medical,Pharmacy,14,099345 01451
Deepa Medical Hall,Pharmacy,343,091225 49423
Dr Pappu Medical,Pharmacy,06,099316 39230
National Drug Centre,Pharmacy,Nawab Road,091231 62959
Laxman Medical,Pharmacy,"04, Kishanganj",072507 06743
Manik Medical,Pharmacy,Majhiya,089189 79338
Tabrez Medical,Pharmacy,"03, Kishanganj",096318 17703
Ansar Medical Agency,Pharmacy,"Shop No 1 Mansahi Haat Mansahi, Station Rd, near Jio Office",089695 80338
ZAM ZAM MEDICAL,Pharmacy,near of Indian Overseas Bank,078706 41835
AR Medical,Pharmacy,14,062013 60191
Shahzad Medical,Pharmacy,11,062063 18045
Yogesh Medical Store,Pharmacy,"Fulwari, Near Geramoni Chowk Fulwari",091137 04665
Janta Medical Hall,Pharmacy,"JANTA HAT, 02",091622 90707
Sonu Medical Shishwa,Pharmacy,3WJX+989 R W,089699 19812
Kalpana Agencies,Pharmacy,4W2R+46X,06456 222 113
Samirudhin Medical Sope,Pharmacy,"25, Gorra Hat",062974 40227
Rehan Medical,Pharmacy,05,075429 17993
Adnan Medical,Pharmacy,02,097336 49627
ASHFAQUE MEDICAL,Pharmacy,02,099737 35172
Ekramul Medical,Pharmacy,"04, Kishanganj",074887 67990
Ram Parsad Medical,Pharmacy,07,089697 00223
Sk Medical,Pharmacy,"04, Kishanganj",072509 96195
NEW MOKIM MEDICAL AGENCY,Pharmacy,"Shop No 15A, Binod Pur, Katihar Putul Medical Road, near Harsh Palace",079039 75440
Mantasha Medical,Pharmacy,02,062049 87919
Mukdum Medical Store,Pharmacy,Khagra,089458 17684
Q N Alam Medical Store Naya Hat sahapur,Pharmacy,1,074775 88994
Zahid medical,Pharmacy,1,082506 23442
AJAY MEDICAL,Pharmacy,"MOTIBAG, near of MOTIBAG MIDDLE SCHOOL",094729 47815
Nisar anjum Medical,Pharmacy,07,06284 694 535
Ehrar Medical,Pharmacy,05,062072 12695
TAUQUIR MEDICAL,Pharmacy,02,077659 34590
Saif Medical Agency,Pharmacy,382,080923 28599
Arman Medical,Pharmacy,12 Kishanganj,082108 23525
Sufiyan Medical Store,Pharmacy,"Fulwari, Near Bethel Mission School Fulwari",081165 83973
M/s Mumtaz Medical Agency,Pharmacy,01,070017 41868
AL-Rahman Care,Drug store,"Gharib Nawaz Complex, Churipatti Rd",093104 41931
Pradhanmantri Bhartiya Jan Aushadhi Kendra,Drug store,Mahavir Marg,098997 17949
Rahat Medical Belwa,Drug store,"Belwa Hat, near Sabji Mandi",089695 28797
SAFA HOMEO CLINIC,Homeopathic pharmacy,"Loharpatti Rd, NEAR HAJI HOTEL",094310 77751
Choudhary Enterprises,Pharmacy,4X25+JV8,089358 12187
JAHAN HOMEO CLINIC AND HALL,Homeopathic pharmacy,"MOHIUDDINPUR , Munna mushtaque road",086033 51746
संजीवनी होमियो सेवा केन्द्र,Drug store,"4X24+5CR, परमगंज चौक, किशनगंज",093045 76052
Jain Refrigeration || Best Electronics Shop | Best Air Conditioner Shop In Kishanganj,Electronics store,"Kagazia Patti Road, Kishanganj Bazaar Rd, near Allahabad Bank",076777 22252
Value Plus - Trusted Electronics Store - Kishanganj,Electronics store,"Saudagar Patti Rd, opp. Jama Masjid",099396 77777
DEB ELECTRONICS,Electronics store,"3WXW+F62, Hospital Rd",075498 62058
Light House Kishanganj,Electrical products wholesaler,"3WXW+F4V, Neem Chand Rd",099314 60786
Hindustan Electricals - Best Electrical Accessories Dealer | Electrical Appliances Dealer in Kishanganj,Electrical appliance wholesaler,"Mazar chowk, Churipatti Rd",080921 83522
Electronic bazar and Bajaj finance,Electronics store,3WPJ+HHQ,094725 78786
City light electronics,Electronics store,"Halim Chowk, near ubgb bank",085217 64229
JYOTI INFOMEDIA,Computer store,Mahavir Marg,093045 31449
Electronic Shop,Grocery store,13,091552 45646
BUKSHI ELECTRONIC,Electronics store,4X32+H7G,084078 59865
Sana Electronics,Watch store,"Churipatti Rd, near Ramzan Bridge",095725 47850
City Mobile,Electronics store,Hospital Rd,093043 79919
Mobile Care,Cell phone store,"Khagra Mela gate, 855107",070041 00113
Dev Battery(Dev Enterprises),Electronics store,"Mahavir Marg, in front of puja hotel, near congress office",084093 13479
Shoukat Electrical,Electrical supply store,Pachim pali chowk,096313 90343
Rayan Electrical House,Electronics store,Shop No 04 Ward No 01,099731 55175
Kumar Electronic,Cell phone store,Hawai adda road,099732 50005
kishanganj Electricals,Electronics store,"4X23+R84, Mahavir Marg",087094 99904
Naveen Electronics,Electronics store,"4X33+P35, Kasera Patti Tegharia Rd",094732 44368
Puja Service,Cell phone store,Bhagat Toli Rd,080028 00400
Kejriwal Brothers,Electrical products wholesaler,"4X22+VWJ, Mahavir Marg",094312 67337
Ashok Electronics,Electronics store,"Shop No-01,Ward No-22, Mera Road, near of Khagra",070507 15412
Mayank Printers,Computer store,"Ganga Babu Chwok, Thakurbari Rd",085400 51572
Mr. Pc,Computer repair service,"Line para, Santosh Marg, near jhulan mandir",070045 61340
"Sony Digital, Day Market",Computer store,Sabji Mandi,094702 72883
Taher computer city,Computer Wholesaler,"4W3X+J32, Churipatti Rd",099312 14772
Lakshmi Radio Co.,Electronics store,Neem Chand Rd,070043 17068
Shiva security solutions and Suppliers,Security system supplier,Mahavir Marg,072097 48810
Laptop World,Computer accessories store,"Ahmad Complex, Hospital Rd, near LIC Office",088023 34642
Mobile Repair Center (Ashar Khushru),Electronics store,3WXV+7XJ,079797 48241
Shekhar Cyber Cafe,Cell phone accessory store,Mudhibechi Bibiganj Kishanganj Bihar 855101 Bibiganj To Talgaach Main Road,088104 14530
Mobile Campus,Electronics store,"Bharat Scan, Mahavir Marg, near Gurdwara",097096 56762
RITIKA COMPUTER,Computer store,"Mahavir Marg, near puja hotel",094318 85520
Om Computer,Computer support and services,"Dharamsala, near Railway Station",094725 77292
Rumi Electronics,Electronics store,4W3X+QJ7,070703 20480
N.A. Communication,Computer store,Khagra Nawab Road Khagra Nawab Road,080847 18635
Jyoti Computer Kishanganj,Computer store,07 Kishanganj,072940 34590
Jugesh Electronic Store,Electronics store,3WX6+2V9 Wy T,089862 30860
Nisar Online Service,Computer store,065,095461 32650
DSLR Camera on rent (passion photography),Photography service,"Imligola chowl, Imligola chowk, Insan School Rd",088251 82821
Ashish Kumar,Computer store,102,074928 63724
Intzar Mobile Ripering,Computer store,3,099395 49211
Kishanganj Trading Co,Electronics store,"855108, Neem Chand Rd",06456 225 086
Mamta Tyre And Battery,Electronics store,6RXJ+3Q4,089860 97970
Maa Kali videography,Advertising Photographer,"Mahavir Marg, near Congress office",085419 79665
KGN COMPUTER SHOP,Computer store,"3, GOURIHAT TAIYABPUR",062047 92036
Keshri Times,Electronics store,03 Kishanganj,094314 65524
Technotech Computers,Electronics store,"Mahavir Marg, Opposite Puja Hotel",095077 58231
Adi Electricals,Electronics store,opposite Line Urdu Middle School,070043 82349
ROSE ELECTRICAL,Electronics store,"Shop No. 51A, Pothia, Kishanganj Block Road, near of Pothia Police Station",091137 85365
Firoj Mobile,Computer store,"09, Jalalpur",096615 85439
Akash Enterprises,Computer store,near State Bank Of India,095076 50580
Md Asraf Ali,Electronics store,"Shop Number 40, Day Market",070048 36172
Aayat,Computer store,"08, Galgaliya Pul",089872 82046
Sufiyan Telicom,Computer store,321,081013 49299
SHAMA PERWEEN,Computer store,"Maleria Office, Line",091429 85044
ISMAIL ELECTRIC SHOP,Electronics store,"SHOP NO 01, RAJDHANI NEAR SONAKOLE, PRIMARY SCHOOL",097332 84098
Afshar Star Garage,Mechanic,Line Para Main Rd,091224 17860
abu zafar,Computer store,06,094734 27131
ARYAN TECHNOLOGY,Computer store,"Shop 2, Daulat Nagar, Malda Katihar Road, near Girls School",097336 32252
Samar Communication,Computer store,"14, Tulsia Chaudhary Basti",072091 42626
Safikul Alam,Electronics store,"Shop No 5, Nayatola, Hawor Kuretha Road, near Masjid",070703 25815
Akil Online Service,Computer store,"Ward No. 5, Pothia, Hospital Rd, near of Pothia Block",099343 14482
Fajle Rasul,Computer store,"Ward No 01 Shop No 01, Near, Kishanganj - Bahadurganj Rd",077819 49012
Safa Medical Shop,Computer store,2RVC QRX,062068 07282
Saraogi Printers,Computer store,"01, Dharamshala Rd",070043 89279
Madani Computer,Computer store,"Word No 04, near Jama Masjid",074828 72472
Biyani Supermarket,Grocery store,"Biyani Complex, Neem Chand Road, Kishanganj Bazaar Rd",088985 38263
V-Mart - Kishanganj,Clothing store,"Ghoramara, Paschimpali College Rd",084480 91174
Vishal Mega Mart,Hypermarket,Near Khagra Mela Ground,074881 01007
AMINA GROCERY MART,General store,Halim Chowk,088021 22810
Annapurna General Store - BEST GROCERY STORE IN KISHANGANJ,Grocery store,"road, near bal mandir school complex, near caltex chowk",087892 59854
Mahboob Store,General store,Kalu chowk,084060 08892
FIRST STOP SUPERMART,Supermarket,"Safa Nagar, Kishanganj - Bahadurganj Rd",079798 71504
Store 4 You,Grocery store,"Iqubal Colony, Kishanganj - Tayyabpur - Thakurganj - Galgaliya Rd, near SBI - Paschim palli",062067 77352
GREEN MART,General store,Bahadurganj Road,098809 31526
R D S GENERAL STORE,Indian grocery store,"Halim Chowk, near St.Xavier school",097330 43731
Rashidi Market,Grocery store,4W3X+WQ9,078907 62670
STYLE BAAZAR KISHANGANJ,Outlet mall,"Fall Chowk, Bari Masjid, Saudagar Patti Rd",090736 70514
Sharma & sons store,Grocery store,Kelabagan,094722 39808
Fresh Mart ( 9 to 10 ),Grocery store,"4W4V+32H, Abdul Rahim Khan Rd",091621 53689
Aslam Store,Grocery store,Mastan Chowk,097988 27078
ALL IN ONE GENERAL STORE,Grocery store,"Loharpatti Rd, in front of Rahmani Jama Masjid",096359 27704
PALAK STORE,Indian grocery store,Loharpatti Rd,088096 66990
Mehboob Alam KIRANA SHOP,Korean grocery store,"ward number 6, Mehboob Kirana shop, Gulam Ali",094181 94786
Qutubganj Haat,Produce market,hat,094312 67396
Pramod and amod Kirana store,Indian grocery store,near sardar Gopal Singh school,089863 40599
MS Communication,Grocery store,"3WQJ+R6J, Halim Chowk Halim Chowk",074797 53149
NUHU STORE,Grocery store,near by Sakim Mor,085092 08325
Sarkar Store,General store,"Sarkar Store, near Fish Road",086033 51932
ISMAIL GENERAL STORE line masjid chowk KISHANGANJ Bihar,General store,Line Masjid chowk,070335 61637
General Store,General store,Loharpatti Rd,084091 27419
Nehar General Store,Asian grocery store,St. Xavier's Colony,096796 54571
Annapurna General Store - BEST GROCERY STORE IN KISHANGANJ,General store,"road, near bal mandir school complex, near caltex chowk",087892 59854
Chand General Store,General store,Insan School Rd,082710 75681
Apna Store,General store,"Mahavir Marg, near Jain Mandir",079790 40485
PUJA GENERAL STORE,General store,"Uttarpali Thakurganj Road, near Shiv Mandir",099312 69543
Mohan Store,General store,01,097982 69780
AJMAL SHOP,General store,Kishanganj Day Market,072608 63170
Goutam Store,General store,76,093824 04983
MY STORE,General store,"Shop No.01, Mahesh Batna Engineering, College Road, near Jama Masjid",096617 47798
Kishan General Store,General store,"Motibagh, Market, nearby Kishan Kirana Store",070339 12213
Rehan Ayurvedic Store,General store,"Gandi Chowk, Shiv Mandir, Kishanganj Bazaar Rd",062071 31887
SAHID SHOP,General store,Khagra Market,084344 27340
Aman Stor,Grocery store,"Y5, Madrsha",091423 24001
DUAA GENERAL STORE,Supermarket,"001, Kochadhaman - Alta Rd",097710 81919
Imran Shop,General store,"Shop 01, Ward No 03, Sanmda Chowk Kishanganj Near, off Elite Public School",072503 45606
Suman General Store,General store,"Hat, near of Jama Masjid Rd",099557 81119
Ajmal General Store,General store,"P Chowk, L R, near of Satal Rd",080507 96354
TANBIR GENERAL STORE,General store,"Tappu Hat, near Jama Masjid",078073 86022
Shri Hanuman store,General store,"Dharamshala Rd, Near Raymond's Shop",094306 82640
Shubham General Store,General store,"R C Building, near Shiv Mandir",082101 96710
Masood General Store,General store,Line Khanquah Chowk,077629 57073
Dinesh General,General store,"Ward 33, near of Bus Station",091131 18231
RAHUL GENERAL STORE,General store,near Kali Mandir,080840 87692
BHARTI GENERAL STORE,General store,"Shop No 3A, Nayatola Katihar, Road, near Hanuman Mandir",081307 88761
Mahir General Store,General store,"Mantri Chowk, near of Mantri Rd",06355 261 345
Anjali Kirana Store,General store,"13,kharitola, near Mahavir Mandir",095237 73803
Pramod General Store,General store,Fal Chowk,093049 65391
ANAND GENERAL STORE,General store,"SHOP NO 5A, BINOD PUR, KATIHAR YADAV TOLA CHOWK ROAD, near SALMAN MEDICAL",095707 00804
Tarique General Store S,General store,997,099315 79084
CHAND GENERAL STORE,General store,"REZA CHOWK, near of JAMA MASJID",095705 79659
ASIF GENERAL STORE,General store,"Shop Number 01 Ward No 13, near Masjid",088098 99429
RAHUL GENERAL STORE,General store,Town Bus Stop,073679 32313
ASHARAF GENERAL STORE,General store,"Shop No 02 Ward No 11, near Masjid",085442 83782
Brother General Store,General store,Hat,070046 33065
Samiul General Store,General store,"Chowk, near School",062040 67137
MASRIKUL GENERAL STORE,General store,"Block Chowk, Kishanganj - Bahadurganj Rd, near A.S HOSPITAL",074885 85261
NARESH GENERAL STORE,General store,"Shop No 1, Golaghat Mansahi Road, near Brig",077390 95213
Kishan Kirana Store,General store,"New Market, PS",082520 81083
ABDUL GENERAL STORE,General store,"Shop No. 2 Noori Chowk Powakhali, Road, near National Highway 327",072600 07761
Mahesh General Store,General store,"BASTAGOLA MASTAN, CHOWK, near Mastan",097711 83736
Amir General Store,General store,"Uttarpally Police Line, near of Sultan Mansion Company",095463 87970
Mister General Store,General store,"Word 15 Singhia, near Middle School",062009 16521
Pramod General Store,General store,"06,Devnagar, near Janki Mandir",062049 43714
General Store,General store,"Madina Market, Marwari college Rd",075410 20896
Rajesh Kirana Store,General store,"Rajesh Kirana Store, near Dhangada School",070618 39132
ANWAR GENERAL STORE,General store,"Shop No. 05 Noori Chowk Powakhali, Road, near National Highway 327",077380 41550
Prem Store,General store,"Purab Palli Road, near MGM Medical College",094306 83101
PUNAM GENERAL STORE,General store,"Shop No 1, A Souriya, Katihar Sonoli Road, near Souriya Ghat",080848 60253
Sujit General Store,General store,"Road, near of Singia",082524 37743
CHANDAN GENERAL STORE,General store,"SHOP NO 2, DUMARIA KATIHAR, Katihar Road, near Durga Mandir",093419 00145
Abdul Haque General Store,General store,"Shop No 4, H. Golaghat Chowk, Mansahi Pranpur Road, near Jama Masjid",073048 84360
AJ Store,General store,"Ward No 01, near Bethel Mission School",075868 18656
Naim Store,General store,"01, Halim Chowk",088090 76733
KHLEDA GENERAL STORE,General store,01,062016 68574
Mishra Ji Store,General store,"02, Jilebiya More",096080 53619
Maa Kali General Store,General store,223,091023 40474
Aman Pooja Store,General store,"Ward No.13, Fal Chowk, near Bari Kothi Mandir",079911 78614
SUDHIR GENERAL STORE,General store,Kishanganj,063532 89182
General Store,General store,"At Mujabari Post, Ps",080923 87619
ANWARUL GENERAL STORE,General store,"SHOP NO 12, PIYAZHATTI ROAD, near HANUMAN MANDIR",098774 14185
SOFA KING,Furniture accessories supplier,"Halim chowk Bahadurganj mor, Bahadurganj Road",099555 81558
Kaafka Furniture,Furniture store,07 Kishanganj,073200 54684
saran wood craft,Furniture store,"Lahra Chowk, opposite of MRF and indane gas agency",099580 52431
ZIA MARKET,Furniture store,"4W3X+RCV, Churipatti Rd",085443 02586
SONAI KITCHEN CARE,Home goods store,"3WVR+6M4, Bihar Bus Stand, Kishanganj",082500 84990
FANCY FURNITURE,Furniture store,"4X26+H7J, Purab Palli Road",093865 91797
Kiran Enterprises,Furniture store,"4W3X+WCW, Churipatti Rd",094733 72182
Modern cane furnitures & Bag House,Furniture store,"4W3X+RCM, ZIA MARKET,, Churipatti Rd",070330 64106
KARALUMINIAM FURNITURE,Furniture store,"02, GANDHIJI MORE",098839 28433
Mursalieen Steel Furniture,Furniture store,"Shop No 02 Wars No 21, Halimchowk, near of Jama Masjid",085409 78096
Amaan Steel Furniture,Furniture store,387,075470 54387
HODA FURNITURE,Furniture store,4W5W+2V2,06757 334 842
Anwar Furniture House,Furniture store,"Shop No 1 Ward No 07 Barbatta, Market, near Kochadhaman",062052 57497
Sahil Steel Furniture,Furniture store,881,082929 33545
Unique Furniture,Furniture store,"Dreamz Commercial Complex, College Rd",098706 06110
Shahnawaz Plywood,Furniture store,"01, Mastan Chowk",089694 32438
ANJAR STORE,Furniture store,"2, Burnay",095604 75435
Abu Lais Furniture,Furniture store,"Ward No 11 Barbatta, Market, near Kochadhaman",099396 75588
RAGIB ELECTRIC,Furniture store,"SHOP NO 3 A, ISLAMPUR KATIHAR, D S, College Rd, near Rediant Hospital",084349 58499
M J TRADING,Furniture store,Mohiuddin Pur Mohiuddin Pur,093048 01159
Israil Furniture,Furniture store,"08, BLOCK ROAD",062873 55354
Vikash Enterprises,Furniture store,Main Road,097983 72058
फौजी ट्रेडर्स,Furniture store,"6V3F+PXC, Kishanganj - Bahadurganj Rd",094707 32751
PINKU STEEL FURNITURE,Furniture store,"4W4R+F29, Netaji Subhash Rd",082983 55291
Rajdhani Furniture And Electronics,Furniture store,Churipatti Rd,097982 05676
Ak Steel farnichar,Furniture store,"Ak stell, Kishanganj - Bahadurganj Rd",083405 47822
MD Yousuf SOFA KING,Sofa store,"Halim chowk mor, near subhas da gym",095460 74567
Nayaab Furniture House And Electrics,Furniture store,"Shop No 05, near Government Hospital",080841 12032
Furniture World,Furniture store,"Ground Floor, Q Heights, opposite V Mart",070043 34667
Meraj Store,Department store,"4W5P+MJH, Kishanganj - Bahadurganj Rd",094308 56048
SHREE ANAND,Clothing store,Saudagar Patti Rd,06456 222 733
FI Fashion,Clothing store,thakurgaanj road,093417 14959
Shoukat Dresses,Men's clothing store,Paschim Palli Chowk,080847 51522
Gupta's-An Exclusive Readymade Showroom,Clothing store,Churipatti Rd,099344 44648
LALIT KUMAR JAIN,Clothing store,Neem Chand Rd,082107 77602
The Raymond shop,Clothing store,"Ground Floor, Dharamshala Rd, near Laxminarayan Mandir",080 4493 8912
Sani Dresses Kishanganj,Clothing store,"Gandhi Chowk, opposite UCO Bank",075438 22229
Priyanka Dresses,Clothing store,Churipatti Rd,094734 27857
Jugmug Dresses,Men's clothing store,"1st Floor, Pannagulab Complex, 4th, Neem Chand Rd",084097 25179
BHOOMI GARMENT,Clothing store,"Neam, Neem Chand Rd, 855107",084721 35550
Ridhkaran Rajkaran(R.R.),Clothing wholesaler,Dharamshala Rd,085030 20302
BHARAT DRESSES,Clothing store,BHARAT PRASAD GUPTA Khagra Nawab Road,079039 15044
Duke Showroom,Clothing store,Hospital Rd,062998 57370
New AMAYRA ( AMAYRA ETHNIC COLLECTION). (A COMPLETE FAMILY ETHNIC SHOWROOM),Clothing store,"Churipatti Rd, opposite of Haider Nursing Home",088024 86365
Shree Bahubali,Saree Shop,"Dharamshala Rd, beside pukhraj bafna jewellers",096417 77769
Pushpanjali,Shopping mall,Saudagar Patti Rd,090387 57626
AGARWAL CLOTH STORE,Clothing store,"4X32+35G, Neem Chand Rd",070040 62273
SK DRESSES,Store,Hospital Rd,070043 06869
Manyavar,Men's clothing store,"1st Floor, Mahavir Marg, near Congress Office",080 3700 2485
Fabric Trends,Clothing store,"4W4V+358, near S R Products",087971 01213
Fashion City - Kishanganj,Shopping mall,Mall Bazar Rd,096939 61117
Suraj vastralay,Clothing store,"Style Bazar, Opp: Bata showroom",094314 78787
SRK COLLECTION,Clothing store,"SRK COLLECTION, Kailash Chowk, near Durga Mandir",070709 74321
BIHAR SHOWROOM,Clothing store,"Churipatti Rd, near Canera Bank",095724 29199
Afsar Fashion Stor,Clothing store,W E,091426 84901
Ruchika,Men's clothing store,"4X32+6FH, Neem Chand Rd",094733 49048
M.a Fashion Store,Clothing store,"Shop No 3, Road, near by Mashalda",06295 673 248
Anwar Cloth Store,Clothing store,"Hospital Rd, near sadar hospital Gandhi Chowk, opp. bata Showroom",093344 33485
Good luck Tailors,Clothing store,"Bhagat Toli Rd, near Gandhi Chowk",070042 10984
NEW COLLECTION,Clothing store,"4W5W+3C5, College Rd",062011 09016
AL HAYA HIJAB CENTRE,Women's clothing store,"4W3V+FRX, Line Masjid Rd",094304 45294
krishna cloth store,Clothing store,"ward no 8 Raipur, road, near of mandir",093346 15115
Aadee Dresses,Uniform store,"4X33+49W, Ground Floor,Parasnath Bhawan, Dharamshala Rd",65456224683
Hanif Cloth Store,Clothing store,"SHOP NO 02, BIHARI NEAR",087683 75134
Cotton Shop,Clothing store,"8, Churipatti Rd",074797 53556
Darshan Matching centre,Clothing store,"Near: Value plus, Saudagar Patti Rd",080841 11074
Bata Shoe Store,Clothing store,"ASHA NAND COMPLEX, Hospital More, 2",082328 88754
Up To Date Trailor,Clothing store,412,099344 92104
NEW NIQAB COLLECTION,Clothing store,"4W3V+R4F, near National High School",082102 44921
KHABIR SHOP,Clothing store,Khagra Mela Marjet,095235 08784
Sandeep Stall,Clothing store,"Shop No 02, Ward No 26, Mahavir Marg, near of Laxmi Hotel",082102 01954
Gulshan Cloth Store,Clothing store,Kishanganj,072099 40075
Rahul Store,Baby store,01,070631 75676
Hindustan Fashion,Clothing store,"4W5W+3F3, Kishanganj - Bahadurganj Rd",089871 93478
sanjay cloth store,Clothing store,"4X23+XQX, Dharamshala Rd",095706 82106
BROTHERS ENTERPRISES,Clothing store,"Pashimpally, near of Durga Mandir",091361 90149
Ashok Dresses,Saree Shop,Loharpatti Rd,062079 05829
SAFDAR CLOTHS STORE,Clothing store,"ward 2, Imligola Chowk, Insan School Rd, near Bilal Masjid",070073 51423
Khushboo Cloth Store,Clothing store,"Churripatti, Pilkhana Rd",096085 84323
AZIZ CLOTH STORE,Clothing store,"NimChand Road, near Daftari Mall",075410 05987
Fancy Garments,Women's clothing store,"V Mart, Road",077629 56152
Shalik Cloth Store,Clothing store,"Shop No.01 Ward No.01 PachhimPali, Kishanganj - Bahadurganj Rd",075469 99084
Anjar Cloth,Women's clothing store,"786, Dighli Lohagachi",073659 10308
HODA DRESSES,Clothing store,"Churipatti Rd, near MADNI MASJID",079036 96791
Roshni Cosmatikes,Clothing store,Loharpatti Rd,088252 13104
Gautam Wastralaya,Clothing store,"Dumariya Post, Near, Hospital Rd",089864 12418
Parwez Cloth Store,Clothing store,3WQV+425 W S,083683 41818
Cloth Store,Men's clothing store,Hospital Rd,062065 21332
ANAS COLLECTION,Clothing store,"01, near of Apna Bazar",074837 60424
Fashion Clothe Store,Clothing store,"SHOP NO, PRIMARY SCHOOL, near PRANPUR",078725 18907
Raju Cloth Shop,Clothing store,"Shop No 8, P Pranpur Road, near C.B.I",093413 76613
SN COLLECTION NOUSHAD,Men's clothing store,"Shop No 3 A, Shiv Mandir Katihar, Bara Bazar Road, near LMB",079798 40635
BHARTI BASTRALAYA,Clothing store,"3WXW+83H, Neem Chand Rd",097759 11734
ABDUL CLOTH STORE,Saree Shop,"5, SABUDANGI",070706 45279
New York Cloth and Tailors,Tailor,KW.003.0043 Dey Market Near Metro Cinema Hall,070042 33483
Aslam Cloth Store,Clothing store,"Khagara Mela, cloth Store, 06, BSF campus Road",085442 53526
Hasan Brothers,Sporting goods store,"Holding No. KW 0210001, Saudagar Patti Rd",094309 47393
ANSAR GARMENTS,Clothing store,"SHOP NO.02 LAHRA CHOWK, NEAR, CHAKLA ROAD",096315 27420
Ansari Garments,General store,"Kariali Bazar, Bhalka Road",075016 81397
Fancy Foot,Shoe store,Churipatti Rd,099344 44790
Ummat Garments,Clothing store,Meer Thakurganj Road,099318 28480
GOLAM CLOTH STORE,Clothing store,"Shop No. 02 Noori Chowk Powakhali, Road, near National Highway 327",074883 56861
Sakir Clothes,Clothing store,Camptola Laxmipur,088498 31651
Tanishq Jewellery - Kishanganj,Jewelry store,"Tanishq, near Rajbari Honda showroom",092644 76701
MANIRUL SWEET CENTRE,Sportswear store,"SAKIM MOAR, sakim moar",078720 73822
MOMINA BEGAM,Sportswear store,Kariali Kariali,094341 53245
shanwaj clothe store,Tailor,"shop no 07 jhala, near masjid",088492 04297
Mohammad Shaddab,Women's clothing store,Khagra Market,094996 51610
MEHBOOB CLOTH STORE,Men's clothing store,"Churipatti Rd, near MADNI MASJID",079033 59544
Moazzam Multi-Complex Center,Clothing store,"Paschimpali, 855107 Kishanganj, Road",06456 222 999
Uttam Babu Cloth Shop,Clothing store,"Shop No 9, Pranpur Pranpur Road",090068 01047
Najim Cloth Store,Clothing store,Munna Mustak Chowk,080024 31847
Sohel Cloth Store,Boutique,Ward No.11,089502 24469
Nawaz Brother Cloth Store,Clothing store,"Shop 01 Ward No 02, Lahra Chowk, near Marwari College",082710 08820
Manjur Garments,Clothing store,"Ward No 01, Near Bethel Mission School Fulwari",086178 32691
AFTAB CLOTH SHOP,Clothing store,near of V Mart,088774 32047
TANIYA CLOTH STORE,Clothing store,3WQJ+V9V,097096 54559
Anash Cloth Store,Tailor,"Hat, near Congress Office",075419 36461
Amit Garments Store,Clothing store,"Bazar, Shiv Mandir Rd",062966 18984
Manjar Cloth Stor,Clothing store,Q,070911 56272
R.N GARMENTS,Clothing store,"SHOP NO.11, THIKRIBARI HAT, near Thikribari Madarsa",089276 91901
Yeasin Clothes Stores,Men's clothing store,"Shop No 3, Daily Bazar, nearby Ratua",093824 53742
Agarwal Hardware Store,Building materials supplier,"Gandhi Chowk, Hospital Rd, below SBI Main Branch",094312 32217
Kishanganj Hardware,Hardware store,Marwari college Rd,099101 83430
M/s Kumar Hardware,Hardware store,near Hero Showroom,081005 08327
Garib Nawaz Trading,Hardware store,"Ward no-1, College Road",098017 79999
Choudhary Hardware,Hardware store,Nawab Road,094733 25499
MUKHIYA JEE HARDWARE,Hardware store,Bazar Markat Markat Road,089440 46974
Das Hardware,Hardware store,Dey Market,094308 55375
Tiwari Hardware,Hardware store,Hospital Rd,074619 77029
dey market kishanganj,Shoe store,"3WXW+J8H, Dey Market Chowk",072600 02220
Nurul Hardwear,Hardware store,"07, Powakhali Main Road",063928 67526
PLUMBING ZONE,Hardware store,"Mahavir Marg, near BHARAT NURSING HOME",073640 64958
HN Traders - Ambuja Cement,Hardware store,"Pashchim palli, KTTG Rd, near bhumi rice mill",096080 33910
Sun Steel,Hardware store,"786, Khagra",091289 80773
Aftab Box Sope,Hardware store,"786, Khagra",089007 26398
SAWARIYA TRADERS,Hardware store,"road, Station Rd",094734 27177
RAHMATULLAH STORES,Hardware store,Land Mark Mastanchowk Bagalbari,062053 95069
Sahara Cycle Store,Hardware store,"Mahavir Marg, near Aata Chakki Mills",074881 14551
CLASSIC TILES & INTERIORS,Hardware store,"AT- UATTARPALLI ROAD PACHIMPALLY THAKURANJ RAOD, BEFORE SBI, DIST",077396 12329
INDIAN HARDWARE,Hardware store,"Azim Chowk, Kishanganj - Bahadurganj Rd, near Moharmari",072505 32896
Tausif Hardware,Hardware store,"Majhaiya Wakil Tola, Majhiya Rd",091220 98800
Roy Sales Agency,Hardware store,4W5R+VGF,094314 64213
Inam traders,Hardware store,Rahmat para hat,099346 04311
Akbar Hardware,Hardware store,"Ward no.13, Mahingown Kasera",093045 93637
JALIL HARDWARE,Hardware store,"Balwa Fakar, Near Masjid, Market",077008 96595
Chand Hardware,Hardware store,787,091178 42922
Appu Hardware,Hardware store,Marwari college Rd,070507 36879
LAXMI SOUND & TENT,Hardware store,1,099399 35224
Helal Distributors,Hardware store,"Helal Complex, Hotel, Churipatti Rd",094318 86019
"Guddu, Hardware Shop",Hardware store,"4W8J+379, Kishanganj - Bahadurganj Rd",099738 67397
ANAND HARDWARE STORE,Hardware store,"Shop No 1, Dumaria Katihar, Katihar Road, near Durga Mandir",076679 90313
Fati Hardware,Hardware store,"786, Manora",089279 55209
Sohail Hardware,Hardware store,1,098322 16616
Rintu Das,Hardware store,"Shop No 01 Harishchandrapur, near Harishchandrapur Collage",082935 42926
MOHAMMADI HARDWARE STORE,Hardware store,MOHAMMADI HARDWARE STORE,084343 67290
Sharma Enterprises,Hardware store,06,070049 51058
MD ABUZAR ALAM,Hardware store,"Shop No. 001, Kadam Rashul, near Halim Chouk",070615 44571
Noor Grill Store,Hardware store,"01, Illfraz Chowk",096930 39056
Md Nasir Alam,Hardware store,01,085217 49066
GARIB NAWAZ TRADING,Hardware store,"Kishanganj - Bahadurganj Rd, Lahra - Belwa Rd",098017 79999
JK HARDWEAR,Hardware store,"01, GANDHIJI MORE",089182 09104
SULTAN TRADERS,Hardware store,"Shop No-02,Ward No-01, Uttar Pali, near of Sultan Mension Company",095235 08394
Mahe Traders,Hardware store,04,094707 31998
VIKASH HARDWARE,Hardware store,"4W2X+C74, Hospital Rd",094316 58439
Shahbaz Hardwear,Hardware store,"01, Taiabpur",072507 17360
Prem Shop,Hardware store,Hospital Rd,091999 04684
KAJAL HARDWERE,Hardware store,"01, TINMAIL HAT NETAJEE MORE",086602 72805
Ania Hardware,Hardware store,"13, Kishanganj",095729 06424
S.R HARDWARE SHOP,Hardware store,"4W8G+MV7, Lahra - Belwa Rd",078609 52716
Royal Marbles,Hardware store,"Ward No 11 Barbatta, Market, near Kochadhaman",099738 06464
Asha Hardware,Hardware store,02 LODHABARI,091234 30046
GULJAR STEEL FABRICATION,Hardware store,"Shop No 02, Pipla Chowk, Kishanganj - Bahadurganj Rd, near Indian Bank",070703 19861
Manjar Hardwear,Hardware store,"09, haji Chowk",062063 58671
SAJJAD HARDWEAR,Hardware store,"01, Taiyabpur",088262 58377
M J TRADING,Hardware store,Mohiuddin Pur Mohiuddin Pur,093048 01159
Neeraj Hardware,Hardware store,"At Shiwanjani Chowk, Ps",075839 93725
Vijay Marble,Tile store,Chowk,06456 222 887
Taniya Tiles,Marble supplier,"Paschimpali, College Rd, near Nbpdcl",062031 94599
Nitco Tiles - Khalid Enterprises,Tile store,"Lahra, Chowk, Kishanganj - Bahadurganj Rd, nearby Indian Petrol Pump",080 3778 4134
ALIYA MARBLE & TILES,Tile store,SH 99,091137 89737
"Greenply Plywood (Jaiswal Glass Emporium) - Best Plywood Shop And Dealer In Gandhi Chowk, Kisanganj",Plywood supplier,Hospital Rd,093550 69171
Balaji Decor,Party planner,Kagazia Patti Rd,087894 83605
Jai Laxmi Stores,Home goods store,Neem Chand Rd,080841 21111
Ridhi sidhi store,Party planner,"Bihani complex, Neem Chand Rd",079032 89682
Ashok Furniture,Furniture store,192,090319 39913
Uphar,Gift shop,"4X32+G84, Bhagat Toli Rd",094318 86101
Aman Dream Home Pvt.Ltd,Bicycle Shop,"3WQM+C8, Bahadurganj Road",095469 62016
ISHITA ENTERPRISES,Paint store,"Ward No 02, Subhashpally",099346 95451
Pappu Store,Furniture store,Majhiya Rd,077830 65665
Maa durga trading,Paint store,"3XX2+P6F, Station Rd",082941 96024
Grace Candle & Company,Candle store,"mumtaz apartment, nawab road",098350 41911
ATIKA STEEL FURNITURES,Furniture store,"Shop No 2, near by POWER HOUSE",062965 62100
Cake_cafe_,Cake shop,"Daspara, near club",090655 85959
Faisal Akhtar,Furniture store,"Shop No.07 Ward, 01, Churipatti Rd",090066 60979
Khushi gift house,Store,"Pilkhana Rd, opposite Sehat Nursing home",085410 06639
MD ABID ANSARI,Fabric store,Khagra,096380 02978
Chillers Point Kishanganj,Cake shop,"Deorhi Rd, near Heritage School",094707 06293
En La Designs,Architecture firm,"Line Para Rd, near jhulan mandir",084201 20299
CHANDAN SHOP,Furniture store,"Shop No 09, Kishanganj, near Malabar Bajar",097335 15652
Standard Pastry Shop,Cake shop,"Dharamsala, Dharamshala Rd",062026 62844
Bakers Feast,Bakery and Cake Shop,"Vivekanand Nagar New Bharat Nursing Home, Road, near Babosa & Kali Mandir",089186 46199
Mio Amore,Pastries,Hospital Rd,084058 24678
Amaan Steel Furniture,Furniture store,387,075470 54387
RAJ KUMARI,Fabric store,"Shop No 05, Halim Chowk, AMU Road",089723 39768
Star shoe palace,Shoe store,Saudagar Patti Rd,094733 49039
Nice Shoe Store,Shoe store,"4X32+H92, Bhagat Toli Rd",083404 84173
Bata Shoe Store,Shoe store,"ASHA NAND COMPLEX, Hospital More, 2",082328 88754
JAI HIND SAINIk & Civil Store,Shoe store,KHAGRA CHOWK,079033 97870
Metro Foot Wear,Shoe store,Churipatti Rd,079034 04075
Afroj Shoe Store,Shoe store,Khagra Mela,062873 55137
Bengal Footwear,Shoe store,"Shop No 01, near Tulshihata High School",070768 62619
Royal Looks Fashion,Shoe store,09 Kishanganj,080928 68555
Maswood Footwear,Shoe store,416,099349 90919
Ataur Shoes,Shoe store,06,080840 65060
IMRAN FOOTWEAR,Shoe store,"Churi patty, Pilkhana Rd",085410 07297
SABBIR FOOTWEAR,Shoe store,"3WRQ+3XW, Majagama",095084 04694
ERAM FOOTWEAR,Shoe store,"01, Madarsa Road",062050 94771
Numair Footwear,Shoe store,janta hat,084095 00589
Sai kero gas agency,Appliance store,"Behani complex, Neem Chand Rd",079922 75853
Sanjay gas repair,Gas shop,near shani mandir,094708 67277
Lakshya Water Treatment,Hardware store,Railway Station Railway Station,096610 22607
MOHIT RO,Water Filter Supplier,"Thakurbari Rd, near ganga babu chowk",082715 62744
NAINA MOBILE KISHANGANJ,Stationery store,"Oriental public school, Tegharia Rd",079035 60577
Bharat Book Depot,Book store,"4X32+66V, Bhagat Toli Rd",094306 82639
Commercial Book Centre,Book store,"Bhagattoli Raod, Kishanganj Bazaar Rd",089870 64264
SEN STATIONERY,Stationery store,near Kabir Chowk,085858 16465
Roji Library,Book store,01,096353 65008
Gupta Book Depot,Book store,"4X24+7CX, Park Road, Dharamganj Chowk",094704 66856
Jain Printers,Commercial printer,Bhagat Toli Rd,087579 32704
Shiwani Store,Stationery store,"02, Kishanganj Kathiar",094722 43602
Shine Indian Book Centre,Book store,"Bhagat Toli Rd, near Indian bank",091226 95896
City store,Optical Wholesaler,"4X32+Q86, Saudagar Patti Rd",091626 33148
Moulvi Book Centre,Stationery store,"04, Bakali Basti Rd",083401 93980
Knowledge Point Book Store,Book store,"3WGC+VQW Shankar Motors pvt.ltd, Rampur - Hawai Adda Rd",085398 90842
Stationary Store,Stationery store,"Moudho bhebha, bhatta chowk",062020 76072
Ayush Agency,Book store,Dahi Patti Rd,077669 97667
R K Store,Book store,Kishamganj,075859 54375
jyoti metal stores,Shopping mall,"4X32+P9H, Saudagar Patti Rd",06456 222 539
Prakash Stores (HAWKINS Dealer),Countertop store,"Hospital Road,",094312 32215
"Hulash Chand Manik Chand,Near Rajbari Mall",Countertop store,Neem Chand Rd,080026 91635
Mahamaya Sweets And Snacks LLP,Restaurant,"Jamuna Market, Neem Chand Rd",094309 94111
Shyam Misthan Bhandar,Sweet shop,Neem Chand Rd,070334 55929
Adarsh Mistan Bhandar,Indian sweets shop,"Day Market - Poawakhali - Jiyapokhar Rd, Bandar Jhula",088776 43729
Giridhari sweets & snacks,Sweet shop,Fal Chowk bazar,070040 22307
Krishna Sweets,Indian sweets shop,Bahadurganj,099346 95357
Akram Sweets,Tea store,"786, Rampur Chandni Chok",095635 84890
Cake and Bake: The Pastry Shop,Bakery and Cake Shop,"Mahavir marg, Caltax Chowk, near Bharat Nursing Home",084058 24678
Tanbiralam,Sweet shop,"Cycle store, Near Majgama, majgama, hat",091991 44070
raj dog store,Pet supply store,3WRQ+M9R,073529 94017
MUJAHID CHICKEN SHOP,Veterinarian,"5, Pawerhouse",062047 57248
Metropolis Labs | Blood Test & Diagnostic Centre in Kishanganj,Medical laboratory,"Ward No. 2, Marwari college Rd",033 6812 0042
Delhi Pathology Lab Kishanganj,Medical laboratory,"Paschimpali, near state bank of india",099396 43723
Metropolis Labs | Blood Test & Diagnostic Centre Kishanganj,Medical laboratory,"Ground Floor, Dharamshala Rd",033 4083 7905
Redcliffe Labs - Collection Center,Medical laboratory,"Ground Floor, Dharamshala Rd, near Rail Gate",079 6928 5507
Dr Lal PathLabs - Patient Service Centre,Diagnostic center,"Ward No 3, Infront of Borges Diagnostic Centre, Chowk, Paschimpali Road",080 6264 5570
Thyrocare centre,Laboratory,"MAZAR CHOWK, College Rd",070049 64730
Suraksha Diagnostic Center,Diagnostic center,"Insan School Rd, behind Daftari Palace, opp. J.D Motors",086373 99795
Shri Pathological Laboratory,Pathologist,CALTAX CHOOK KISHANGANJ,070611 11101
KHAN LAB,Diagnostic center,04,096939 59438
Apollo Diagnostics,Diagnostic center,"Nahid Complex, near Marwadi college",096061 12399
Rangoli Video Mixing Lab,Video editing service,"Dey-Market, Hospital Rd",094314 11601
Akram Lab,Diagnostic center,Churipatti Rd,079034 50732
JANTA DIGITAL X-RAY CENTER,X-ray lab,RLY COLONY QTR .NO - E/136/B,070046 39914
M S Pathology Lab,Pharmacy,"2, JALALGARH, PURNEA",096616 54258
Utpal Mixing Lab,Homeless service,02,095085 85899
Lab And Medicine Store,Pharmacy,06 Kishanganj,090060 33016
Metropolis Labs | Blood Test & Diagnostic Centre in Kishanganj,Diagnostic center,"Ward No. 2, Marwari college Rd",033 6812 0042
Metropolis Labs | Blood Test & Diagnostic Centre Kishanganj,Diagnostic center,"Ground Floor, Dharamshala Rd",033 4083 7905
Citycare Diagnostic,Diagnostic center,"212 Paschimpali, near Radiant Hospital",093042 74629
Alam Diagnostic & Imaging centre,Diagnostic center,"Nashim building, College road, Churipatti Rd, near by N.B Nursing home",062064 81072
Redcliffe Labs - Collection Center,Diagnostic center,"Ground Floor, Dharamshala Rd, near Rail Gate",079 6928 5507
Ahmad Diagnostic Centre,General store,"Kishanganj Pir, khan Rd",079798 60570
S.M Diagnostic Centre,Homeopath,05 Kishanganj,079030 32581
"Agilus Diagnostics- Mohiuddin Pur, Kishanganj",Diagnostic center,"Mazar Chowk, College Rd",070049 64730
Wellness Diagnostic Centre,Pharmacy,"College Road Collage Road, Churipatti Rd",075499 76718
Paras Medical Hall,Medical Center,"4W4X+GGV, Pilkhana Rd",089872 16671
Shafa Diagonostic,Diagnostic center,06 Kishanganj,070024 89342
Apollo Diagnostics,Diagnostic center,"Line Para Main Rd, beside Das Communication, near Hanuman Mandir",096061 12399
Grocery Mart,Indian grocery store,College Rd,079798 32453
Mantu Milk Parlour,Grocery store,"Ward no. 01, Hawaii Adda Rd",094708 43594
Khushboo General Stores,Grocery store,"A K Stores, Bank Rd",070501 08481
Patanjali distributor store,Grocery store,Patel Path,070119 21355
Patanjali Mega Store,Ayurvedic clinic,"Thana, 9, Kaurihar Rd, near Amazon Transportation Services",099399 07577
PATANJALI MEGA STORE,Grocery store,"NERA, SRP HOSPITALS",095236 02323
Patanjali Chikitsalay,Ayurvedic clinic,"Ground Floor, Aakarshan Gali, Bank Rd",079090 43339
COSMO BAZAAR RAXAUL,Outlet mall,Zahir House,091473 60719
Raxaul Kart,Grocery delivery service,"Ward No.22, Naga Rd, near Vishnu Mandir",070045 56820
RIDHI SIDHI TRADERS,Grocery store,LAXMIPUR LAXMIPUR,099731 91005
Sri Maa Laxmi Pattal store,Market,"XVM2+7CW, Mitha Bajar road",091227 87578
EX MAN CANTEEN,General store,"LAXMIPUR MAIN ROAD, near AANKHA ASPTAL",070044 27581
DEEPAK KHAINI DUKAN,Grocery store,PAREWA PAREWA,062016 91205
Vijay General store (Aditya Raj),Supermarket,"XVJ3+65G, Naga Rd",072508 82251
Prisha Traders,Grocery store,Post Office Rd,079798 92345
Saroj General Store,General store,XVM4+3C2,081145 19698
Saraswathi Chuck Gupta market,Electronics store,XVC4+MRG Saraswati Sishu Vidyamandir School,094708 43471
Rishu General Store,General store,"12454, Block Rd",083840 54088
Palak Kirana Stores,General store,"Palak Kirana Store, Shabhyata Nagar Rd",087577 88776
Ramashankar Dana Store,Grocery store,"Shop 1 Gamhariya Chauk, Road, near Uttar Bihar Gramin Bank",097715 93211
Sumeet Traders,Rice shop,Chawal Bazar Rd,096315 89268
AAHIL GENERAL STORE,General store,"KAURIHAR, CHOWK, SANIK ROAD",072580 08580
Jenika Beauty,Indian grocery store,"Bank Rd, near Canara Bank",098526 10200
"Bhardwaj Market, Gamhariya, Raxaul, Bihar",Shopping mall,"Gamhariaya Nahar Bus Stop, Uttar Bihar Gramin Bank, National Highway 28A",075585 83204
RAJ KIRANA STORE,General store,"Post Office Rd, near RAMJANKI MANDIR",099733 38694
Sabir Kirana & General Store,General store,NH527D,073528 65359
UPENDRA KIRANA,Grocery store,21 MIRCHA PATTI,074618 42010
Cheapest Products,Household goods wholesaler,Post Office Rd,094316 37143
Family departmental store,Indian grocery store,"XRHR+8GW, Near kaurihar chowk, below sbi bank,raxaul(bihar)",099733 32997
TEJASH GROCERY STORE,General store,MAUJE CHOWK,099052 84466
Bhawani Traders,Indian grocery store,Bank Rd,076773 35086
Suraj Kirana Store Pappu Kushwaha,Grocery store,"XVH2+42M, NH527D",090977 22834
Shree Raunak Traders,Grocery store,Chawal Bazar Rd,070575 87242
Kailash Fruit Shop,Grocery store,"Kailash Fruit Shop, Main Road",073016 56472
AG Wisher,Grocery store,"Korihar, Chowk, near SBI Bank",074978 85568
Ram Babu Sabji Dukan,Grocery store,Sabji Bazar,099392 53741
MAHESH PATEL,Grocery store,"Ward No 21, Mircha Patti Road, near Abhishek Enterprieses",082943 17772
SANDEEP KIRANA SHO,Grocery store,Ahirwar Tola,095233 84804
Gudiya Devi,Grocery store,"Ward No 21, Abhishek Enterprises, Mircha Patti Road",092419 22896
MOHAN KIRANA,Grocery store,10 MAUJE,090315 99484
AMARNATH KIRANA,Grocery store,"LANE NO 2, ABHISHEK NEAR SHANKAR MANDIR, Q TREND MALL",074889 45144
Sahil General Store,General store,Airport Road,082109 32706
Ramji Vegetable Shop,Fruit and vegetable store,"Sabji Market, 12, Mirchapatti Rd",082529 65485
Irfan Genaral Store,Grocery store,"SSB Camp, Raxaul - Bhelahi - Senuariya Canal Rd",074638 46544
Aditya Vision Raxaul,Electronics store,"National Highway 527D Maskara Complex, Main Road, Dist, opposite P.O",099555 55544
NEW NEPAL ELECTRONIC,Electronics store,Bank Rd,094720 93367
Electric Centre,Electronics store,"Electric Centre, Lohapatti Rd",092290 16100
Sunil Electronics,Electronics store,Bada Pareuwa Rd,099344 19665
ASHOK ELECTRONICS,Electronics store,Loha Patti Rd,094708 43250
subh lakshmi enterprises,Computer store,"Mahadeva market, main road",094316 16038
Maa Vaishnavi Electric and Electronic,Electronics store,"Block Rd, near Kaurihaar Chock",098014 85884
Rama Electronics,Electronics wholesaler,Lohapatti Rd,094300 05751
Computer Care,Computer store,Bank Rd,099554 10922
New Surya Electronics,Electronics store,XVM2+QP4,094725 69869
Shri Balaji interprises,Cell phone store,"Main road, Mayur Gali",098350 64641
Sri ram computer & mobile,Computer store,"Ashram Rd, near Sri Krishna talkies",094712 96937
GREAT ELECTRIC/RANI ENTERPRISES ( BAJAJ AGENCY),Electric utility company,"Bajaj Electricals agency RANI ENTERPRISES, GREAT ELECTRIC",089995 76683
VOLTSTABILIX ENGINEERING WORKS PVT LTD,Electrical equipment supplier,"Bharat petrol pump, airport road",077397 30726
NewU,Cosmetics store,"Ground Floor, Bank Rd, opposite Canara Bank",062046 09400
BAJRANG MOBILE STORE,Mobile phone repair shop,"MAHADEVA MARKET, AIN ROAD",095040 58441
The Battery house sales & service,Electronics store,"Main Road, near IDBI bank and Bank of baroda",095049 40998
Krishna Auto Center,Electronics store,Main Road,080844 31606
RAJESHWAR ELECTRICALS,Electronics store,Duncan Rd,091109 80650
Akash Mobile Point,Electronics store,Raxaul - Shyampur Rd,085443 39633
GANPATI TELECOM,Cell phone store,"MAIN ROAD, Ashram Rd",070045 33622
DJ SUNIL RAXAUL,DJ supply store,DJ SUNIL BADA PREUWA,082945 58589
Kitchen House,Countertop store,Lohapatti Rd,094302 33868
Deepak Electronics,Electronics store,Bank Rd,094724 12934
Electro Care,Electrical supply store,Mai Mandir Road,087098 08438
VANEE AGENCY,Electronics store,Patel Path,095040 98700
SUMIT LIGHT HOUSE,Store,"Gandhi Nagar, Ashram Rd",094712 74396
Sudama Electronics Rajan Kumar,Electronics store,"XVM2+GMC, Lohapatti Rd",094304 27330
INDIAN GAS,Electronics repair shop,"10, Mauje chowk",080025 01717
Afroj Elections,Electronics store,"Shop 02, Korihar Chowk, Kaurihar Chowk Raxaul Purbi Champions",087574 25895
AMRITA HARDWARE,Electronics store,AIRPORT ROAD,080846 16242
Pashupati Watch & Radio Company,Watch store,"Lohapatti Rd, near Mata Mandir",062039 48481
SHAYAM BABU,Electronics store,Railway Dala,062034 84553
Maa Jagdamba Arts,Computer store,near Hdfc Bank,095070 64124
NR ELECTRIC Shop,Electronics store,"Ward No 3, Main Road",075620 46101
New Bihar Elctronics,Electronics repair shop,Pachpakri,070330 03161
Bajrang electric,Electrical appliance wholesaler,near lic office,062073 50074
Prestige Xclusive - East Champaran,Kitchen supply store,"Main Road, near Bata Show Room",085442 75903
UDAY ELECTRONIC,Electronics store,AIRPORT,070501 25144
SHRI RAM VISHWAKARMA ELECTRIC,Electronics store,"MAUJE CHOWK, Chawal Bazar Rd",091101 78220
PRKASH HARDWARE,Electronics store,"Shopno-01, Station Rd, near Lohapatti",095233 60857
Nashim Electric,Electronics store,Men Rod,070044 96770
GUPTA ELECTRIC,Electronics store,Kaurihar Rd,098013 69119
Shibu Kumar,Electronics store,Ashram Rd,098017 30905
Anu Sah,Camera store,Raxaul,097712 43906
Khushboo General Stores,Department store,"A K Stores, Bank Rd",070501 08481
Abhishek Enterprises near,General store,"Koiriyatola Triloki Nagar, Adapur - Nakardei Rd",062006 99221
Bhawani general store,General store,"ward no 24, Sainik road",080841 07088
GUPTA GENRAL STORE,General store,Gandhi Nagar Pull,075198 02176
HARI GENERAL STORE,General store,Station Rd,062011 71235
MUKESH GENERAL STORE,General store,"SABJI BAJAR, near MATA MANDIR",072779 14436
अंसारी जनरल स्टोर Ansari General Store,General store,near choti masjid laxmipur,099734 62241
JAY GENERAL STORE,General store,"RAXAUL, Ashram Rd, near Kali Mandir",077668 09296
Jaya General Store,General store,"Ward No.22, Shiv Puri, Naga Rd",080923 20336
ANMOL GENERAL STORES,General store,"IN FRONT DUNCAN HOSPITAL, Duncan Rd",099393 72229
MAHI GENERAL STORE,General store,"Naga Rd, near BARNWAL BHAWAN",073210 82347
SUNNY GENERAL STORE,General store,"RAXAUL, Kali Mandir Rd",099397 98477
ARJUN BHAJA DUKAN,General store,"SHOP NO 66 MAIN ROAD HANDI BAZAR RAXAUL STREET, NO 2, MAIN ROAD",077658 49513
SHAMI GENERAL STORE,General store,"WARD NO 8, ISLAMPUR, near MASJID",096611 32871
Swati Kirana Store,General store,"Gali No 03, Shabhyata Nagar Rd",092411 65066
Paridhi Stores,General store,Chawal Bazar Rd,093049 71672
PAPPU GENERAL STORE,General store,Duncan Rd,093046 70827
Brajendra Pathak Shop,General store,"Shop No01, Shree Ram. Path, Shri Ram Path",073524 45993
RAHUL KIRANA STORES,General store,BHELAHI BAZAR,096619 42765
Sitaram Chsudhary,General store,Handi Bazar,095235 63713
Shila Devi,General store,Post Office Rd,090651 70746
Sujata Trading,General store,"Sujata Trading Lohapatti Road, Main Market",094730 18058
RAJAN KUMAR BARNWAL,General store,"Ward No 21, Mircha Patti Road",099316 80349
MUKESH KUMAR CHAURASIA,General store,"SHOP NO 99 99 MAIN ROAD POST OFFICE STREET, NO 2, MAIN ROAD",062020 05207
Sujith Kumar,General store,Sujith Kumar,062005 79409
Suraj Fish Suppliers,General store,Fish Market,080846 36861
Manisha Devi,General store,Bank Rd,082929 22100
Sahu Hardware Stores,Hardware store,Lohapatti Rd,094302 22725
MAA LAXMI PATA GLASS UDHYOG,General store,"09, Main Road",062078 10255
RANJEET KIRANA STORE,General store,Chawal Bazar Rd,094310 87240
KHUSHBU KIRANA STORE,General store,HANDI BAZAR,094308 20900
Shaheb Alam,General store,Sabji Mandi,062057 62487
Agrawal Store,Ice Cream,Main Road Ward No 09,094316 37184
Kishana Pan Bhandar,General store,01,095462 73988
KAMRUL KIRANA,General store,RAXAUL,076545 99008
Awadhkisor Gash Dukan,General store,"AWD Kisor, Ramgdw Rod",062043 85903
PARDEEP BHAJA DUKAN,General store,"RISHU, Q TREND MALL LANE NO 2 RISHU Q TREND MALL LANE NO 2",073528 78528
Gupta Kirana & General Store,General store,Chauk Ramgarhwa Raod,098712 38936
FASHION PLUS MALL,Shopping mall,"BATA, CHOWK",085213 82138
DULARI GENERAL STORE,General store,"Shopno-09, Station Road, near Dr Chandan Kumar",098016 90840
RAJAN GENRAL STORE,General store,"XRMV+9RH, Station Rd",091620 08109
ISHU GENERAL STORE,General store,Station Rd,078707 98562
Ankit General Store,General store,Mircha Patti,090060 11198
GENERAL STORE,General store,"STREET NO 2, MAIN ROAD NAHAR CHOWK, SHOP NO 66, MAIN ROAD",088519 16737
Raj Nandani General Store,General store,Airport Road,075190 03398
SHREE GANPATI KIRANA STORE,General store,"STREET NO 2, SHOP NO 99 MACHLI BAZAR ROAD, MAIN ROAD",091554 85263
Gupta Kirana Store,Store,Block Rd,095466 09610
Roshan Tara General Stores,General store,"Ward No 09, Gandhi Nagar",074828 75870
GENERAL STORE,General store,"STREET NO 2, HANDI BAZAR, SHOP NO 88, MAIN ROAD",080923 24709
SHASHIBHUSAN STORE,General store,Mirchapatti Rd,097087 40478
WR GENERAL STORE,General store,College Rd,087892 71854
Pradeep Kumar,General store,Raxaul,088095 06977
JANKI GENERAL STORE,General store,MAIN ROAD,074618 82835
Azad Hind General Stores,General store,"Ward No 08, Islampur",095234 03181
RAHUL GENERAL STORE,General store,MAIN ROAD,087571 66213
KAMAKHYA STORE,General store,"10, Naga Rd",096133 62935
MAHESH AND SONS,General store,"Surti Patti, Chawal Bazar Rd",088097 83384
NARESH RAUT,General store,SHOP NO 44 MAIN ROAD RAXAUL KANANA STREET NO 2 MAIN ROAD RAXAUL SITAMARHI STREET NO 2,072580 41522
General Store,General store,"SHOP NO 88 CUSTAM DHALA STREET, NO 2, MAIN ROAD",096628 40670
SANJAY GENERAL STORE,General store,NEW ICP,095047 28321
GIRI JEE KIRANA DUKAN,General store,"Duncan Rd, near SINDE ACADEMY",062058 94239
SHUBHAM KIRANA STORES,General store,"Shopno-08, Station Rd, near Lohapatti Road",076059 17623
Tiwari Stationery & General Store,General store,"Gandhi Nagar, Ashram Rd, near Gandhi Nagar Main Road",062054 46134
Kushwaha General Store,General store,"Shonp 132aurport, Road Airport Road",085079 00394
Vinod General Store,General store,near Indianoil Corporation LTD,094707 89964
UMESH PAAN DUKAN & GENERAL STORE,General store,"Shopno-07, Station Rd, near K.D.reliance Ultrasound",093340 23352
"KUMAR MEDICAL HALL, RAXAUL",Pharmacy,"PHC, Main Road, right side of",095462 71943
Rudra Medical Hall,Medical Center,NH527D,070040 08587
Sony Medical Stores,Pharmacy,Duncan Rd,094302 06941
EMEDIX SMART PHARMACY - Raxaul,Pharmacy,Post Office Rd,099055 51314
PRADEEP MEDICAL STORE,Pharmacy,RAXAUL,091025 24869
Shree Raghunandan Trading (Rishu handloom centre) & Tent textile,Clothes and fabric wholesaler,"Raxaul, bihar, Ashram road , near phoolchand middle school, Ashram Rd, near middle high school",090062 20221
New Roop Bahar Interior Furnishing,Mattress store,NH 28A,072949 40100
Prakash Furniture,Furniture store,"Koriya, tola Main road",062012 05565
Vishal Furniture,Store,NH527D,094700 43447
Godrej interio showroom (Bharat furniture),Furniture store,"Pankaj chowk, laxmipur,Main Road, near Dr Aftab Alam clinic",075430 65573
K K Furniture | Motul. BAJAJ SPARE DIVISION,Furniture store,NH527D,094316 16099
RAJA FURNITURE,Furniture store,Bank Rd,094718 74072
Nazir Saw Mill,Furniture store,"Kaurihar chowk, new bus stand Rd, near SBI Bank",096319 76505
Jaquar Authorized Dealer - Pashupati Hardware,Bathroom supply store,"Ground Floor Machli, Mirchapatti Rd, nearby Panchmukhi Mandir",080 3701 4015
Raj Glass House,Plywood supplier,"Nahar Chowk, near Rangoli meat house",073197 97112
Balaji Enterprises,Kitchen supply store,Ashram Rd,082101 81414
Farhan Printing,Furniture store,Raxaul,072776 69261
Laxman Prasad Sah,Furniture store,Blood Road,072508 84317
Ranjan Hardware And Steel Furniture Udhyog,Hardware store,College Rd,082100 13683
MAA JWALA TRADERS,Home goods store,"old, Old Exchange Rd",079911 70782
CLASSIC PLY HOUSE,Hardware store,Sabji Mandi,094316 37126
Anand Furnitures,Furniture store,"2V5G+XJC, लोहरपट्टी रोड",+977 985-5026758
Shree Balajee Enterprises,Furniture Manufacturer,near Mansa Mata Temple,077640 96234
DIPANSHU SHOP,Store,"Shopno-09, Bank Rd, near Om Kirana",090068 97991
H B INDUSTRIES,Furniture Manufacturer,"Airport Road, near LIC office",085285 88020
Shiva Shop,Kitchen supply store,Block Rd,095233 08763
Amit medical centre,Pharmacy,Infront of Sona takij,097087 98926
Nizam Medical,Pharmacy,"XRMX+6VV, Chawal Bazar Rd",06255 220 152
MANJEET MEDICAL STORE,Pharmacy,Raxaul Main Road Hospital Chauk,074880 84696
BHAWANI MEDICAL,Pharmacy,Duncan Rd,082105 81212
PULKIT MEDICAL,Pharmacy,Ashram Rd,085214 58176
AJAY MEDICAL HALL,Pharmacy,"BHELAHI, BAZAR, Station Rd",072949 87033
ASHOK MEDICAL HALL,Pharmacy,00,094316 37688
SHIV JYOTI MEDICAL STORE,Pharmacy,"BAZAR, SABJI BAZAR BHELAHI",077399 39814
RAINA DRUGS AND SURGICAL,Pharmacy,STATION ROAD BHELAHI,099319 02676
AYUSH MEDICAL,Pharmacy,10,080835 75975
Bandhu Medical,Pharmacy,"Main Road, near Pankaj Chowk",099342 10643
P.k Agrawal Medical Hall,Pharmacy,"Meena Bazar, Post Office Rd",094712 18518
life care pharma,Medical supply store,Sainik Rd,098012 06391
Ganpati Pharma,Pharmacy,Shri Ram Path,062004 75536
Chaurasia medical agency,Pharmacy,Bank Rd,087090 73395
BIHAR MEDICAL HALL,Pharmacy,Chawal Bazar Rd,098523 66175
AAKRITI MEDICAL,Pharmacy,Akbar Chowk,080842 83695
MEDICINE House,Pharmacy,"Main road, near Sav school",096088 10518
NEW APOLLO MEDICAL HALL,Pharmacy,MAIN ROAD IN FRONT PRIMARY HOSPITAL,094312 06941
जय महावीर मेडिकल,Pharmacy,Ashram Rd,082946 14256
J.P. MEDICAL,Pharmacy,Kaurihar Rd,082100 23770
New Champaran Pharma,Pharmacy,"XRGQ+MV2, Kaurihar Rd",097711 00726
Thyrocare Service Provider,Pharmacy,"XVQ3+3VV, NH527D",088042 07508
GOVIND MEDICAL,Pharmacy,"RISHU, Q TREND MALL LANE NO 2 RISHU Q TREND MALL LANE NO 2",090062 08824
SUNNY MEDICAL HALL,Pharmacy,"JOKIYARI CHOWK BHELAHI, ROAD",091995 27741
BRIJESH KUMAR PATEL,Pharmacy,Raxaul,080023 72057
Puja Medical,Pharmacy,Ramgarhwa,062010 46697
RITESH MEDICAL,Pharmacy,"SINGHPUR, RAXAUL",074829 37347
DRUGE POINT PRIVATE LIMITED,Pharmacy,Main Road,092631 33960
Umashankar Medical Hall,Veterinary pharmacy,"Old Exchange Rd, near Marwari Mandir",093040 45888
R.P. MEDICAL,Pharmacy,Lohapatti Rd,099394 89901
Singh homoeo hall,Homeopathic pharmacy,Arya Samaj Rd,080833 96770
P K Medical,Pharmacy,"Jokiyari Chowk Shitalpur Road, Shital Pur Road",095072 78971
SIDHARTH MEDICAL HALL,Pharmacy,MUSHHARWA ROAD,098012 62868
SHYAM MEDICINE & CERGICAL,Pharmacy,"LANE NO 2, ABHISHEK NEAR SHANKAR MANDIR, Q TREND MALL",076676 24949
BAJRANG MEDICAL STORE,Pharmacy,"BAZAR, JP MARKET BHELAHI",099554 40944
Junaid Pharma,Pharmacy,XVH2+VJP,082945 40582
SHYAM AUSHDHALYA,Pharmacy,"PANCHMUKHI MANDIR, near SAGAR TRANSPORT",099310 04481
INDRA PHARMA,Pharmacy,"MAIN ROAD, near PETROL PUMP RAMGHRAHA",089861 20230
MAA GAYATRI PHARMA,Pharmacy,"XVM2+X5C, Bank Rd",094700 33523
S. HOMEO CLINIC,Homeopathic pharmacy,Ashram Rd,082100 14031
LAXMI HOMEO,Pharmacy,MAIN ROAD IN FRONT PRIMARY HOSPITAL,096314 83292
KEVA AYURVEDIC CHIKITSALAYA,Pharmacy,Kaurihar Rd,099349 34071
SHREE SHAKTI DRUG AGANCY,Pharmacy,"MAIN ROAD RAXAUL STREET, 3, MAIN ROAD, near NAGAR PALIKA STREET",095048 13915
Aasiya Traders,Pharmacy,Bank Rd,062048 62711
TIWARI MEDICAL,Pharmacy,MAIN ROAD,085819 46123
RAVI PHARMA,Pharmacy,Bank Rd,070042 51724
Kailash Drug Agency,Pharmacy,"16, Block Rd, in front of Block Office",099733 19977
Mangalam Ayurveda,Pharmacy,Station Rd,079034 72703
Alliance Pharma NMC,Pharmacy,National Medical College Rd,+977 980-4220151
Shivam Surgical,Pharmacy,"XVM2+RFC, Bank Rd",099733 53710
MANJU AYURVED CENTER,Pharmacy,Chandel Market,077628 51233
KUSHWAHA MEDICAL,Pharmacy,Duncan Rd,091627 52707
SHIVANI AYURVED KENDRA,Pharmacy,"SHOP NO 99 MAIN ROAD KAUHIWAR CHOWK STREET, NO 2, MAIN ROAD",082647 81198
RAM SURAT PRASAD,Pharmacy,"LANE NO 2, ABHISHEK NEAR SHANKAR MANDIR, Q TREND MALL",072778 28371
AKHATAR MEDICAL,Pharmacy,"Ward 15, near Block Mandal",095040 17950
Saurya Pharmacy,Medical Center,"Baram chowk, 15 Bypass",+977 982-1183931
ARUN SHOP,Store,"Shopno-09, Main Road, near Bike Point",079032 23706
Ajay Kumar Patel,Pharmacy,"Room No.08, manokamna Mandir",084340 20545
INDRA PHARMA,Pharmacy,"ward no.4, mishra colony, near DUNCAN HOSPITAL",089861 20230
Sagar medical,Pharmacy,Ashram Rd,090970 28995
GOLDEN PAINT AND HARDWARE STORES,Building materials supplier,"Kaurihar chowk, College Rd",094712 17064
Shankar Hardware Stores,Hardware store,Lohapatti Rd,089871 12141
NEW SHIVSHAKTI TRADER'S & HARDWARE,Hardware store,"Kudiya Chowk, Near, Airport Road",062025 99129
AMRITA HARDWARE,Hardware store,AIRPORT ROAD,080846 16242
SUZAIN HARDWARE 2,Hardware store,"STREET NO 2, SHOP NO 99 MAIN ROAD LAXMIPUR ROAD, MAIN ROAD",062041 07430
Ujjawal Hardware,Hardware store,"Kaudhihar, Block Rd, below central bank of india",099310 81484
Sharma Hardware And Paint Store,Hardware store,"XRJR+3CQ, Block Rd",090062 20723
Kartik Hardware,Hardware store,"Ramjanki Mandir road , Raxaul, East Champaran, Post Office Rd",099393 88374
Vishwakarma Hardware,Hardware store,Lohapatti Rd,077540 14851
Delhi hardware,Hardware store,Loharpatti road,094712 17407
Kishan Machinery Store,Hardware store,NH527D,077590 18100
Prem machinery tools,Hardware store,Loharpatti road,090311 05959
SAWERA HARDWARE & PAINTS,Hardware store,"Kaurihar Chowk,Raxaul, Near, Canal Road",086020 02987
SHRISHTI TRADERS And Sanitary Faucet,Hardware store,Lohar Patti,072776 50909
Sharma Tools Machinery Stores (Sharma Ji ki dukaan),Hardware store,"ward number 10, Lohapatti Rd, nearby Bank Road",090973 47046
KUSHWAHA ENTERPRISES,Hardware store,"Ward No 25, Mahabir chauk, Triloki Nagar, Adhapur Road, near Triloki Nath Mandir",070045 40671
Mahadeva Traders,Hardware store,"ward no 9, ke Samne, Police station, near twon ThGandhi Nagar",062019 00830
GOBINDA HARDWARE AND MACHINERY TOOLS,Hardware store,Lohapatti Rd,074848 86655
New manokamna glass house,Hardware store,"XVH2+X8V, main road",094718 78784
Sara Metal and Steel,Hardware store,AH42,087971 35186
Sujata Trading,Hardware store,"Sujata Trading Lohapatti Road, Main Market",094730 18058
S. K. Traders,Hardware store,Kaurihar Rd,070045 00847
Raunak Work Shop,Hardware store,Men Rood,062032 59287
DCM Roofing,Hardware store,"Machli Bazar, Ramgovind Ram Road, near Shivam Fal Mandi",079034 97384
Vishalmachinerytools,Hardware store,"HOUSE No 13, Lohar Patti Road",070330 72516
NAYAN MACHINE TOOLS,Hardware store,Ward No 12,087973 84769
Jagrity Traders,Hardware store,0 Khakariya,082100 00688
Shiv Shakti Light House,Hardware store,Block Rd,091555 11531
S.R. ENTERPRISES,Hardware store,"ward no 04, Trimurti chock, near Trimurti chock",087096 79447
Harsiv Enterprises,Hardware store,Shop No 01 Koriya Tola Raxaul Koriya,099421 49058
Om Sai Enterprises,Hardware store,Chawal Bazar Rd,099392 49496
Kumar Digital,Hardware store,Kumardigital Vill,094308 75359
NUW MOHAN MOTARSAIKIL SAPEYS,Hardware store,Men Rood,083401 60701
JIMILAL MISTRI,Hardware store,"Pankaj Cinema Hall, Mani Raod Pankj Hall Ke Pass Laxmepur, Mani Road",072588 58777
Shree Viswakarma Glass,Hardware store,"Block Rd, near Shree Ram Janki Mandir",099344 50782
Janta Aluminium Hause,Hardware store,XR8W X8M,074887 80874
MOHAMAD SANI,Hardware store,"LANE NO 2, ABHISHEK NEAR SHANKAR MANDIR, Q TREND MALL",095044 35624
Asian Paints Beautiful Homes Painting Service,Painter,"JAGDAMBA H/W STORES, Lohapatti Rd",08071 682 171
Madhuri Motorcycle Spear Parts,Hardware store,Men Rood,062051 63530
Shashi hardware,Hardware store,ward no 1,090877 00448
BAM BAM BUILDERS,Hardware store,Sikaria complex,062878 90381
DILLI TRADERS,Hardware store,"MAIN ROAD PANDEY MARKET, near SURAJ HOTEL",075418 97239
GAURI GANESH HARDWARE,Hardware store,"Kaurihar Chowk, Near State Bank, Racaul, Main, Road",074910 97124
KUMAR ENTERPRISES,Hardware store,BATA CHOWK,070041 88825
LOKESH HARDWEAR,Hardware store,"24, Nahar Chowk",099311 05597
SHYAM HARDWARE,Hardware store,Lohapatti Rd,094700 26248
New Manokamna Light House,Hardware store,"Barnwal Market, Lohapatti Rd",094724 20472
Rakesh Motacyckil,Hardware store,Men Rod,077829 58595
Hari Bath And Fitting,Hardware store,Main Road,084096 72048
Adarsh Enterprises,Hardware store,1234,096310 71675
New Sunrise Machinery,Hardware store,"Raxaul Bazar, Shree Ram Path",070501 16100
Amit Gas Dukan,Hardware store,"NEYAR BY GUDDU BABU KE HOSPITAL, MANI RAOD, College Rd",070337 23405
Muskan Motorcycle Repairing Centre,Hardware store,"SRP Hospital Ke Pass, Mani Raod",077362 85438
K-Lounge,Clothing store,"Bank Rd, near Raunak Garments",094312 66166
Louis Philippe - Raxaul,Men's clothing store,"Louis Philippe, Maskara Complex, opposite Post Office Road",091615 70825
Gupta Trading - wholesale cloth shop Raxaul,Clothing wholesaler,"Krishna takij compound, Ashram Rd, near by Middle School Gali",075439 34566
PUMA Store,Sportswear store,"NH527D, beside Bank of Baroda",088790 35561
Ms Garments,Clothing store,"sbi, new bus stand road, near Kaurihar choak",088252 65865
Jockey Exclusive Store,Clothing store,"Near Indian Custom, Main Road",070049 65464
The Raymond shop,Clothing store,"Ground Flr, Sikaria complex, Main Road, near ICICI Bank",080 4493 8953
Blackberrys,Clothing store,"Ground Floor, Opposite Taramahal, Shri Ram Path",088792 78455
Monte Carlo,Clothing store,"MASKARA COMPLEX, opposite Post Office Road",099559 98609
FirstCry.com Factory outlet Raxaul Koiriya Tola,Baby store,"khata No-43, Thana-07,tauzi No- 951, Mauza - PRaxaul, Chowdhry Tola Rd",091133 71325
ShubhLakshmi,Clothing store,"Ward no.6, Bank Rd, below Marwari Panchayati Mandir",098526 56144
Kabir Garments,Clothing wholesaler,"Sonar Patti, Gali Main Market, near Bahurani saree showroom",088106 66673
Saree Sangam,Clothing store,XVM3+P62,094710 05355
Barsana By Dulhan,Clothing store,"Main Rd, near Indian Custom",098352 09849
ADHUNIK DRESSES READYMADE CLOTHING STORE,Clothing store,"AKARSHAN GALI, Bank Rd",098018 75098
Raunak Garments,Men's clothing store,"Bank Rd, in front of Sundari Saree",094709 58993
ARFA FAISHION GARMENTS,Clothing store,"HWAI, Raxaul, ADDA ROAD",089692 12948
Ritik Dresses,Clothing store,Bank Rd,073520 95856
Manyavar,Men's clothing store,"Ground Floor, Sikaria complex, Main Road, opposite Police Station",080 3700 2436
Shreeman Shreemati,Men's clothing store,National Highway 28A,091551 72511
Pooja Dresses,Clothing store,"Mayur Gali, in front of Vastra Lok",080929 12206
Prem Dresses,Clothing store,Mayur Gali,085440 83475
Manpasand Saree Show Room. Raxaul,Clothing store,"XVM2+GXX, NH527D",094712 33722
Nepal Saree Center,Clothing store,Ashram Rd,091991 30766
Klub Fox | Main Road | Raxaul,Men's clothing store,"A1, Main Road",090315 47569
Nandlal Vinod Kumar LLP,Saree Shop,"Loharpati, Meena Bazar",080995 82382
Dhan lakshmi collection.,Clothing store,mina bazar,094306 45548
Vaishno Vastralaya,Clothing store,XRMX+WVM,085441 74682
Rajmata Saree Showroom,Clothing store,"Post Office Rd, near Indo nepal",091555 02284
New Maharani Saree Show Room,Clothing store,Lohapatti Rd,094732 86880
MODERN FASHION,Clothing store,MAIN ROAD MEENA BAZAR BHELAHI,082945 16366
Ansu Garments,Clothing store,LIC ROAD,072929 24711
Grih Laxmi Textiles,Clothing store,"Sawera Gali, Main Road",095766 54991
Maaq fashion,Men's clothing store,"choak, near sbi bank",088252 65865
School Uniform House,Uniform store,"Jeans park, gali, Bank Rd, opposite of Unique Departmental Store, near patanjali store",094719 28293
Purple United Kids,Children's clothing store,"Ground floor, opp. Ashram Road",093193 91444
Jay shree hanuman trading company,Clothing store,Arya Samaj Rd,087575 85277
LADIES FASHION,Clothing store,Bank Rd,088044 91698
BAHURANI SAREE SHOW ROOM,Saree Shop,"MEENA BAZAR, near JENIKA BEAUTY RAXAUL",096315 61167
Siyaram's,Men's clothing store,"XVM3+G4R, Bank Rd",094312 94299
Aadya's fashion Hub,Designer Clothing Store,"Allahabad Bank, Gali, Naga Rd, beside Bikaner sweets",084091 83999
Laxmi Fashion,Saree Shop,Laxmi Fashion,062073 39251
Shrivtastav Textiles,Clothing store,10,073012 59894
Brand bagga,Fabric store,SONARPATI CHOWK,072580 32028
RAKESH KUMAR,Clothing store,"10, Arya Samaj Rd",095469 29617
Footwear Shop,Saree Shop,Post Office Rd,062873 55015
Amarnath Vastralya,Clothing store,Bank Rd,083404 97705
Rahul Kumar,Men's clothing store,Mircha Patti,087004 08439
STAR UNIFORM,Clothing store,"Taj Market, near Raxaul",074629 50282
Gudu Telars,Men's clothing store,Chauk Raxaul Road,090160 61574
Ravi Phul Vhandar,Saree Shop,Ramji Chauk,082278 52689
Vela Sailing The Indian Crafts,Saree Shop,Bank Rd,096105 41347
GANPATI COLLECTION,Clothing store,"Bank Rd, near by Jenika Beauty general Store",070916 80857
Bata Shoe Store,Clothing store,"No. 187, Main Road, opp. Mirchapatti Road",077650 82398
RB FASHION,Men's clothing store,"LANE NO 2, ABHISHEK NEAR SHANKAR CHOWK, Q TREND MALL",074882 50718
Pari vastarly,Clothing store,Naukatola,072580 10687
SURYA DRESSES,Clothing store,0 Mina bazar,094708 42928
N.G.Trading company,Clothing store,"Savera Gali, Main Rd",073523 99496
MANYA GARMENTS AND MKIDS,Clothing store,Bank Rd,094730 18930
Ram Kisan Saree Dukan,Saree Shop,"2233, Main Road",085218 77222
Riddhi Siddhi,Clothing store,sonar patti Chawk,089861 17251
Shree ram saree,Clothing store,Patel Path,095464 08080
THE GENIAL STOFFA CO.,Clothing store,XRRQ+P7W,093508 34027
difenco,Clothing store,Duncan Rd,062073 69398
ARCHANA SHREE,Clothing store,Lohapatti Rd,094312 94302
SHUBHAM DRESSES $RAJESH VASTRALYA,Clothing store,"BAZAR, Bhelahi Rd",087573 67699
Kishan Vastralay,Clothing store,00,099554 67673
Jai Hind Khadi Bhandar,Clothing store,"Jagmal Singh, Gali, Bank Rd",091557 27394
Anjali Fashion,Clothing store,"MAIN ROAD, Shri Ram Path",070043 09385
Nerolac Paints - Sahu H/W Stores,Paint store,Xvm2+Ggj Sahu H/W Stores Lohapati,094302 22725
Ujjawal Hardware,Paint store,"Kaudhihar, Block Rd, below central bank of india",099310 81484
Om Sai Traders,Paint store,"Ashram Rd, near Dps School Middle School",062045 26099
Priya paints,Paint store,"Bus Stand, Road, near Petrol pump",070797 93438
PORTGAURD - Shree Raghunath traders,Paint store,"Pokhara gali, nnear shiv hari saree showroom, Patel Path",091991 58308
PUMA Store,Shoe store,"NH527D, beside Bank of Baroda",088790 35561
Bata Showroom,Shoe store,XVM3+W8R Bata Chauk,062076 00438
Sahil footwear,Shoe store,"XVM2+7RJ, Post Office Rd",091232 08511
SHOE DARBAR,Shoe store,"Raxual, Bank Rd, in front of Siyaram Shop",087099 62384
Foot Fashion,Shoe store,Post Office Rd,062018 44454
Bata Shoe Store,Shoe store,"No. 187, Main Road, opp. Mirchapatti Road",077650 82398
SA Footwear Raxaul,Shoe store,Sainik Rd,062018 08384
Royal Footwear,Shoe store,"Pool Kei Paas, Ghandi Nagar Pul Kei Paaas, Gandhi Nagar Main Rd",098012 63704
Sultan Enterprises,Shoe store,05,094722 39675
ANKIT FOOTWEAR,Shoe store,Kaurihar Rd,087090 00178
Rukhsar Shoe Store,Shoe store,Raxaul,098351 16363
Family Fashion Palace,Shoe store,01,090061 44110
Ramesh Footwear,Shoe store,"1, Post Office Rd",082357 21603
Salim Shoe,Shoe store,"Monte Carlo , Raxaul, Bihar 845405, Post Office Rd",073521 66925
Shubham Car Decor,Auto Accessories Store,Koiriyatola Main Road Near V-MART,082107 67844
"Om Electricals, Raxaul.",Electrical products wholesaler,"Main Road, opposite Hanuman Mandir",095465 58063
Tanishq Jewellery - Raxaul,Jewelry store,Raxaul - Shyampur Rd,077818 06625
SHREE BAUDHIMAI STATIONARY,Stationery store,Airport road,088092 37627
Mukesh Traders,Disposable Items shop,Bank Rd,091995 51747
Merino Laminates - Shree Ganpati Glass House,Plywood supplier,"Ward No 25, Ground Floor, Pankaj Chowk, Main Road, near Pankaj Cinema Hall",08071 889 040
Shri ram stationary,Shopping mall,"Station Rd, in front of block",085079 99068
VIDYARTHI PUSTAK BHANDAR,Book store,"MAIN ROAD, near HDFC BANK",098524 34088
VISHWAS STATIONERY AND GIFT HOUSE,Gift shop,Duncan Rd,082107 80717
STUDENT BOOK ZONE,Book store,"K.C.T.C. College, College Rd",083406 28757
DHAMAKA STORE,Book store,MAI ASHTAN MAUJE RAXAUL,079799 32021
S A ENTERPRISES,Stationery store,"23, Sainik Road",095707 54993
New Humsafar,Photo lab,"ganga apartment, main road",099393 54236
Muskan Book Banding,Book store,"Ward Number 25, behind Old Nagarpalika",095464 14940
Lakshmi electronic stationery,Book store,Anand Sagar gaad,076338 83447
SAHID KITAB GHAR,Book store,"RISHU, Q TREND MALL LANE NO 2 RISHU Q TREND MALL LANE NO 2",099314 53380
SHREE VAASSPP THE COMPLETE WATER SOLUTION,Store,"Ward No 23, Shiv Puri, Naga Rd, near KUMAR DIGITAL PRINT AND PRINTER CARE",080022 22924
Namaste Nepal light house,Countertop store,"Adarsh chowk, Bank Rd, near canara bank",094700 26630
Treta jii ka bartan dukan,Jewelry store,Lohapatti Rd,082104 10522
Alka jewellers & Shashi jee ka bartan dukan,Jeweler,Lohapatti Rd,070501 08330
Vaishnavi Oil Mill,General store,"Vaishnavi Oil Mill, Old Exchange Rd",091990 50495
GUPTA GENRAL STORE,General store,Station Rd,070047 86056
RAVI KUMAR,General store,"WARD NO 21, NEAR BADDI MASZID RAXAUL, MIRCHA PATTI ROAD",094726 84774
GUPTA KITCHEN HOUSE,Home goods store,"Shiva Temple, Ramgarhwa Bazar Rd",062992 27195
New Nepal Emporium,Wholesaler household appliances,"Shree Ram Market, Mayur Gali",099342 10278
प्राथमिक पशु उपचार एवं कृत्रिम गर्भाधान केंद्र,Veterinary pharmacy,"XPWX+W6V, Senuariya - Bhawanipur Rd",073668 87700
Maya Aquarium,Aquarium shop,XRHV+883,073017 50085
Himalaya Wellness Store,Pet supply store,"Nimbu Chauk, Post Office Rd",087573 38715
"Motihari pet shop & Aquarium Gold Fish (All types of Dog Puppy, Exotic Birds irds &Fish)",Pet store,"D.A.V - SHANKAR SARAIYA, ROAD",082107 37778
"Annapurna Sweets,Bakery and Restaurant",Restaurant,Main road,082352 44345
Arihant Trading,Dry Fruit Store,"Main Road, near Indian Custom office",063503 63394
Sitaram Chsudhary,Sweet shop,Handi Bazar,095235 63713
Yadav Sweet,Auto parts store,01,062066 18871
Bikaner Family Resto,Restaurant,"Main road, near Bank of India, opposite raxaul police station",062024 70455
KALYAN JEWELLERS - Raxaul,Jewelry store,"Laxmipur, Near Pankaj Cinena, Raxaul East",1800 425 7333
Kedar Mishthan Bhandar,Sweet shop,Pachpakri,075468 24585
Om Kumar,Motorcycle shop,NH527D,074610 62811
Varanasi Pan Dukan,Tobacco shop,"Main road ,raxaul Raxaul, near by Bank Road",094312 49088
Apollo Diagnostics,Diagnostic center,"Ashram Rd, near Ajanta Hotel",096061 12399
"Agilus Diagnostics - Raxaul, Champaran",Diagnostic center,"Main Road, opposite Sona Hall",080 6949 6507
SRL Diagnostic,Diagnostic center,"New unique diagnostic, New Bus stand",098011 94399
Abdul Kiran,Diagnostic center,Men Rod,091282 92884
Redcliffe Labs - Collection Center,Diagnostic center,"Ward No-1, near Budhi Mata Mandir",079 6912 2564
"Thyrocare Diagnostic Lab | Blood Test Centre - Parsurampur, Raxaul",Diagnostic center,"Nahar Chowk, opp. sona Hall",075630 94217
Dr Lal PathLabs - Patient Service Centre,Diagnostic center,"Ground Floor Mauje, Neqr, Thana No 07",080 6256 5401
THYROCARE COLLECTION CENTRE RAXAUL,Blood testing service,"SONA CINEMA, opposite SONA CINEMA",075630 94217
Redcliffe Labs - Collection Center,Medical laboratory,"Ward No-1, near Budhi Mata Mandir",079 6912 2564
THYROCARE LAB (Authorized Service Provider),Pathologist,"Thyrocare, Raxaul Health Care, Kaurihar Rd, below SBI Bank",084345 52544
The Learning Lab,Education center,College Rd,096085 32930
Muskan Video Lab,Computer support and services,New icp haraiya,087097 61799
RK Digital Studio & Digital Video Lab,Photography service,"Rajeshwor Hotel, Block Rd",062011 34552
Public Pathology,Medical laboratory,"NH527D, Raxaul - Shyampur Rd",092340 62340
Perfect Video Lab,Internet cafe,Station Rd,090971 88038
Sinclairs Laboratories,Pharmaceutical company,"XRPV+G28, Station Rd",06255 220 800
Swati hardware and paints shop,Paint store,"Front of new Sultanaganj railway station gate, Sultanganj Station Rd",062017 62902
Nerolac Centre - Shuvam Enterprises,Paint store,"6Pvq+F6G Shuvam Enterprises, Sultanganj Station Rd",085419 84090
Mayanath Paints,Paint store,6PWV+MH3,099340 38094
Aditya Plywood And Hardware,Furniture store,"6PWR+MQC, GK Rana Marg",095762 88108
Marble house sultanganj,Tile store,"Station road, near uco bank",093044 26161
SHIVAM ENTERPRISES,Tile store,near Icici Bank,079090 64547
STUDIO GUDDU ABJUGANJ,Photography studio,"Abjuganj, Baikatpur Rd",099348 46162
Khetan Hardware & Woods,Store,Anand Chikitshalaya Road,087703 16678
Sharma Enterprises,Furniture store,"Sharma Enterprises, Na",082404 22557
MAA KALI FURNITURE HOUSE,Furniture store,"इलाहाबाद बैंक, कन्हैयाचक मेन रोड",085390 26859
DECOR GREEN,Wallpaper store,CC Mukherjee Rd,090065 33911
Maa Ambe Electronics,Furniture store,"Balu, Sultanganj, Ghat Rd",089871 83658
Ranjeet Furniture House,Furniture store,Sitarampur,085210 94666
JAGRITI GLASS& ALUMINIUM HOUSE,Furniture accessories,Murarka college road Sultanganj bilar,082101 46456
MURARI FURNITURE HOUSE,Furniture store,"6PWR+Q7P, ठाकुरबाड़ी याना के पास",095343 77472
ADARSH FURNISHING,Window treatment store,Patal Babu Rd,092341 95111
सरस्वती D.J. डेकोरेशन,Clothing store,"6QJ3+G95, Sultanganj-Shakund Road",062878 00202
ANGEL PATHOLOGY SULTANGANJ,Diagnostic center,Bypass Rd,077598 96352
BALAJI ULTRASOUND & DIAGNOSTIC CENTRE,Pathologist,"Upper Rd, near icici bank",099556 75404
Apollo Diagnostics,Diagnostic center,"Durga Sthan, Purani 14, near DAV public school",096061 12399
SB Mart,Grocery store,"Agresarika Commerce Pvt Ltd Sitarampur Tarapur Road, near Railway Over Bridge",095555 19966
Chammach Katori,Countertop store,"DN Singh Rd, near Priya Puja Payal",097982 25271
Unique Kitchenware & Gift Corner,Countertop store,"Dr RP Rd, near marwari pathshala",080134 48256
New Bhagalpur Bartan Bhandar,Kitchen supply store,"Gurudwara Road, near hotel vineet",062001 29202
Gangaram enterprises,Hardware store,Tarapur road,099314 46794
Kushwaha Beej Bhandar,Store,"Near Mahavir Sthan, Main Road, Sultanganj - Bhagalpur Rd",090978 60840
Maa Tara Downloding & Micro ATM,Electronics store,"Sabzi Market, Thana Rd",075419 78992
BABA STORE,Produce market,"Savita Talkies, Road, near Kids Play School",090651 29882
RUPAK STUDIO,Photography studio,"6PWP+M46, Dhaja Gali,",093046 65488
Shiv Bartan Bhandar,Kitchen supply store,"Patal Babu Rd, near Gurudwara",097715 13907
Livguard - Jaiswal Battery House,Battery Store,Ground Floor,075495 87181
Aman Jan Seva Kendra,Computer store,"Bypass Rd, near Sawita Cinema Hall",076313 77186
Prisha Vision,Electronics store,"Pratimalaya Station Road, Sultanganj - Bhagalpur Rd, near Chhoti Masjid",085274 94953
R & R PLASTIC ZONE,Home goods store,"Railway Station, near Petrol Pump",098522 31372
Kesan Marble,Marble supplier,Sultanganj Station Rd,098744 79601
Maa Tara Tilkut Bhandar,Restaurant,6PWQ+F3J,093042 02138
Ayush Sweet Shop,Restaurant,Chowk,062004 96540
Pets plaza sultanganj,Pet store,"Shop no 1, Bhagalpur Jamalpur Road, in front of police station",087792 65760
Diamond Pet Shop Tilkamanjhi,Pet store,Sitla Asthan Rd,088508 18130
Raja Shoe Store,Shoe store,"Chowk bazar, Ghat Rd",079036 33677
CHERRY SHOES,Shoe store,"DN Singh Rd, opp. TANISQ SHOWROOM",094312 14487
SUNNY FOOTWEAR,Shoe store,Sultanganj Station Rd,074620 92997
Royal shoes store { Atul Singh },Shoe store,"Main Chowk,Ghat road sultanganj,bhagalpur Front of aatmadas market gate no.2 Krishna bhawan",096319 99320
Shoe,Shoe store,Brajesh Kumar,094721 64295
Shoe Gallery,Shoe store,"Masjid Market Masjid Market, Sultanganj Station Rd",080922 86792
Jai bharat store,Building materials store,"7P2P+FQX Balu, Ghat Rd",092045 49692
Shivam Dresses,Clothing store,"Ghat Rd, near Aatmadas Thakurbari",086788 86061
Gautam Readymade,Clothing store,Aatma Baazar,090657 16268
Bol Bam Readymade,Clothing store,Sultanganj Road Sultanganj,070704 28239
New Prince Tailor,Clothing store,purani durga mandir road opposite- ladies hospital,05201 934 101
Aryan Fashion,Clothing store,"railway station, road, Sultanganj - Munger Rd",062059 67180
Samar Redaymad,Women's clothing store,Samar Redaymad,090973 11405
ANNU WATCH,Watch store,"New Durga Asthan, Chowk Bazar",093043 88424
Mahaveer Dressa,Clothing store,Shyambagh Sultanganj,075440 61167
Shivnandan Redimed,Clothing store,Sultanganj - Bhagalpur Rd,082526 80679
Mukesh Cloth Store,Clothing store,"Shultanganj, Road",095046 83384
Miya Jaan Kirana Store,General store,Thana Rd,080025 36602
KGN Footwear,Shoe store,"MORE, College Rd",097712 03690
STYLE READYMADE,Clothing store,Ghat Rd,062053 63744
KRISHNA DRESS,Clothing store,Ghat Rd,082987 61853
माँ सत्यभामा एम्पोरियम अबजुगंज,Shopping mall,6QW4+HJC,082109 47272
Maha Maya Beauty Parlor,Boutique,"Shultanganj, Sultanganj - Munger Rd",095702 94510
SONU VASTRALAYA,Clothing store,"Kali Mandir, Durga Mandir Marg, Teacher s Colony",080837 98887
Vicky Readymade Store,Garment Exporter,"Abjuganj, in front of Hanuman temple",092344 41302
ROHIT READIMENDT,Clothing store,4,095256 61709
Nancy Enterprises,Clothing store,"52, Sultanganj - Deoghar Rd",062036 29327
Rupali Enterprises,Electronics store,Rupali Enterprises Chowk Bazar,095615 84524
Rohit Thakur Redimate,Clothing store,Balu Ghat,089695 16912
Sonali Burty Parlour,Baby store,"132, Sultanganj Station Rd",084060 70622
A K Agencies,Shopping mall,"6QX4+379, Unnamed Road",088874 17803
Maa Ambey Vastra Bhandar,Clothing store,"Maa Ambey Vastra Bhandar, Sultanganj - Bhagalpur Rd",078705 60892
UN ENTERPRISES,Baby store,Upper Rd,090316 53644
Raza Cloth Store,Clothing store,"Suiya, Sultanganj - Deoghar Rd",095347 97065
Rohan Dresses,Clothing store,Dilgori Mor,087893 16903
New Sony Readymade,Men's clothing store,"Ghat Road Sultanganj, Chowk",077648 90001
Rocky Readymade,Clothing store,0,070339 53287
MANDAL PARIVAR,Clothing store,6QM2+C8G,076340 16713
फैशन पार्क,Clothing store,"6PVQ+65P, Sultanganj Station Rd",095704 27608
Puja Kumari,Clothing store,"138, near Over Bridge, Rajgangapur",093410 14088
Sangam Readymade,Men's clothing store,Sultanganj - Bhagalpur Rd,091220 28894
Sleeper Shop,Sportswear store,03,082922 84045
Sanvi Fashion,Clothing store,Sanvi Fashion Kamarganj,082929 76334
मुस्कान लेडिज मलर्स,Clothing store,"6PWP+M56, Upper Rd",072948 71555
AJGABI NATH JEWELLERS,Jewelry store,"Sultanganj-Shakund Road, Shahabad, Baikunthpur Sultanganj",088773 30808
MAA LAXMI VASTRALAYA,Clothing store,"Baikunthpur Shahabad, Chowk",091134 61517
Maa Tara Vastralya,Clothing store,"Abjuganj, Gola Rd",082718 84985
Mohammad Samshul,Jewelry store,Sultanganj Station Rd,090312 67129
POPULAR HOMOEO PHARMACY,Pharmacy,"Ward Number 5, Ghat Rd",095723 67238
Mantu Medical,Pharmacy,6QW4+PPC,075499 54530
Shree Ram Medical Hall.,Pharmacy,"6PWH+3RC, NH33",070330 37332
Mukesh Medical Store,Pharmacy,GK Rana Marg,085215 38374
Avinash Medical Store,Pharmacy,Abjuganj,075499 54530
SastaSundar Sultanganj Medico,Pharmacy,"Khata No.-162, Khasra No.-292, 293 Property No.-241002754, Balu Ghat Road Sultanganj, Dist.-Bhagalpur, Tal, Sultanganj - Bhagalpur Rd",081494 65172
SECULAR AGENCY ( WHOLESALER of VETERINARY MEDICINE),Pet supply store,North,077799 90812
Amar Medical Hall (vetinary),Pharmacy,Patal Babu Rd,085070 67443
HomeoPathic Clinic & Medical,Homeopathic pharmacy,Sultanganj Station Rd,097088 81710
Om sai herbal,Pharmacy,Gangapur Rd,072774 30553
Anni Garments,Clothing store,Dr RP Rd,075496 81472
Chandan Vastrala,Clothing store,"Abjugang, Gola Rd",062992 59072
Dilruba Readiment,Clothing store,2,099734 54466
Muzaffar Fashion,Clothing store,6XVG+X9P,090970 59108
variety,Clothing store,"Bazar, Infront Of Shiv Mandir Variety Chowk Bhagalpur Sujaganj",099055 96092
Women's Shop Boutique,Women's clothing store,"Patal Babu Rd, near V Mart",075492 58245
Gautam Store,Clothing store,Station Chowk,099558 64783
HAIDER ALI AND SONS,Clothing store,"L N SINGH LANE MOMIN TOLA, near JAMA MASJID",070042 59721
Pathkind Labs,Medical clinic,⋅ Closes 8 pm,091109 49502
Dr Lal Pathlabs,Diagnostic center,⋅ Closes 8 pm,011 4988 5050
A to Z Mart,Grocery store,J58M+646,099054 99111
Home Mart,General store,Ashok Rajpath Rd,084099 66337
Shreyansh Store,Grocery store,"No12, 3A Road",092344 08433
Al Hayat Store,Wholesaler,"402, Mohammadpur Rd",095725 31747
Aman Store (Anuj Kumar Choudhary),General store,"6PWP+JXV, Sultanganj - Bhagalpur Rd",094318 76562
PRIYANSH GENRAL STORE AND STATIONARY,General store,"Mathura, Sultanganj - Deoghar Rd",099106 46570
Crown Plastic & kitchen Item's,Grocery store,"Raza Complex Market, Patthar Ki Masjid",076773 29980
Inderdeo Prasad Kirana Shop,Grocery store,"J57P+WGF, Patther Ki Masjid, Ashok Rajpath Rd",098012 87360
Munna Sringar Store,Grocery store,"Tarapur Munger Main Road, Sultanganj - Deoghar Rd",099319 94651
KiranaWala 7x11,Grocery store,"Opposite of D.D.C Residence, KKM College Rd, near jhajha bus stand",087973 36337
General Stores,General store,"Shop No -1Thana Rd, 6",093349 06213
NAUSHAD FRUITS,Fruit and vegetable store,NH-80,090063 91310
Roushan Kirana Store,Indian grocery store,Gola Rd,095705 02946
Sastri Kirana,Grocery store,Raghunathpur Ghorghat,088737 46084
"OM GENERAL STORE ( AUTHORISED FIREWORKS DEALER, AND FMCG WHOLESALER )",FMCG Goods Wholesaler,"Sadar Bazar, near Fari",099347 36380
Mohan General Store,Grocery store,Kalisthan,079035 87680
Patanjali Gramin Arogya Kendra,Indian grocery store,Ground Floor Munger,062001 61893
Patanjali Gramin Arogya Kendra,Indian grocery store,"Ground Floor Bariarpur Road, Gobadda, Haveli",099397 37223
ONE SHOP MART,Grocery store,Sandhiya shree Sandhiya Shre A,079911 06625
Patanjali Gramin Arogya Kendra,Indian grocery store,"Infront of Block Gate, Ground Floor Jila Parishad Market",097098 35404
Patanjali Gramin Arogya Kendra,Indian grocery store,No 43,079923 66782
Nilambar Kirana Store,General store,Ghat Rd,099733 67002
RUDRA ENTERPRISES,Grocery store,"6JVQ+C6Q, Ghorghat",087092 39813
दीवान जी मार्केट,Grocery store,6PWP+MX7,090066 86827
Sainik canteen,Indian grocery store,Bhudharni More - Kaudia Rd,087776 76665
Manish Kumar,Grocery store,Bakari Mandi,086770 67858
Om Banna General Store,Grocery store,Om Banna General Store,073524 44030
Sarwan Kirana Store,Grocery store,Mamai Road Sajuaa Sajuaa,062002 95398
K.N. MEGA MART,Grocery store,Kailash Nagar,077628 03803
ADITYA TRADERS,Grocery store,"At.sabji mandi, thana road",074288 08626
Shivam Tel Mill,Grocery store,Bariyarpur,070793 76680
Hira Lal Shop,General store,Hiralal,070911 81545
Mithun Kirana Store,Grocery store,"Rajdhan Tola, Thana",099053 70041
Fauzi Kirana Store,Grocery store,"Fauzi Kirana, Rampur Road",077648 73332
Raj Kishore,Dairy store,Raj Kishor,099054 84212
"Shree Enterprise, Sultanganj, Pepsi Distributor",Cold storage facility,"ward no 3, Ghat Rd, beside Dr. anjani ,balu",095349 37216
SURAJ STORE MAHESHI,Cosmetics store,Chowk,082290 11608
Janu Cold Drink,Grocery store,"6RPP+GC8, Sultanganj - Bhagalpur Rd",095349 18870
Dindyal General Store,General store,"Near Gausiya Masjid Sultangang, Maker Road",062017 54281
Bhavesh Kirana,Grocery store,Road,076544 82889
Bestway Supermart,Indian grocery store,"Shahganj Gali, opp. Sudha Booth",092893 72003
Mamta Devi,Grocery store,"Rampur More, Sultanganj - Deoghar Rd",084344 24258
Happy Kirana And General Store,General store,8,098104 65485
Ramlal Market Parbatta,Supermarket,Bajar Road,096616 40155
Bittu General Store,General store,5,095762 15023
Mohammad Chand Alam,Grocery store,"Bhagalpur A, Sultanganj Station Rd, near Gamin Bank",095078 54819
Raj Tailors,Grocery store,"Main Road, Sultanganj - Deoghar Rd",075440 63268
Roushan Kirana Store,General store,Gola Rd,095705 02946
Alok General Store,General store,Sultanganj,062018 96330
MaaRadha General Store,General store,MaaRadha General Store,085212 77792
Himanshu Shop,General store,1,076676 27860
SAI GENERAL STORE,General store,Chowk,076349 36376
Pandit General Store,General store,Sultanganj,087976 04925
JIO OK LIFE GENERAL STORE,General store,Islamnagar post Gangapur thana Sultanganj dist Bhagalpur Bihar pin 813213,092629 76893
Sonam store,Hardware store,"6PWR+MQC, GK Rana Marg",082100 96988
Dipak Store,Cosmetics store,Ghat Rd,072504 16048
Vinita General Store,Store,Ghat Rd,062062 57461
RAHUL GENERAL STORE,General store,AP Mandal Marg,073678 80763
Gulashan,General store,Sultanganj,082712 78040
Gulshan Shop,General store,Gangapur Rd,062018 97770
Priyanshu Kumar,General store,Sultanganj,082922 36602
SAMARJEET KUMAR,General store,Ghat Rd,075429 30825
MD Zakir Shop,General store,MD Zakir Shop,062068 28131
Sankar Kirana Store,General store,Sankar Kirana Store,082925 04110
Modi Patanjali General Store,Pharmacy,4,093043 60050
Reshami Kumari,General store,Rashmi Kumari Mirjapur,091554 59503
Super Sonic,General store,Sultanganj,073678 74300
Suriti Store,General store,Suriti Store,096312 31920
Dilip Store,General store,Dilip Store,087098 08105
Ravish General Store,General store,5QR2+34,080842 12822
Angad raj shop,General store,sultanganj,073031 06395
MR MAJNU,General store,Sultanganj,084342 13521
Ramanand hardware,Hardware store,Sultanganj Block Rd,062051 56382
Muskan general store,General store,Bypass Rd,072559 59630
Navab General Store,General store,"Sultanganj Bhagalpur Dilgouri, Mor",091553 00827
Sharma Dial And Kirana,General store,"Balu, Ghat Rd",095729 63548
Amit Store Chaurasia,General store,4,096934 46702
Jitesh General Store,General store,Sultanganj Station Rd,074618 57579
Vilash Kumar Amok General Store,General store,"Balu, Ghat Rd",095341 85246
Riddhi Siddhi General Store,General store,Riddhi Siddhi General Store,062027 17306
Devraj Shop,General store,Devraj Shop,078708 16728
New Baba,General store,Ghat Rd,095465 39298
Raushan Kirana Store,General store,Sultanganj - Bhagalpur Rd,085215 05141
Jitendra Kumar Singh,General store,Bhagalpur - Munger Rd,093340 17544
Subodh Kirana Store,General store,Subodh Kirana Store,091421 16519
Govind Sarkar,General store,"NH33, Dilgouri Sultanganj, More",080020 65120
KESHAV GENERAL STORE,General store,Kalisthan,092632 07932
Kaushal General Store,General store,"MIRJAPUR, 6PXV QPX, near KALI STHAN",099311 93763
NITESH PAN BHANDAR,General store,Sultanganj Station Rd,099054 89076
SHAURY GENERAL STORE,General store,"6PWQ+339, Sultanganj Station Rd",091232 88410
Prince General Store,General store,"Shop No 01 Kolgama, Sultanganj - Bhagalpur Rd, near Bypass",062897 50383
New Ghar Sansar Shop,Grocery store,"Sultanganj, Sultanganj - Bhagalpur Rd",097083 03074
Sittu General Store,General store,"Shop No 01 Village Chafa, To, Tarapur Road",087897 44742
Kajal Telecom Abjuganj,Electronics store,NH33,072778 00274
Jabbar Electrical Works Sultanganj,Electronics store,"Kasimpur, near NN international School",098522 34694
Payal Electronic,Electronics store,Payal Electronic Kali Asthan,094702 49327
M.K Mobiles,Cell phone store,"Bazar, Chowk",099310 74483
M.K ELECTRONICS,Electronics store,"6PVQ+G53, Sultanganj Station Rd",078709 19292
GAURAV ELECTRONIC,Electronics store,STATION RD,082716 22231
Sharma Electronics,Electronics repair shop,Sultan,097084 72314
Mobile Zone,Cell phone store,6PWR+P59,095343 00531
AK Online Center Sultanganj,Computer accessories store,"murarka, College Rd",091420 49883
Ganesh Electronics,Electronics store,Bypass Rd,089862 61705
Ajay Kr Store,Electronics store,"Sultanganj Road Sultanganj, Road",082947 58152
Criptocryuncy,Computer store,2,099345 63271
JAI MATA DI ONLINE CENTER,Internet cafe,"Sultanganj Station Rd, in front of Government Bus Stand",095070 56961
VIVEK ELECTRONIC CENTRE,Electronics store,Pholwariya School,062091 91254
P K ELECTRONICS,Electronics repair shop,"Bypass Rd, 6PVQ, CP3, Sultanganj Station Rd",087096 37847
Sanjeev Electronick,Electronics store,Sultanganj Station Rd,079034 96829
Manohar Kumar,Electronics store,Sultanganj - Bhagalpur Rd,085889 69235
SHUBHAM ELECTRIC,Electronics repair shop,"Balughat Road Sultanganj, Sultanganj - Bhagalpur Rd",087099 02900
M K Printer,Computer store,Mirhatti Rd,099820 27739
OM 4k Video,Computer store,"OM 4K VIDEO, Sultanganj - Bhagalpur Rd",099737 25194
Jan Aushadhi Store,Pharmacy,"Bypass Rd, opposite Savita TALKIES",082526 23744
VIKASH RANJAN MEDICAL,Pharmacy,"NH33, College Rd",076544 82533
prem medical,Pharmacy,"6PPX+Q63, Sultanganj-Shakund Road",094719 21617
Suman Medical Hall,Hospital,"6PWP+M37, Mahavir Asthan Rd",098524 48086
Sanjay Medical Hall,Pharmacy,"Ward No 16, Purani Durga Stathan",099054 41953
Priya Medico Agency,Pharmacy,"Bathing, Ghat Rd",093046 08118
Ashwani Pihu health care,Child health care centre,"Kalisthan (murarka, College Rd",062040 62769
ABRAR CLINIC,Pharmacy,Sultanganj,090971 68856
TRUE LIFE CARE,Hospital,Krishna Garh,062066 35255
Jayant Fertilizer Seed Bhandar,Pharmacy,Sultanganj,075430 30965
Nivi medico,Medical supply store,Abjuganj rod,091994 44706
Ramanad Shop,Medical clinic,Ramanad Shop,076338 22595
NIRMALA MEDICOSE,Pharmacy,Sultanganj Thana,096316 41252
विकास रंजन मेडिकल हॉल,Pharmacy,6PWV+MR8,076544 82533
Princy Raj Pharma,Medical clinic,"Princy Raj Pharma, Abjuganj",075202 34738
Furnishing Collection,Home goods store,DN Singh Rd,075410 10829
Akash Furniture,Furniture store,"Pansalla, Chowk",088772 90086
HEENA FURNITURE SUIYA,Furniture store,"RMP5+R37 Suiya Bazar, Sultanganj - Deoghar Rd",075497 24565
Zuari & Zuari,Furniture store,"Abhishek Plaza, Patal Babu Rd",086513 07373
Mustafa Furniture,Furniture store,"Doon Public School, Road",094304 57078
Prakash furniture,Furniture store,83,097094 41584
K.S Medical Hall,Pharmacy,"3MV7+JHF, Sultanganj - Deoghar Rd, opp. Kumkum Electric Shop",085212 30404
Atmaram Medicals,Pharmacy,MP Dwivedi Rd,072948 15357
Aastha Medical,Pharmacy,NH 80 Asanandpur Chowk Opposite Muslim Minority Degree College,091992 10738
Pathak Hardware,Hardware store,Sultanganj Ghat Road Sultanganj,089864 31731
Pappu Sah Hardware,Hardware store,Ramesh Kumar Saksena Abjuganj,098524 28782
Khetan Hardware & Woods,Hardware store,Anand Chikitshalaya Road,087703 16678
Shamya Welding Workshop,Hardware store,"Murarka, College Rd",095725 37440
CHANDAN ENTERPRISES,Hardware store,"Sultanganj, Station, Deoghar Rd, near Sultanganj Over Bridge",077954 25716
MAA JAGDAMBA HARDWARE,Hardware store,6QW4 M5V Abjuganj,085389 27767
Man Bhawani Jaya Hardware,Hardware store,Jay Man Bhawani Jaya Hardware,091224 17713
ADITI HARDWARE,Hardware store,UPAR RD,083407 34907
B N HARDWARE,Hardware store,"6PPX+HH2, Sultanganj-Shakund Road",099347 40547
PUJA JAL,Hardware store,Ward Number 16,098350 86566
GANGADHAM TRADERS,Hardware store,"Ward No 01, Mahajan Tola",095252 43431
Vishwakarma Watch,Hardware store,Station Road,095342 42820
AMAN ENTERPRISES,Hardware store,"Sultanganj Station Rd, Railway Colony, Shyambagh Sahabad",079031 25879
Maa Jagdamba Plywood,Plywood supplier,"Tilka Manjhi Chowk, Hanuman Path Rd",093864 21082
PRASAD MEDICAL AGENCY Daudnagar,Pharmacy,"2CJ8+3W2, Patna - Aurangabad Rd",078707 51095
MANGLAM PHARMA[MEDICAL HALL],Pharmacy,2CH9+898,079924 44100
Manoj Homoeo Pharmacy,Pharmacy,"2, Daudnagar - Barun Rd",093863 84288
Bhagwati Medical Agency,Pharmacy,"New Anumandal Road Daudnagar Sansa, Road",077177 39082
S K HOMOEO HALL,Hospital,Daudnagar - Barun Rd,099551 02422
"Narayani Medical Hall, Daudnager",Pharmacy,"29MX+8G9, Gaya Road",098014 64160
DEEPAK MEDICAL STORE,Pharmacy,"GULAM SHETH CHAUK, near SHIV MANDIR",091028 16202
MANOJ MEDICAL HAAL,Pharmacy,"MAIN ROAD, near HANUMAN MANDIR",091220 84163
Medimart medical Agency,Pharmacy,"opp: Hero Showroom, Bazar Road, More",070045 94443
Baba Medico,Medical Center,"thakur badi mandir, opposite Thakur badi mandir",062026 22151
Medicine Center,Pharmacy,"2CH8+WQH, Patna - Aurangabad Rd",096614 03738
GUPTA HOMEO HALL,Homeopathic pharmacy,"Daudnagar, more",085213 32802
Satya Parkash Jari Butti Ki Purani Dukan,Herbal medicine store,"2, Daudnagar - Barun Rd",091996 63200
R.K MEDICAL HALL,Pharmacy,"2CJC+W3P, अनुमंडल रोड",098351 93226
Rakesh Pandey Aushadhalay,Pharmacy,"2CM3+QQC, bazaza road",090066 68565
Chand Medical Hall,Pharmacy,"29PW JXR, old town, Dord Hospital",095760 03050
Pradhan Mantri Bhartiya Jan aushadhi Kendra,Pharmacy,"Tiwari Mohalla Opposite to Mahindra tractor showroom Aurangabad road, chowk, near bhakhrua",070615 45025
Suman Medical Hall,Pharmacy,"Gya Road, Daudnagar",078705 15395
Subham pharma,Medical Center,2CJ9+Q73,073688 77442
Best Homeopathic Doctor In DAUDNAGAR |. Clinic LIFE LINE,Medical clinic,"CLINIC LIFE LINE, Main Road",094318 30753
RADHEY KRISHNA MEDICINE,Pharmacy,near TIWARI MUHLLA,090067 68999
Kirtimebicheme,Pharmacy,Daudnagar,090061 81333
GANGAJAL HOMEO CLINIC,Pharmacy,"ROAD, near NEW ANUMANDAL",096614 59246
LALLU RUWA DUKAN,Pharmacy,CHAWAL BAZAR,076679 75739
Bhaskar Tiwari,Pharmacy,0,080927 92963
Nand Computers,Electronics store,"Lakhan, more",099736 05751
Jagan More,Electronics store,"29MX+7HR, 2, Daudnagar - Barun Rd",098019 28856
Shanti Enterprises mobile store,Electronics store,2CJ8+4JF,082523 65453
DTH Technician,Electronics store,Daudnagar - Barun Rd,087892 62436
Aditya Vision,Electronics store,"Panchayat, Ward No 3, Gaya Road, Near UB Mart, NH 120",092641 96962
Sinha Electric,Electronics wholesaler,"Daudnagar - Barun Rd, near of Magadh Hotel",078569 60741
KHUSHI TELECOM & REPAIRING,Electronics store,SH 7,090607 75356
Vishwash Engennearing Work Shop,Electronics store,Gaya - Panchananpur - Daudnagar Rd,082921 11488
Sansar Electric & decoration,Electronics store,"2, Daudnagar - Barun Rd",076315 13441
Har Har Mahadev mobile shop daudnagar,Electronics store,"Bhakharua more Gaya, V Mart, road",087703 95986
Lal Market,Computer store,Bhakharua More Chowk,091137 66033
L.G Showroom,Electronics Company,"Bihar Daudnagar, near old petrol pump",093041 21213
Vitesh Kumar -JioMart Digital Partner,Electronics store,"0, near Town Hall",079034 73161
On Enterprises,Electronics store,2CM6+P73,099554 96875
Rasid Electrical,Electronics store,"2CJ9+WVM, हसपुरा - दाउदनगर रोड",099106 81450
"Frameskraft at Daudnagar, Bihar",Optician,"Bhakaruwa More, Patna - Aurangabad Rd, opposite Indian Oil Petrol Pump",092342 77588
S COMPUTER - LAPTOP REPAIR AND SERVICE,Computer repair service,"more, Bhakharua, Patna - Aurangabad Rd",062009 90084
Studio yaden,Photo shop,"001 chawal, Bazar Rd, near shiv mandir",080027 88801
Nand Multimedia,Cell phone store,Jaduy Karyalay Ke Bagal West Side,077838 90297
NIRMAL ELECTRIC,Electronics store,MAIN ROAD,098356 64660
SAI MOBILE CAFE,Cell phone store,Kasera Toli Daudnagar Aurangabad Bihar Kasera,081497 66939
"DK Digital & Mobile Shop, Internet Cafe",Cell phone store,Daudnagar - Barun Rd,098526 35799
Kumar Internet,Computer store,Daudnagar,088628 23544
Amar Electronics And Mobile Shop,Electronics store,"2, Daudnagar - Barun Rd",087572 48289
Ankit Electronics,Electronics store,2CM3+2MR,099730 47047
tik tik watch house,Watch store,"Lakhan, More",078704 02126
ADITYA ELECTRICAL,Electronics store,"ON ROAD, DAUDNAGAR, near ADITYA VISION",089360 54850
Jay gurudev enterprises,Electronics store,opposite Town Hall,099731 46629
Dharmendra Computer and cctv service,Computer repair service,NH139,095768 39406
HMS Multi Paper Industries,Electronics Company,beside Daudnagar - Barun Road,098528 88234
YP MOBILE GALLERY & 2ND HAND WALA,Cell phone store,"Main, patna road",070706 25653
agrawal Hardware,Home goods store,"2, Daudnagar - Barun Rd",080840 00710
Mexon Broadband,Internet service provider,Lakhan More,099422 39922
Ravi Mobile Center,Cell phone store,"near, Canal Rd",083405 51203
Md Israil,Electronics store,"00, Daudnagar - Barun Rd, nearby Prakash Vastralaya",085398 29126
R.K. ELECTRIC,Electronics store,CHAWAL BAZAR,099732 15782
Maa Laxmi electronics,Electronics repair shop,2F83+4JX,093346 51322
Maa Light,Electronics store,Daudnagar,062076 46775
Deepak Electronics,Craft store,"DEEPAK KIRANA STORE, MAHILA COLLEGE",082719 52356
SD MULTI SOLUTION,Photo shop,"ward no 01, Sipha to Barun road, near paswan chauk amrit bigha",062994 31736
Zishan Mobile Software,Computer service,Near Mahila College Nagar Palika Ke Pass,088776 60064
Hind Optical,Camera store,Daudnagar To Sansa Road,099056 09461
Adarsh Internet Point,Computer support and services,"Shuk Bajar, near Magdh Hotel",077828 49877
Deep General Store & Sudha counter,General store,"petrol pump, Patna - Aurangabad Rd, opposite side",072799 43747
MANOJ GENERAL STORE,General store,"Bazar Rd, near GIRL HIGH SCHOOL",091227 81611
Om Parchun,General store,"Maulabag, opposite Shiv Mandir",080515 15132
GAUTAM GENERAL STORE,General store,"1, Daudnagar Bazar Road, near Surya Mandit",077828 32603
D.N Smart Bazaar,Supermarket,Bhakharua More Chowk,084092 37395
General Store,General store,"Daudnagar, Bajaja Rd",092638 39066
SATENDRA KUMAR GENERAL STORE,General store,"Daudnagr Daudnagr, Gaya Road",077828 02487
GANAPATI KIRANA SPORE,General store,"LAL MARKET, near LAL MARKET",098019 28085
Shailesh Shop,General store,Daudnagar,074797 23706
G G G General Store,General store,Gaya,082100 77911
Arbind,General store,Daudnagar,091999 31518
SREE RAM JARI BUTI DUKAN,General store,near LAKHAN MORE,087093 50145
Subham Sadi Card,General store,08,091996 63669
KIRANA DUKAAN,General store,2FCC+66G,075640 60886
Suraj Shringar Store,General store,Daudnagar,080848 37632
Monoj General Store,General store,"Maula Bagha Rd, Daudnagar - Barun Rd, near Shiv Mandir",094305 94575
Chhotu Kumar,General store,"123 Hindu Tola, Road",093344 37068
Vijaymal Singar Store,General store,"Daudnagar Maula Bagha, Maulabagh Rd, near Girl High School",099550 81415
SHUBHAM KUMAR,General store,Patna - Aurangabad Rd,095463 95098
SUMIT KIRANA DUKAN AND GENRAL STORE.,General store,"9.no. sulish, Daudnagar, Baidrabad - Arwal Rd",088049 22957
Mantu General Store,General store,Daudnagar,076440 88393
Suhani Shringar Store,General store,Daudnagar,062044 94210
BHARAT KUMAR SHOP,Fruit and vegetable store,Daudnagar Daudnagar Ara,091537 41609
RAJESH GENERAL STORE,General store,"WPRW+78M, Gaya - Panchananpur - Daudnagar Rd",084092 03615
Anil Kirana Store,Grocery store,0,074794 96255
RAHUL GENERAL STORE,General store,"Maulabag Road, near Lachya Koching Centre",097083 41418
Saroj Yadav,General store,"Daudnagar, Daudnagar To Gaya Road",085214 65083
ROHIT ENTERPRISES,General store,Patna - Aurangabad Rd,091621 39517
MNA KIRAN SPORE,General store,"PURANI SHR, near VIDYA NIKETAN SCHOOL",093042 77341
Sweety Jewellers. Jewellery Store In Daudnagar Aurangabad Bihar,Jewelry store,"Jagan mode, 2, Daudnagar - Barun Road, Patwa Toli Rd, near durga club",070041 82987
ORBIT SUPER MARKET,Supermarket,Road Pachrukhiy,099420 95551
AMIT MALAKAR,Supermarket,"GAYA ROAD, near DEVI MANDIR",091421 00617
Daudnagar bhakharuan more patna road,Cell phone store,2CJ9+F5X,070706 25653
Kunal Paan Bhandar,General store,"Kunal Paan Bhandar Sabji Bazaar, Patwa Toli Rd",094722 16054
New Raj Telecom And Cold Drinks Store,Shopping mall,near church,070046 74721
Vishnu Kirana Dukan,General store,"VISHNU Kirana Dukan, Gaya Road",081281 68594
Malakar General Store,General store,"Malakar General Store, Mahatma Phule Nagar",077390 42202
Lok Priya General Store,Store,"Ward Number 11, Patna Ke Phatak Shiv Mandir Ke Pichhe",077619 91151
Gautam treders,General store,"Ward no 8, nalband toli",073012 09865
Pappu Sweet,General store,"NH 98, More",062014 15939
HOME TOWN MARKET,Supermarket,"LAL BABU MARKET, Bazar Rd",084092 37395
SANJAY GENERAL STORE,General store,Cinema Hall Rd,088630 59973
Sudha corner,Home goods store,NH139,094708 56392
Tullu Shop,General store,Daudnagar,088628 33499
ALOCK GENERAL STORE,General store,"Kucha Gali, near DURGA CLAB",082353 29820
MUKESH GENERAL STORE AATA CHAKI MILL,General store,"LAKHAN, MORE, near CINEMA HALL",077838 47071
Abhimanyu General Store,General store,"Front of City Taylish, Patna - Aurangabad Rd",093047 10175
PUJA SINGAR STORE,General store,"BALU GANJ ROAD, near DEVI MANDIR ROAD",090970 92871
NITISH KIRANA STORE,General store,"BAZAR ROAD, near DORD HOSPITAL KE SAMNE",092295 91872
Vima Enterprises,General store,"2CM3+QMF, Bajaja Rd",081028 86279
R K General Store,General store,"Rajneekant Bhawan, 002, Durga path, near Sabji Market",099732 15782
SAKET GENERAL STORE,General store,near AGRWAL MARVAL,095087 18489
Bhauli Ram,General store,Daudnagar To Gya,085218 93414
Jai Maa Vaishno Devi Sringra Store,General store,"Infront Girls High School, Market Road",080843 46956
Nand Shop,General store,Daudnagar,088091 20821
SANTOSH LOHAR,Grocery store,"Bazar Rd, near GYAN GANGA SCHOOL",088093 86070
ANSHIKA GENERAL STORE,General store,"SITAL BIGHA, SANSA ROAD, KE PASS, near GAU GHAT",090061 75293
ARMAN SINGAR DUKAN,General store,near MAGHDH HOTAL,082353 01533
LADDU KIRANA STORE,General store,"PASWAN CHAUK, NEAR DEVI MANDIR MALAH TOLI",072501 03981
Narayan Shop,Hardware store,Daudnagar,070500 90111
Ramanuj Raunak Shop,General store,Daudnagar,075629 85184
Nagraj Kirana Store,General store,"Beladhi Tarari Daudnagar Near By Patel Pathshala, Beladhi Beladhi, Tarari, near by Patel Pathshala",091425 26367
Uday Kirana,General store,Daudnagar,062028 44049
Shivam Sudha Corner Chawal Bazar Daudnagar,Shopping mall,Patwa Toli Rd,062036 92771
Pihu enterprises daudnagar,Ice Cream,2CM7+V2C,096617 71199
VISHAL KUMAR,General store,Daudnagar Daudnagar Aurangabad Tarar Bazar Aurngabad,095070 49617
RAMU cng tempo reserve centre karmahi,Grocery store,Ramu Online Centre,097080 79713
Ram Chandra Saw Kirana Store,Grocery store,Main Road,072096 34485
Jai Maa Vaishno Devi Sringra Store,Grocery store,"Infront Girls High School, Market Road",080843 46956
Fruit Shop,Fruit and vegetable store,Patna - Aurangabad Rd,090976 81288
Siaa Home Decore,Window treatment store,"1st floor, Lal Babu Market, near Dakshin Gramin Bank",087000 84219
Mehandi Cloths,Clothing store,Bajaja Rd,079039 30291
Rinku Furnishing,Sofa store,near Saraswati hotel,090793 70842
Furniture,Store,"North Patel Nagar, Patna - Aurangabad Rd",074628 62576
Siaa Home Decore,Furniture store,"1st floor, Lal Babu Market, near Dakshin Gramin Bank",087000 84219
"Raj Enterprises, Furniture Shop, Budhan Bigha",Furniture store,"Ward no 27, BUDHAN BIGHA, Gaya - Panchananpur - Daudnagar Rd",090062 74153
MAA MANGLA,Furniture store,"Petrol Pump, Barun Dau Naga",076021 38227
Shree Ram Furniture House,Furniture store,"W52P+FFC infront of hdfc bank, Pali Rd",099554 49990
PUJA ENTERPRISES,Home goods store,"Old Bus Stand, SH 7",094704 72881
Sleepwell Exclusive Dealer - Akanksha Furniture House,Mattress store,"North Patel Nagar, DM College Daud Nagar, Patna - Aurangabad Rd, nearby Akanksha Dharam Kanta",08071 640 926
Sanjay,Furniture store,Daudnagar,095721 15859
Neyaj Sofa Center,Furniture store,"Shop No 257, Purana Shahar",062029 59752
sanjay plastic dukan,Furniture store,daudnagar,070798 60006
Mohit furniture,Furniture Manufacturer,"W724+Q3H, Daudnagar - Barun Rd",076677 67128
City tiles & marble,Tile store,NH139,094622 66673
SRI SITARAM ENTERPRISES,Marble supplier,"Near, jail, Gaya road",091229 29009
Kajaria tiles showroom,Store,"gaya road, near UB Mart",095552 13211
Laxmi Hardware Store,Hardware store,Lal Market Bazar Road Bhakharuan,079923 71860
Jyoti Hardware,Hardware store,Patwa Toli Rd,096318 01289
Anjali Hardware,Building materials store,"2CM4+HJM, Daudnagar - Barun Rd",091222 00169
BAJRANG HARDWARE & PAINTS,Hardware store,"सुमन मेडिकल के बगल में, Devi स्थान के सामने, MORE, Gaya road",062051 10994
Sanny Hardware,Hardware store,हसपुरा - दाउदनगर रोड,082352 27330
ma gayatri traders,Hardware store,"2CJC+PRJ, Daudnagar - Haspura Road",099342 28290
Hindware - Gupta Traders,Hardware store,"Main, Bazar Rd",076670 11465
Star Tools,Hardware store,"WardNo.07, Barun Road, near Ansari Muhalla",088510 13268
Sunil Get Grill Work Shop,Hardware store,"Lakhan, 00 Daudnagar, More, near State Bank",070613 02727
KESHRI SANITARY NEAR HANUMAN MANDIR,Plumbing supply store,"Budha Market, near Hanuman Mandir",090979 21650
Hardware Shop,Hardware store,Maulabagh Rd,096932 26656
Jagdamba Hardware,Hardware store,"05, near Bank Of Baridra",099554 27324
ABHISHEK SHOP,Hardware store,Patwa Toli Rd,079924 23825
Shree Ram Sabera Stil,Hardware store,"More, Bhakharua, Daudnagar, Bazar Rd",079797 14172
Rajan Bartan Dukan,Hardware store,"Daudnagar, near Sabji Mandi",072929 66837
DEEPAK ELECTRONIC,Hardware store,"1, Gaya Road, near Bazar Samiti Road",087895 71013
TRENDS,Clothing store,"NH139, Patna - Aurangabad Rd",070076 81114
Jockey Exclusive Store,Clothing store,"Bazaar Rd Bhakharuan, more",06328 295 115
"Tirupati Balaji Garments,DNR",Clothing store,"more, MOHIWAL house, Yoginagar,bhakharua, Bazar Rd",062041 78985
BRAND BOX GARMENTS,Clothing store,"2CH8+XM4, more",091552 46775
The Raymond shop,Clothing store,"Ground Floor, Daudnagar - Barun Rd, near Bata",080 4493 8968
MAA MATHURASHINI MART,Clothing store,"colony bazar road, near star institute",089359 79932
DALMIA BAZAAR DAUDNAGAR,Clothing store,"LAAL BABU MARKET, MORE",095084 04972
Simaran saree palace,Saree Shop,Main road,078703 65570
Jagdamba Saree,Clothing store,"2, Daudnagar - Barun Rd",090978 00418
GUDDI Kids Garments,Clothing store,"01, Magadh Road",076313 60293
Bombay Fashion,Clothing store,"Durga path, Daudnagar, Bajaja Rd",081694 79511
adarsh readymade,Clothing store,"2, Daudnagar - Barun Rd",091229 86196
Brand Fashion,Clothing store,near of Rupa Studio,090061 77711
Sasta Khadi Bhandaar,Clothing store,"National Highway 139, More, opp. SHIV MANDIR",090971 55952
Jiddi Bartan Dukan,Clothing store,"2CM3+3GW, Bam Rd",070044 15156
Simran photo framing place,Boutique,"ward no- 13, Durga path",099312 58705
KANAK JEANS CORNER,Clothing store,Daudnagar Daudnagar Gaya Road,062013 45377
SHAGUN COLLECTION,Clothing store,"Patna - Aurangabad Rd, near DN COLLEGE",094308 27905
Golden Watch House,Watch store,"𝙻𝚊𝚔𝚑𝚊𝚗, 𝚖𝚘𝚛𝚎",062012 13319
Gopal Babu Alankar Jewellers,Jewelry store,Patwa Toli Rd,094730 36936
the planet fashion,Clothing store,"Jai Hind Company, Pali Rd",077324 02889
Libas Ghar & Devrani Jethani,Clothing store,हसपुरा - दाउदनगर रोड,093347 41931
Bata Shoe Store,Clothing store,"Ground Floor, Daudnagar - Barun Rd, near Dalmia Bazaar",094700 02567
MEHNDI SAREE SHOW ROOM,Saree Shop,"Daudnagar Bajaj Road, Bajaja Rd",094304 42532
યુગોરા ગોપના,Clothing store,"2CM6+RQ7, Surya Mandir Rd",097712 63921
Ajit Mains Ware,Men's clothing store,"Main, near by HanumanMarketdaudnagar Mandir",088779 14343
Indian Bag,Clothing Accessories Store,"Indian bag Shop, Chudi Bazaar",078588 72717
KESHRIWANI GARMENTS,Clothing store,"1, Daudnagar Chudibazar, near Hanuman Mandir",078702 13069
Taslim Shop,Clothing store,Daudnaga,087883 53712
BAHURANI SAREE CENTER,Saree Shop,"NEAR, Cinema Hall Rd",076546 35414
Crown mans Tailor daudnagar,Clothing store,Neyar,062011 52051
Sakshi Gopal Babu Swarn Mandir,Jeweler,Patwa Toli Rd,090060 83770
Chandani Fashion Readymade,Clothing store,"Patel Chauk, Ak Market, Haspura - Daudnagar Rd",094712 61880
Adarsh Sweet,Sportswear store,Patna - Aurangabad Rd,091559 36876
Shankar full sajawat kendra,Event planner,"Main road, near State Bank",062010 36054
MOHIWAL READYMADES,Men's clothing store,Daudnagar Daudnagar Bhakharuan More,070615 14842
राजेन्द्र प्रसाद कपड़ा दुकान संसा बाज़ार Rajendra Prasad Kapada Dukan Sansa Bazar,Clothing store,Daudnagar - Haspura Road,091997 79515
Chandan Lal Vastralya,Clothing store,"2F7W+3HX, Gaya - Panchananpur - Daudnagar Rd",085410 58164
FASHION POINT,Saree Shop,Nasriganj - Daudnagar Rd,093048 97450
RAMJEE KUMAR,Jewelry store,near SUBZI BAZAR,082109 77115
ધાણા પાલ્લાહ,Clothing store,"2CM2+953, Patwa Toli Rd",082712 22762
PANDAY JI SHOP,Men's clothing store,"PANDAY SHOP, Daudnagar",088252 17618
Shubh Handlooms,Women's clothing store,"Chawal Bazar Chawal Bazar Main Road, Road",092623 69476
Nainsi Jewallers,Jewelry store,"Daudnagar, near Hanuman Mandir",070048 90066
Laxmi Hardware Store,Paint store,Lal Market Bazar Road Bhakharuan,079923 71860
Nerolac Paints - A H Traders,Paint store,"2Cm4+Pfx, Daudnagar - Barun Rd",087972 24144
Bata Shoe Store,Shoe store,"Ground Floor, Daudnagar - Barun Rd, near Dalmia Bazaar",094700 02567
Relaxo Footwear,Shoe store,"BHAKHARUA MORE, MAIN, ROAD",1800 108 6001
Archana sports and bags,Sporting goods store,"near (Girl haigh school 🎒🎒🏫),(Taune holl",070042 70941
Sarwar,Shoe store,Daudnagar,080027 68881
Ledis Footwear Sell,Shoe store,Ward 11,075478 04768
Ast Leather Shoe Store,Shoe store,"2CJ9+G45, NH139",080021 95701
Youth Space Gift Corner,Gift shop,"2, Lakhan, more",095070 32370
Fancy flower decoration,Flower designer,Daudnagar - Barun Rd,084091 63908
"Raj Enterprises, Furniture Shop, Budhan Bigha",Home goods store,"Ward no 27, BUDHAN BIGHA, Gaya - Panchananpur - Daudnagar Rd",090062 74153
Hindware - Gupta Traders,Bathroom supply store,"Main, Bazar Rd",076670 11465
Dhanbad Bedding House,Bedding store,"3G5X+M4F, Haspura - Daudnagar Rd",099318 23419
Arvind Kumar,Mattress store,Gays,062010 96118
Pramod Pustak Bhundar,Book store,"2, Barun Road",095259 31481
BRUNCH ITALINO DAUDNAGAR,Bakery and Cake Shop,2CH9+H3V,088252 44258
"Greenply Plywood (Agrawal Hardware) - Best Plywood Shop And Dealer In Daudnagar, Aurangabad",Plywood supplier,"Main Road, Daudnagar, Maulabag, near Vishal X-Ray",093555 67726
Shoundik Pustakalaya & Computer Press,Book store,"shop no 1p, Gaya road",094314 16731
Ankit Stationery,Store,"12, Patwa Toli Rd",077399 76976
Sunil Mobile Stationery & Media Downloading,Mobile phone repair shop,Daudnagar - Barun Rd,097097 18707
Chhatra pustak bhàndar,Book store,"2, Daudnagar - Barun Rd",096318 67276
Tanusi Ply,Stationery store,"Bazaar Samiti, Gaya Road",091559 90370
Revision Competitive Class,Stationery store,"Market Road, Daudnagar, near Parvati Hotal",062028 01118
Sahitya Sangam Stationary,Book store,"Sahitya Sangam Photo State New, Anumandal Road",095720 75888
The mutton hub,Hotel supply store,Patna - Aurangabad Rd,079035 48129
Kisan Ghar Beej Bhandar,Agricultural Seed Store,2CH9+F55,094318 30603
Swaraj Tractors - M/S Bharat Enterprises,Tractor dealer,"Tiwari Mohalla, Bhakharaun More, nearby Mantu Hospital",08071 936 773
jai mata di kitchen centre,Appliance store,"2, Daudnagar - Barun Rd",099342 99665
Bread Shop,Veterinarian,"05, More",078701 22690
Aman Dog kennel,Dog breeder,Nasriganj - Daudnagar Rd,079036 48440
Easy Pick Pet Shop,Pet supply store,"Gandhi Path, Dharamshala Rd",081025 46990
Uma pets shop,Pet store,"U/462, Housing Colony Rd, near Panch Shiv Mandir",084342 88160
Baba Brothers Dog Food Shop,Pet store,"South Ramna Road, near Hari Jee Ka Hata",093047 80008
Anurag Kennel & Pet Shop,Pet store,"Gate No 48, Murti Makaan",097984 07468
raj kennel dehri,Pet supply store,W5HR+39X,073529 94017
Sunil Sweets,Sweet shop,"2CJ9+WMR, हसपुरा - दाउदनगर रोड",099349 08102
Peachwave Cakes & Cafe,Cake shop,"2CM6+GXM, Main Rd",070042 44288
Sri Ganesh Misthan Bhandar,Indian sweets shop,Chawal bajar,091228 18086
Puja Misthan Bhandar,Confectionery store,2CM9+3QM,070913 08221
Apollo Diagnostics,Diagnostic center,"Main Road, Maullabag Near Rajkiyakrit Girls Inter School",077658 58585
Vaishnavi Imaging center(Ultrasound),Diagnostic center,NH139 तिवारी मुहल्ला भखरुआ,070047 87351
Sonar Diagnostic Center,Diagnostic center,"2CM9+3CF, Daudnagar Aurangabad Gaya Roard, Gaya - Panchananpur - Daudnagar Rd",090316 96091
Dr Lal PathLabs - Patient Service Centre,Diagnostic center,"No 25, Main Road, opposite Sanjeevani Ultrasound",080 6905 7841
Metropolis Labs | Blood Test & Diagnostic Centre Aurangabad BH,Diagnostic center,"Ground Floor Panch, Daudnagar",033 4083 7876
Sanjeevani Diagnostic,Doctor,"2, Daudnagar - Barun Rd",098352 11551
Riya Janch Ghar,Diagnostic center,near Near Girls High School,099341 43183
Vishal Ultrasound,Medical diagnostic imaging center,"2CM7+F4R, Daudnagar - Barun Rd",099342 27543
Jeevan deep diagnostic center (janch ghar),Health consultant,"2CM7+C4H, Maulabagh Rd",090065 58365
SHARP VISION CENTRE DAUDNAGAR,Eye care center,"New Anumandal area, road, near Shital bigha(gau ghat",079798 60810
P. C HOSPITAL Daudnagar,Hospital,"Arungabad, Daudnagar, Bhakharu more, Tiwari muhala, Daudnagar, tiwari muhala, more",090310 84291
Metropolis Labs | Blood Test & Diagnostic Centre Aurangabad BH,Medical laboratory,"Ground Floor Panch, Daudnagar",033 4083 7876
Kumarpatho Lab,Blood testing service,2CM6+WW3,089692 81181
Aadarsh video mixing lab,Photo lab,"No.2 school, lakhan more",099316 27970
