text,label
Peter England Showroom P.P. Road Buxar,name
Men's clothing store,category
"PP Rd, near Axis Bank",address
06183 357 243,phone
The Raymond shop,name
Clothing store,category
"The Raymond Shop, PP Rd",address
080 4493 8944,phone
Maruti Textiles,name
Clothing store,category
Pushtakalay Road,address
096611 81755,phone
Killer Showroom,name
Clothing store,category
"HX8H+229, Station Rd",address
094314 20162,phone
Siyaram's Shop - Buxar,name
Clothing store,category
PP Rd,address
099052 41855,phone
Babyhug Store Buxar Purana Bazar,name
Baby store,category
"Ward No.24, Kotawali Chowk, New Plot No. 65, 11 Dhurs, near Jamuna Chowk",address
093043 25338,phone
Mahalaxmi Vastralaya महालक्ष्मी वस्त्रालय,name
Clothing store,category
PP Rd,address
082268 86448,phone
Pp road buxar,name
Clothing store,category
PP Rd,address
088253 84366,phone
Bengal Dresses,name
Clothing store,category
HXFF+F2J,address
099342 17886,phone
STYLE BAAZAR BUXAR,name
Outlet mall,category
"Main Road, opposite Krishna Cinema",address
091477 17850,phone
Cantabil,name
Clothing store,category
"Ground Floor Turhatoli, near Krishna Cinema",address
094588 74138,phone
Sumangal Sarees,name
Clothing store,category
"Purana chowk,main road,buxar,bihar",address
094310 83793,phone
Sri Ram Vastralaya,name
Clothing store,category
HXGG+WVW,address
085788 99309,phone
Karishma Dresses,name
Clothing store,category
PP Rd,address
082715 77591,phone
COBB Italy Fashion Exclusive Showroom,name
Clothing store,category
"PURANA CHOWK MAIN ROAD, near Jhoon Babu Jewellers",address
092414 59772,phone
Tiger Jeans Corner,name
Men's clothing store,category
"Shop No 01, near by Chunni Lal Main Road",address
078588 88782,phone
Om Fancy Store,name
Clothing store,category
Purana Chowk,address
094318 46114,phone
"Kushum Garments, Opposite Indian Bank",name
Clothing store,category
HX7J+XRM,address
085820 11545,phone
Dress Center,name
Clothing store,category
PP Rd,address
087896 24237,phone
Amit vastralaya Buxar Bihar,name
Clothing store,category
PP Rd,address
079797 38532,phone
Manyavar,name
Men's clothing store,category
"Khata No 168, Rangoli Shopping Mall, Plot No 386, Main Road",address
080 3700 2550,phone
Jai Gurudev Saree Collection,name
Clothing store,category
HX87+RV6,address
087578 93582,phone
Bahuriya Garments,name
Women's clothing store,category
"Chausa buxar main road, mod, opposite Yamaha Pooja motors",address
088253 47716,phone
Paridhan Whole Sale Bazar,name
Clothing wholesale market place,category
PP Rd,address
097410 91080,phone
Unique School Shop,name
Uniform store,category
Collectraite Rd Buxar,address
093087 61906,phone
Fashion World,name
Clothing store,category
"2, Ramrekhaghat Road",address
091222 44601,phone
Jaiswal Garments,name
Clothing store,category
"Vishwanath Bhawan, 22, Laxumanpur Bhaurolee Road",address
073986 02211,phone
Anabiya Garments,name
Men's clothing store,category
Shop No 09,address
072083 25313,phone
Libas Collection,name
Clothing store,category
Gola Rd,address
087892 98148,phone
Aaradhya Faishion,name
Shopping mall,category
PP Rd,address
089873 96101,phone
swayamvar vastralay,name
Clothing store,category
Gola Rd,address
077390 42156,phone
Saraswati Sarees Center,name
Clothing store,category
"viswa mitra marg, PP Rd",address
092347 99789,phone
Shardhanjali Dresses,name
Clothing store,category
Dumraon Bikramganj Rd,address
077390 42156,phone
SRI KHADI BHANDAR,name
Clothing store,category
Gola Rd,address
079037 03096,phone
Pahnawa garment,name
Clothing store,category
Sahid gate,address
088630 46142,phone
TRENDS,name
Clothing store,category
"H48R+XMC Commercial Complex, Station Rd, near Shankar Cinema",address
062038 43748,phone
S2 Clothes Store,name
Clothing store,category
jail paen road,address
077669 53904,phone
Indian's Fab | Online Shopping Store,name
Clothing store,category
"Twining Ganj .Railways station, Village. Noniyapura, post, Sowan",address
077830 12361,phone
Prakash Cloth Store,name
Men's clothing store,category
"Shop No 3, M P, High School",address
093082 92766,phone
Jockey Exclusive Store,name
Clothing store,category
"PP Road, Ward No 27, Santh",address
080839 37079,phone
Bal Gnesh Readymade Garments,name
Clothing store,category
Bal Ganesh Tadka,address
093041 62460,phone
Sabrang khadi,name
Clothing store,category
"Turha toli, main road",address
090353 49195,phone
SANDEEP TRADERS,name
Women's clothing store,category
"NAGAR PARISHAD KE PICHE, 0",address
081029 22206,phone
Bihari Hardware & Ply Store,name
Hardware store,category
Ambedkar Chowk,address
093089 60165,phone
Tirupati hardware,name
Hardware store,category
"Station Rd, in front of Jyoti prakash library",address
085400 72979,phone
"Ashirvaad Hardware, sanitary& Pipes",name
Hardware store,category
"PP Rd, near HDFC Bank",address
093084 31403,phone
Sri Shyam HardWare,name
Hardware store,category
Amla toli mai read,address
099318 37376,phone
Adarsh Hardware Ara Buxar Main Road Yasoda Barham Asthan,name
Hardware store,category
"H2M4+VJJ, Adarsh Hardware Yasoda Barham Asthan Ara, Main Road",address
091134 04437,phone
Rudra Plywood and Hardware,name
Hardware store,category
Infront of nagar parishad,address
062038 60376,phone
"श्री साई प्लाई - Plywood, Doors, Windows, Hardware, Mica, Curtain Pipes",name
Hardware store,category
Collectraite Road,address
079922 35609,phone
Vaishnavi Hardware Aur J C B,name
Hardware store,category
Buxar - Itarhi Rd,address
097989 44137,phone
Amit Tools & Hardware अमित टूल्स एंड हार्डवेयर,name
Hardware store,category
Bihar,address
094310 84337,phone
Manishahardware paint shop,name
Hardware store,category
Buxar - Itarhi Rd,address
095707 45010,phone
BHARDWAJ TRADERS,name
Hardware store,category
HX9F+7WV BHARDWAJ TREDERS,address
078702 80008,phone
Aryan HardWare,name
Hardware store,category
HX33+QVR,address
095251 54653,phone
Ganpati ply house,name
Hardware store,category
Mathiya Rd,address
070048 59041,phone
Maurya Hardware,name
Hardware store,category
"Shop No 01, near Nh 24",address
097923 21283,phone
Arun Pipe And Bath Emporium - Jaquar Authorized Dealer,name
Bathroom supply store,category
"Jyoti Chowk, Station Rd, opposite Tanishq Jewellery",address
062048 78395,phone
Shiv Shakti Traders,name
Hardware store,category
near Railway Crossing,address
079035 62486,phone
"Aditi Steel, Aluminium & Glass Center",name
Hardware store,category
"HX56+RRF, Chausa-Buxar-Sasaram Road, near ITI Field",address
079032 58389,phone
Madhu Bhushan Pathak,name
Hardware store,category
"104, Padari, near Mahindra Service Center",address
093343 61321,phone
Pradip Kumar Singh,name
Hardware store,category
"Road, near The Regal Public School",address
092412 48724,phone
Bharat Agricultural Stores,name
Hardware store,category
"PP Rd, near Central Bank Of India",address
091100 50518,phone
MAA LAXMI CEMENT & IRON STORE,name
Hardware store,category
"HXFV+58X, Golambar - Jaso Rd",address
093048 39046,phone
Shiv Hardware,name
Hardware store,category
Dumri Bypass Rd,address
062998 73627,phone
HCJPP1807G,name
Hardware store,category
Vivekanand Ward 38,address
088253 74819,phone
Aarti Aluminum,name
Hardware store,category
"Charitan Ban, near by Gange Rai Clince",address
084090 14884,phone
Palang wala,name
Furniture store,category
"Krishna hardware, near Sri Ram Complex",address
062057 03913,phone
MAA VINDHYAVASINI ENTERPRISES,name
Hardware store,category
"Chaugain, Road",address
078590 75172,phone
JAI HIND ELECTRICAL WORKS,name
Store,category
"bus stand, old",address
087095 00752,phone
Vikash Steel House,name
Hardware store,category
Shop Number 05,address
093044 08919,phone
Bala JI HARDWARE,name
Hardware store,category
"Ward No 1, Patna - Buxar Hwy",address
098019 21435,phone
Anand,name
Hardware store,category
Sbi Atm,address
091137 16536,phone
Sudarshan Sharma Hardware,name
Hardware store,category
101,address
086519 67212,phone
Sangam Hardware Shop,name
Hardware store,category
Mathiya Rd,address
094318 81187,phone
SK PLY & HARDWARE,name
Hardware store,category
"HXMV+PRP, Bandh Rd",address
079799 77935,phone
GANPATI HARDWARE,name
Hardware store,category
"H2V2+5MX, Sarimpur - Ahirauli Rd",address
099340 03429,phone
Prince Hardware,name
Hardware store,category
"PC College Sadhu Baba, Buxar - Itarhi Rd, near PC College Sadhu Baba",address
082523 53417,phone
bhawani Saintery And Hardware Store,name
Hardware store,category
"Pipe Dukan, Rajput Road",address
091628 25605,phone
Sujeet Hardware,name
Hardware store,category
Natwar,address
093349 95032,phone
Niraj Hardware,name
Hardware store,category
"Nai bazar, Road, near Pnb bank infront of Madhu dressesdreess",address
076548 90805,phone
Om Sai Almunium,name
Hardware store,category
Buxar Nayi Bazar Bihar,address
062009 22539,phone
M.V Traders,name
Hardware store,category
Vishwamitra Colony,address
098352 20258,phone
V.P RAI,name
Hardware store,category
"Natwar, Golambar - Jaso Rd",address
089870 48668,phone
Jai Bhawani ply,name
Hardware store,category
"HXGM+F62 mahbir mandir, Main road",address
091101 72331,phone
Manoj Kumar Verma,name
Hardware store,category
Natwar,address
095252 61817,phone
KGN Steel,name
Hardware store,category
Natwar,address
080844 74562,phone
SHIV JEE HARDWARE,name
Hardware store,category
H44W+8JG,address
079031 31842,phone
Jai Bajrang,name
Hardware store,category
Mohania - Buxar Rd,address
082929 30072,phone
Shahid Mahant Singh Building Materials,name
Hardware store,category
Orapkurd Main Buxar,address
086519 71267,phone
Sajid Welding Work,name
Hardware store,category
"Shop No 95, near Main Market",address
082527 03557,phone
Vishal Medical Store,name
Pharmacy,category
"Churaman Pur, Buxar NH-84, Arrah, Arrah - Buxar Rd",address
087570 66425,phone
Mitra medical hall | Medical in Buxar,name
Drug store,category
HX33+J75,address
081768 70792,phone
SEHAT MEDICO,name
Pharmacy,category
Bandh Rd,address
079090 56631,phone
Shakti Homeo Pharma,name
Homeopathic pharmacy,category
opposite Vishal mega Mart,address
094728 13049,phone
Suraj Medical Hall,name
Pharmacy,category
"HXGJ+CCQ, Maccharhatta, Pull Main Road",address
094310 83838,phone
GREEN MEDICINE,name
Drug store,category
"Ambedkar chowk, near shyam vatika",address
070043 22809,phone
Balaji Drugs,name
Drug store,category
"Main road, Golambar - Jaso Rd",address
099553 35409,phone
Tanya Medical Hall,name
Pharmacy,category
"near, old rice mill mbgb bank, Buxar - Itarhi Rd",address
089368 00705,phone
KALYAN HOMOEO BHAWAN,name
Homeopathic pharmacy,category
Buxar - Itarhi Rd,address
094310 58780,phone
Saraswati Homoeo,name
Homeopathic pharmacy,category
Collectorate Road,address
082104 38082,phone
Homeopathic clinic,name
Homeopathic pharmacy,category
"Amla Toli, near UCO BANK",address
099318 37213,phone
Om Sai Medical Hall,name
Pharmacy,category
HXHH+QPV,address
073710 23763,phone
URMILA MEDICAL HALL,name
Pharmacy,category
"HXJJ+534, Buxar Hospital Rd",address
094310 99447,phone
Ashish Medical Hall,name
Medical supply store,category
Collectraite Rd Buxar,address
099399 10386,phone
Guru Kripa Medical,name
Pharmacy,category
Golamber Golamber Arrah,address
095234 31475,phone
Hamdard dawa Dukan,name
Medical clinic,category
"111, SH 13",address
082718 44150,phone
Aradhana Medical Store,name
Pharmacy,category
"Shop No 01, Baliya Road, near Hanuman Mandir",address
091698 58126,phone
Saudagar medical agency,name
Pharmacy,category
HXGM+CVM,address
082527 66006,phone
Janta Medical Store,name
Pharmacy,category
SH 13,address
079090 16484,phone
Kartik Medical,name
Pharmacy,category
Road,address
082105 71096,phone
Lilavati Health Care Medical Store,name
Medical Center,category
"jail pain road, near Station Road",address
091134 85881,phone
New Gupta Medico,name
Pharmacy,category
"HXFH+R5C, Hanuman fatak",address
078703 73981,phone
OM HOMOEO SEWA KENDRA or OM MEDICAL HALL(Dr.omprakash pandey),name
Pharmacy,category
Buxar - Chausa - Sasaram Rd,address
097713 35070,phone
Sanjeevani Medical Hall,name
Pharmacy,category
Natwar,address
095257 55888,phone
Pankaj Pharma,name
Medical supply store,category
HXHJ+P4Q,address
074881 83773,phone
KRITI MEDICAL AGENCY,name
Medical supply store,category
"Buxar - Itarhi Rd, in front of Nokha Mill",address
075430 90605,phone
New Bharat Medical Store,name
Pharmacy,category
"Shop No 01, Road, near Bharat Medical",address
099312 97166,phone
Pawan Medical Store,name
Doctor,category
Shop No 01,address
095174 51717,phone
Lalan ji medical hall (pet shop),name
Veterinary pharmacy,category
"Amla Toli Main Road, opp. to bata shoe",address
093081 95331,phone
Kanchan Singh Medical,name
Health and beauty shop,category
"Suman Jee Bhawan, 20, Ganga Bridge",address
077669 47964,phone
Sadguru Medical Store,name
Pharmacy,category
"Shop No 01, near Sabji Mandi",address
070842 75764,phone
J P Medical Store,name
Pharmacy,category
"103 Dafadihari, Lakh Road, near Middile School",address
097987 24779,phone
Arogy Homeo,name
Medical clinic,category
"me Mathiya, Badka Nuvaon raste, Mod",address
077630 01060,phone
MAA VINDVAHSHNI MEDICAL HALL,name
Pharmacy,category
Natwar,address
077619 62486,phone
Vikas Medical,name
Pharmacy,category
"Dumraon, Buxar, NH-84, Dumraon Bikamganj Road, Buxar",address
088733 21370,phone
Ajay Medical Store Mane Road Chausa Bajar Buxar,name
Pharmacy,category
Mane Road,address
099395 92371,phone
Aryan Medical,name
Pharmacy,category
"101, near Masjid",address
083401 20396,phone
Life care pathology,name
Diagnostic center,category
Jyoti Prakash Chowk,address
091100 27339,phone
"Lenskart.com at Buxar, Bihar",name
Optician,category
"Main, Road Chowk, near Reliance Trends",address
089293 34374,phone
Super Shakti Furniture,name
Furniture store,category
"Super Shakti Furniture, Ambedkar Chowk, Station Rd, near Baba Saheb Ambedkar Statue",address
093326 49501,phone
Godrej Interio - Jaiswal Agencies,name
Furniture store,category
"SATYADEOGANJ, MAIN ROAD 1st Floor, beside Reliance Trends",address
072503 46666,phone
RAJA FURNITURE,name
Shop supermarket furniture store,category
"PP Rd, near icici bank",address
095072 38099,phone
Aryan Furniture,name
Furniture store,category
"HXHQ+4G6, Truck Syndicate, Main Road",address
098013 50256,phone
Rohit Steel Furniture,name
Mattress store,category
"State Bank of India, Chowk Road",address
099343 79674,phone
Manthan handicrafts,name
Furniture store,category
"road, near shiv mandir",address
075410 82737,phone
Diamond Furniture,name
Furniture wholesaler,category
"Diamond Furniture, Piparpatti Road, near Central bank of India",address
081154 60331,phone
malhotra farniture,name
Mattress store,category
"Bazar Samiti, Bazar Samiti Road Near Nehru Smarak High School, Buxar 803103, Musafirganj Rd",address
091991 86777,phone
Ashish Ply,name
Furniture store,category
"Natwar, Golambar - Jaso Rd",address
072091 07061,phone
Nagendra Sharma & Sons,name
Furniture store,category
"Na, PP Rd",address
083403 30141,phone
"Sleepwell Exclusive Dealer - Koirpurwa, Buxar",name
Mattress store,category
"Punam Enterprises, nearby Vishwamitra Hospital",address
08071 629 638,phone
Taj Furniture And Electronic,name
Furniture store,category
"Shop No 01, Taj Furniture And Electronic Kotwanarayanpur",address
096963 48280,phone
JSN CITY CENTRAL MALL,name
Shopping mall,category
"HX7H+XFF, Ambedkar Chowk",address
074795 10027,phone
Vishal Kumar,name
Furniture store,category
Mohania Mohania,address
085418 46631,phone
मुन्ना शर्मा फर्नीचर,name
Furniture store,category
"HX76+JWX, Central Jail Rd",address
062997 44534,phone
Raj Furniture House,name
Furniture store,category
Station Rd,address
062075 98670,phone
Alimuniun Store,name
Furniture store,category
Natwar,address
091137 82827,phone
"Sleepwell Gallery - Koirpurwa, Buxar",name
Mattress store,category
"Furniture House, New, South Collectriate Road, nearby DPO Office",address
08071 629 254,phone
Shri Hanuman Furniture,name
Furniture store,category
"Hospital Road, near Petrol Pump",address
095256 07100,phone
Dharmendra Furniture,name
Furniture store,category
"101, Safakhana Rd, near Kabadi",address
062032 83617,phone
Pandeet Jee Loha Dukan,name
Mattress store,category
"Jyoti Prakash Bhawan, 22, PP Rd",address
084093 75784,phone
Uday Aluminum,name
Furniture store,category
"Uday Bhawan, 50, Buxar Road",address
085818 17184,phone
ANAND TILES BUXAR,name
Tile store,category
"Collectraite Rd Buxar, near indian bank",address
091554 87551,phone
Maa Vaishno Furniture,name
Furniture maker,category
"Vishwamitra hospital, Golmber, main road",address
070916 26239,phone
JAY MAA AMBEY FURNITURE WORKSHOP,name
Furniture store,category
"HX4F+9XH, FCI Rd",address
073528 59570,phone
श्री विश्वकर्मा फर्निचर,name
Furniture store,category
"HX9R+XRH, Golambar - Jaso Rd",address
072504 32845,phone
Shankar Ply House,name
Furniture store,category
"Shop No 99, Near Petrol Pump",address
070617 47309,phone
Sanjay Kumar Sharma Furniture,name
Furniture store,category
"BSNL Tower, Main Road",address
086515 64490,phone
Sudama Almunium Furniter,name
Furniture store,category
"101, Krishna Braham Rd",address
098010 70913,phone
Rahul Kirana and General Store,name
General store,category
ward no-03,address
084091 37637,phone
Kawash General Store,name
General store,category
"Main Road, opposite Satyadeo Mill",address
093080 07933,phone
Praful General Shop,name
General store,category
"Police Chowki, near Raj Mobile Shop",address
083906 71031,phone
vivek mashala store,name
General store,category
infront of jp library,address
086517 65978,phone
Sumit Anil General Store,name
General store,category
"Shop No 01, near Shiv Mandir",address
073502 32300,phone
Purum General Store,name
General store,category
"Shop No 01, near Durga Mandir",address
070134 30667,phone
Lovely General Store,name
Store,category
PP Rd,address
094318 46902,phone
Nita Navnath General Store,name
General store,category
"Shop No 01, near Durga Mandir",address
095947 25063,phone
Mauli General Store,name
General store,category
Bhumihari Feild,address
098349 96719,phone
Manas General Store,name
General store,category
"Shop No 01, Road Golamber, near Punjab National Bank",address
088307 66497,phone
Pappu kirana & general store,name
General store,category
"802101, Unnamed Road",address
072092 22992,phone
Vijay kirana store (विजय किराना स्टोर),name
General store,category
"Ambedkar chowk, Station Rd, near Hotel Royal Plaza",address
074881 80410,phone
Rajhans General Store,name
General store,category
Civil Line Road,address
076544 00161,phone
General Store,name
General store,category
Main Road,address
062011 66959,phone
Nandini General Store,name
General store,category
Buxar Main Rd,address
076779 84934,phone
Nandlal General Store,name
General store,category
"Shop No 01, near Balliya Railway Station",address
093361 61241,phone
Kajal General Store,name
General store,category
"Shop No 02, near Shiv Mandir",address
079783 94657,phone
Bunty Kirana Store,name
General store,category
Buxar Main Rd,address
082288 38188,phone
Kaushal General Shop,name
General store,category
near Baba Transport,address
083403 39005,phone
Kunal General Store,name
General store,category
"Shop No 01, near Pokhra",address
078706 43155,phone
Sonu Kirana Store,name
General store,category
Musafir Ganj,address
062064 28914,phone
Satyanarayan Keshari,name
General store,category
Station Rd,address
093041 95060,phone
Satendra General Store,name
General store,category
"Shop No 01, near Atta Mil",address
062007 46614,phone
Rajana General Store,name
General store,category
"Shop No 01, near Unwash School",address
077022 87029,phone
Ganesh General Store,name
General store,category
"Shop No 01, near Central Jail",address
088829 25098,phone
Vikesh General Store,name
General store,category
"Shop No 02, near Bhunihari Field",address
093046 41760,phone
General Shop,name
General store,category
"Police Chowki, near Vishal Mega Mart",address
087668 33675,phone
Kanithi General Shop,name
General store,category
Hospital Road,address
088283 25456,phone
Reshma shringar general Store,name
General store,category
Jahaj Ghat,address
072820 49241,phone
Nag General Store,name
General store,category
"Shop No 01, near Bhushan Bhawan",address
072057 27315,phone
Ramesh General Store,name
General store,category
"Ship No, 02",address
079910 34512,phone
Rajkumar Store,name
General store,category
"Shop No 01, Main Road, near Bhunihari Field",address
070113 23652,phone
Pritam General Shop,name
General store,category
Police Chowki,address
092639 98197,phone
Daya General Store,name
General store,category
near Bhumihari Feild,address
077519 31278,phone
Bhuneshwar General Store,name
General store,category
"Shop No 01, near Club",address
073546 62838,phone
Swati General Store,name
General store,category
"Shop No 01, near Krishna Cinena",address
090395 29807,phone
Imtiyaj Khan Kirana Store,name
General store,category
12 Barki,address
070610 57969,phone
Vidhya General Store,name
General store,category
"Shop No 02, near Durga Mandir",address
098703 32507,phone
Kailas General Shop,name
General store,category
"Police Chowki, near Raj Mobile Shop",address
083695 30197,phone
Buddhashil General Store,name
General store,category
"Shop No 01, near Naya Bazar",address
097552 10148,phone
Sujata General Store,name
General store,category
"Shop Nob01, near Civil Lines",address
084569 25257,phone
Arpit General Store,name
General store,category
"Shop No 01, near Bhunihari Field",address
095207 59142,phone
Hari General Store,name
General store,category
"Shop No 01, Main Road, near Aditya Birla Capital",address
096915 83437,phone
Keshri General Store,name
General store,category
Natwar,address
079922 82294,phone
Shashi General Store,name
General store,category
"Shop No 01, near Durga Mndir",address
062007 94705,phone
Abhay General Store,name
General store,category
"Shop No 01, near Sai Today",address
090267 53889,phone
Dhiru General Shop,name
General store,category
Main Road,address
092632 60641,phone
Sarbani General Store,name
General store,category
Station Rd,address
083359 33614,phone
Shiv Shanker General Store,name
General store,category
"Shop Non02, near Durga Mandir",address
085768 10391,phone
Yash Shivaji General Store,name
General store,category
"Shop No 02, near Shiv Mandir Sohnipatii",address
073858 56823,phone
Ramana General Store,name
General store,category
near Buniyadi Field,address
085988 73933,phone
Anandi Store,name
General store,category
"Shop No 01, Mathia Rd, near Hanuman",address
074005 96804,phone
BAAJI GENERAL STORE,name
General store,category
BUXAR MARKET,address
097081 99217,phone
Yuvraj General Store,name
General store,category
"Shop No 01, near Bhunihari",address
084322 35950,phone
Dhiraj General Store,name
General store,category
Police Choki,address
092792 13813,phone
Pushpendra General Store,name
General store,category
"Shop No 02, near Nahar",address
088689 72347,phone
Rajashree General Store,name
General store,category
"Shop No 02, near Rajashree Studio",address
098019 49873,phone
Mandla General Store,name
General store,category
"Shop No 02, near Surya Palace",address
090637 05220,phone
Mayur General Store,name
General store,category
Bypass Rd,address
062305 16899,phone
Aniket General Store,name
General store,category
"Shop No 01, near Kamalda Pokhra",address
084593 36768,phone
Sondi General Store,name
General store,category
"Shop No 02, near Hanuman Mandir",address
081799 21466,phone
Kuldeep General Store,name
General store,category
Bhumihari Feild,address
062621 26561,phone
Bisai General Store,name
General store,category
"Shop No 01, PP Rd, near Durga Mandir",address
091770 18815,phone
Erothu Store,name
General store,category
"Shop No 01, near Prem School",address
081060 59881,phone
Gobindo General Store,name
General store,category
"Shop No 01, Musafirganj Rd, near Apsra Hotel",address
094314 80301,phone
Chandra General Store,name
General store,category
"Shop No 01, near Kamal Pokhara",address
086020 63549,phone
Paul General Store,name
General store,category
"Shop Non01, near Bhunihari Field",address
074404 77931,phone
Golu Kirana&Genral Store,name
General store,category
"Ganesh Bhavan Jyoti Chowk, 22, Koirpurwa Rd",address
072092 48950,phone
Piyush General Store,name
General store,category
Girls High School,address
062037 61300,phone
Venktesh General Store,name
General store,category
Shop No 01 Civil lines,address
095504 74467,phone
Akhilesh Store,name
General store,category
"Shop No 01, Main Road, near Sudha Dairy",address
084079 15198,phone
Prince Kumar Paswan,name
General store,category
"Shop No 01, near Station Railway",address
074883 78277,phone
Lalita General Store,name
General store,category
"Shop No 01, near East Punjabi",address
076828 54151,phone
Arti General Store,name
General store,category
"Shop No 01, Main Road, near Juice Corner",address
075175 26852,phone
Dasari General Store,name
General store,category
Shop No 01,address
063031 46763,phone
Sirjavat General Store,name
General store,category
"Shop No 01, Main Road, near Sarita Clince",address
089562 77987,phone
Prashant General Store,name
General store,category
"Shop N0 02, near Durga Mandir",address
095570 93241,phone
Raajana General Store,name
General store,category
"Shop No 01, near Sohani Patti",address
098669 39448,phone
Rinki General Store,name
General store,category
"Shop No 01, near Saib today",address
077710 86354,phone
AMUDALA GENERAL STORE,name
General store,category
"Shop No 01, PP Rd, near Redbul Office",address
088788 67004,phone
Soma General Store,name
General store,category
"Shop No 01, near Sohni Patti",address
090518 60376,phone
Vishal Manjhi General Store,name
General store,category
"Shop No, 01, near Punjab National Bank",address
088188 75282,phone
Dupana General Store,name
General store,category
"Shop No 02, near Civil Lines",address
082970 96249,phone
GODU GENERAL STORE,name
General store,category
"Shop No 01, near Mahila Thana",address
096300 02990,phone
Zaki Javed General Store,name
General store,category
"Shop No 01, near Durga Mandir",address
076682 04812,phone
Raja General Store,name
General store,category
"Shop3455, near Durga Temple",address
095075 39869,phone
Jitesh General Store,name
General store,category
"Shop No 01, near Busstand",address
073045 24046,phone
Samir Rajak General Store,name
General store,category
"Shop No 01, near Bhumihari Field",address
095930 21935,phone
Anmol Genral Stor,name
General store,category
Jyoti Chook,address
063706 54198,phone
Santosh Kumar General,name
General store,category
HXJM+3GJ,address
084214 50466,phone
Kundan General Store,name
General store,category
"Shop No 02, near Ashoka School",address
081097 82562,phone
Balaji General Store,name
General store,category
"Shop No 01, near Itarhi",address
087885 33028,phone
Hariom General Store,name
General store,category
"Shop No 01, Bandh Rd, near Shiv Mandir",address
088720 85273,phone
Rohit Sabar General Store,name
General store,category
"Shop No 01, near Nahar",address
089672 75059,phone
Damayanti General Store,name
General store,category
"Shop No 01, Main Road, near Chandi Mall",address
084801 08422,phone
Aakash electronics,name
Electronics store,category
Amla toli,address
070042 90922,phone
Preeti electronic,name
Electronics store,category
"ITI College, HX46+RV4, SH 13",address
082102 02378,phone
New Shiv Guru Electric & Electronics,name
Electronics store,category
"Amla toli main road, AMLA TOLI MAIN RAOD, near Baba bata show",address
085409 53913,phone
"Gautam Electronics, Jaso road, Golambar, Buxar",name
Electronics store,category
"Jaso, road, Golambar - Jaso Rd",address
099340 94347,phone
Indralokwani Radio Kendra,name
Electronics store,category
PP Rd,address
097080 85585,phone
Sai Electronics,name
Electronics store,category
"Down of Axis Bank, Pushtakalay Road",address
099318 15643,phone
OM Computers Buxar,name
Computer store,category
"Sahid Baba Gali, PP Rd",address
079829 73010,phone
Suman Electronic,name
Electronics store,category
"HXGH+735, Namak gola road",address
094310 98670,phone
Smart Mobile And Bijli Ghar,name
Electronics store,category
Unnamed Road,address
082109 67003,phone
HP World,name
Computer store,category
Ground Floor Collectorate Road,address
086575 68682,phone
The Techpro,name
Electronics store,category
road blow,address
084430 26265,phone
Shri Hari Computers,name
Computer store,category
"P.P.Road Bakshu Shahid Gali, PP Rd",address
092042 61287,phone
Star Electronics,name
Electronics store,category
PP Rd,address
094310 83695,phone
Reliance Digital,name
Electronics store,category
"Ground & 1st Flr Ward, Plot No 500, Kh No 279, Station Rd, opposite Buniyadi School",address
08071 178 122,phone
Vaishnavi infotech,name
Computer store,category
"Collectorate road, near anand tiles",address
099393 97593,phone
Sarswati Enterprises,name
Electronics store,category
"HXGH+643, Namak gola road",address
081020 70551,phone
MILITARY STORE CSD CANTEEN,name
Electronics store,category
"Gola Bazar Road, near CSD Canteen",address
094553 77237,phone
NEW MOBILE JUNCTION,name
Electronics store,category
in front of Buxar Hotel,address
093867 20903,phone
Agrawal Electric,name
Electronics store,category
"Jamuna Chowk, Main road",address
070708 36889,phone
Studios Shish Mahal,name
Camera store,category
near Sbi Atm,address
093340 09213,phone
Raj electric and lighting,name
Electronics store,category
"buniyadi school ke saamne, Station Rd",address
094710 55644,phone
Baba Bijli Ghar,name
Electronics store,category
munim chowk,address
097717 61560,phone
Sanjit Cyber Cafe,name
Computer store,category
"Raj Katra, Nai Bazar Sabji Mandi",address
078709 71577,phone
Anand Kumar Verma,name
Electronics store,category
"Shop No 01, near Panchmukhi Mandir",address
062027 27392,phone
Chandan Gupta Buxer,name
Electronics store,category
"HX8G+FHF, Station Rd",address
095343 73672,phone
Aman Bijli Ghar,name
Electronics store,category
"Shop No 01, Hanuman Nagar Bypass, near Aman Bijli Ghar",address
080518 25939,phone
Manju Rai,name
Electronics store,category
"Shop No 01, near Shiv Mandir",address
073882 25767,phone
Amar Software,name
Computer store,category
"02, near Bypass Road",address
099557 00335,phone
Mahalaxmi Photo State,name
Computer store,category
near Union Bank,address
062060 92886,phone
Maa Geeta Cyber Cafe,name
Computer store,category
"Infront of Kamaldah, Pokhra Park, Station Rd",address
082522 53135,phone
Trisha Electrical,name
Electronics store,category
"Shop No 01, near Punjab Bank",address
070705 02492,phone
ASHUTOSH KUMAR,name
Computer store,category
"02, TURHA TOLI MAIN ROAD",address
092628 21120,phone
Shree Electronics,name
Electronics store,category
"Chowk, near pakwa innar",address
091101 50751,phone
Fresh Chicken Shop,name
Camera store,category
"Fresh Chicken Shop, Station Rd, in front of Tanishq Shoow Room",address
099054 76734,phone
Guddu Chiken Shop,name
Camera store,category
"Bucur, PP Rd",address
087091 58945,phone
Surya Printer's & Online Service,name
Computer store,category
"Surya Prakash Bhawan, 26, Namak Gola Road",address
062023 21112,phone
Verma Electronics,name
Electronics store,category
"111, SH 13",address
094310 83767,phone
letest downloadind mobile centre,name
Electronics store,category
HX39+Q8F,address
088041 25492,phone
Keshari electronic,name
Electronics store,category
Keshari electronic,address
063641 27255,phone
Neha Communication,name
Electronics store,category
"HXGH+GM5, Main Rd",address
063035 02200,phone
Viswakarma electric,name
Electronics store,category
"HXGJ+CPG, main road machharhatta pull",address
085409 25770,phone
Edutech -JioMart Digital Partner,name
Electronics store,category
"Durga Complex, Collectorate Road",address
062997 84079,phone
Riya Electronics & Mobile,name
Electronics store,category
nai bazar ward no 7,address
091222 24503,phone
MEHTA ELECTRIC,name
Electronics store,category
Geeta Mandal,address
062046 38342,phone
Maruti nandan mobile,name
Electronics store,category
"HXGF+JR5, PP Rd",address
092346 17690,phone
Vaishnavi Super Mart,name
Indian grocery store,category
Kamla Nivas,address
076070 01641,phone
Sri Ram Trader's,name
Indian grocery store,category
Collectorate road,address
091552 96650,phone
City Grocery Mart,name
Indian grocery store,category
FCI Rd,address
062004 02860,phone
Amit Khaini Dukan,name
Grocery store,category
"Rinku Khaini Dukan, Amit Bhawan, 12, Jail More",address
091131 40062,phone
Ritesh Gupta,name
Grocery store,category
"Ritesh Bhawan, 22, Station Rd",address
074930 83060,phone
Bhawani Enterprises Limited,name
Grocery store,category
"SH 13, near Durga Cold Storage",address
091220 07440,phone
Abhijeet Kirana Store,name
Grocery store,category
"01, Basant Road, near Bay Sudha Deri",address
082353 87084,phone
Satyanarayan Keshari,name
Grocery store,category
Station Rd,address
093041 95060,phone
VB Mini Mart,name
Grocery store,category
"057, FCI Rd",address
078368 05634,phone
Ritik Grocery Shop,name
Grocery store,category
"Front Of Gramin Bank, Main Road",address
082719 82436,phone
Pandey KIRANA Store,name
Grocery store,category
320,address
078703 65386,phone
Anand Store,name
Grocery store,category
Ghat,address
070044 63399,phone
Amit Kirana Store,name
Grocery store,category
"Ward No 18, near of Sahnai Pailais",address
077849 89291,phone
Umesh Kumar Dhruw,name
Grocery store,category
"Shop No 01, Mahavir Asthan Main Road, near Durga Mandir",address
096521 74340,phone
Divya Laxmi General Store,name
Grocery store,category
"SH 13, Bhojpur Road",address
079035 06005,phone
Pankaj Kumar,name
Grocery store,category
"106, Buxar, near by Station Ke Paas",address
070040 85044,phone
Jhman Gupta,name
Grocery store,category
"Jhaman Bhawan, 11, Shivpuri Rd",address
099392 56438,phone
Ramchandra Sahu,name
Grocery store,category
"Ramchandra Bhawan, 100, Budhanpurva Road",address
093415 77529,phone
Mangal Sutra Guthai,name
Grocery store,category
"Anil Bhawan, 10, Purana Chowk",address
096311 77794,phone
Patanjali Gramin Arogya Kendra,name
Indian grocery store,category
Ground Floor,address
091131 18932,phone
BUXAR KART,name
Grocery delivery service,category
"CHINI MILL, near NEW BRIDGE",address
06183 357 107,phone
Om Sai Nath Traders,name
Grocery store,category
"budhanpurwa, VILLAGE HXJR 3H3, Babanagar",address
082104 87683,phone
Ritesh Kirana store,name
Indian grocery store,category
"Parari, Simri Rd",address
095760 96028,phone
Ritesh Chaudhary,name
Grocery store,category
"Nai Bazar, near Sri Krishna Vatralay",address
093360 10634,phone
Shanvi Plastic,name
Grocery store,category
"Kritika Bhawan, 100, Purana, Thana Rd",address
084093 60099,phone
Prasad Misthan Bhandar,name
Grocery store,category
"Deepak Bhawan, 100, Munim Chowk Road",address
062011 64748,phone
Satyanarayan Kirana Dukan,name
Store,category
sation road,address
078578 78753,phone
Krishna Hair Cutting,name
Grocery store,category
"Lalmuni Bhwan, 16, Bandh Rd",address
089693 49330,phone
Hira Kirana Store,name
General store,category
"Shop No 01, near Hanuman Ji Mahlatoli",address
075493 99657,phone
Saroj Kirana,name
Grocery store,category
"Saroj Kirana, Buxar Marg",address
087574 54075,phone
New Hindu Murga Dukan,name
Grocery store,category
F2H6 MRP802123,address
062023 10898,phone
Suraj General Store,name
General store,category
"Police Chowki, near Raj Mobile Shop",address
088159 29267,phone
RAJDEV KUMAR,name
Grocery store,category
"101 Harpur Near Goverdhan Temple Pasahara, Road",address
077398 49802,phone
KGN किराना,name
Grocery store,category
"HX37+RR8, नई बाजार, बड़ी मस्जिद, बक्सर",address
085419 33434,phone
Gopal Jee Kirana Store,name
General store,category
"111, SH 13",address
06183 224 135,phone
Gaurav Foods,name
Grocery delivery service,category
"Gaurav foods, Namak Gola, below park view restaurant",address
062012 88953,phone
Guddu Kirana Shop,name
Grocery store,category
near Dr Mahendra Prasad Clinic,address
099345 50129,phone
Manoj Kirana,name
Grocery store,category
LBT College Rd,address
095461 58726,phone
Bilatan Bind,name
Grocery store,category
"103 Karmahari, Ramgarh Road, near Primary School",address
062072 05667,phone
Svaminath,name
Grocery store,category
"106 Karmahari, Ramgarh Road, near Primary School",address
072500 72626,phone
Hemant Tiwari,name
Grocery store,category
"105 Dewaitha, Gharohiya Road, near Bharat Petroleum",address
095061 84655,phone
VIVEK KIRANA AND GENERAL STORE,name
Dairy store,category
"Jyoti chowk, HX9G 424, Station Rd, Jyoti Chowk",address
077177 45225,phone
Nirmala Kirana Store,name
Grocery store,category
"HXFH+Q6Q, Hanuman Fatak, in front of Hanuman Mandir",address
082350 59310,phone
VIKAS KIRANA,name
Grocery store,category
"HXGP+C2P, Buxar Main Rd",address
073018 12243,phone
Nandini pet Shop Buxar,name
Pet store,category
"maharaja petrolpump, Station Rd",address
091224 17999,phone
Sam Cattery And Pet Shop,name
Pet store,category
"Kotwali Chowk, Munimum Chowk, near Sultan Sports",address
076676 89088,phone
Durga Shop,name
Pet store,category
"22Rohit Bhawan, 802101, Golambar Road",address
070507 87440,phone
Vaishno Sweets Buxar,name
Sweet shop,category
"SH 13, 111, SH 13",address
078705 65614,phone
KUNDAN NAMKEEN AND SWEETS,name
Indian sweets shop,category
Amla Toli main road,address
089360 51424,phone
Balaji Sweets and bakers,name
Sweet shop,category
Main road,address
097719 46155,phone
Sharda’s sweet and namkeen,name
Sweet shop,category
Amla Toli Main Road,address
099317 52365,phone
Mithai Ghar,name
Bakery and Cake Shop,category
"Satydev Mil, Mithai Ghar Main Road",address
075439 13877,phone
Vaishnvi Sweets & Chart Corner,name
Sweet shop,category
HX5P+8PV,address
099558 26875,phone
Desi Bharauli Shop,name
Sweet shop,category
Apsara Hotet,address
098355 16459,phone
Hariom Sweets,name
Sweet shop,category
"Naya Bhojpur, Patna - Buxar Hwy",address
095760 87079,phone
Pappukumar Singh So Ramji Singh,name
Sweet shop,category
Main Road,address
075460 12523,phone
Shri Sai Sweet House,name
Fast Food,category
"Shop No 01, Ghazipur - Hajipur Rd, near Tahsil",address
096162 62286,phone
MBA Chai Wala Cafe Buxar,name
Coffee shop,category
"HXGQ+4G2, Bypass Rd, near Indian Petrol Pump",address
070044 61610,phone
Vishal Sweets,name
Sweet shop,category
"111, SH 13",address
099343 78304,phone
Bharkha Devi Icekrrem,name
Sweet shop,category
"Devi Lal Bhawan, 12, Ara Nh 922 Road",address
090497 42331,phone
Kanha Sweets Buxar,name
Sweet shop,category
"111, State Highway 13, Thatheri Bazar, Civil Lines",address
084349 22178,phone
Chocolatey pan sshop,name
Chocolate shop,category
"HDFC Bank, PP Rd",address
085071 38336,phone
Jai shree paihari ji sweet and chat,name
Sweet shop,category
Main road tiyara,address
099732 76824,phone
Shivam Kirana,name
Sweet shop,category
"Noka Mill, Buxar - Itarhi Rd, near RAILWAY CROSSING",address
074797 49937,phone
Dipak Sweet,name
Cake shop,category
Man Road,address
096315 17215,phone
Jagdamba Sweet,name
Caterer,category
Railway Station,address
062022 66360,phone
asian paint buxar,name
Paint store,category
"Amla toli main road, near bata showroom",address
083403 22576,phone
Asian Paints Beautiful Homes Painting Service,name
Painter,category
"CHUNA BHANDAR, DIST",address
08071 681 347,phone
Mosaic House,name
Paint store,category
"Amla toli main road, beside bata showroom",address
083403 22576,phone
Jay Bajrang Traders,name
Paint store,category
"Main Road, Golambar - Jaso Rd",address
070041 81173,phone
Maa Vindhyavasini Store (Paint),name
Paint store,category
"Main Road, Patna - Buxar Hwy",address
062999 92049,phone
Himadri Traders,name
Paint store,category
"111, State Highway 13, Station Rd",address
091226 37217,phone
"Rohit Paints,Hardware And Sanitary Store",name
Home goods store,category
FCI Rd,address
095768 03034,phone
Nerolac Paints - Parwati And Sons,name
Paint store,category
"Hx4P+47G, near Satkar Marriage Hall",address
088530 79097,phone
Parvati & son's,name
Paint store,category
"Buxar - Itarhi Rd, near sadhu baba mandir",address
088530 79097,phone
Jumpy Pet Shop |Dumraon,name
Pet store,category
"Station Rd, near Bank Of Baroda",address
070045 59540,phone
Har Har Mhadev 802101,name
Pet store,category
"Rohit Bhawan, 22, 802101, Kotwa Road",address
062076 11353,phone
Chaudhary kennel & Pet shop,name
Pet store,category
"Ward no. 9, Banarpur bajar",address
072570 67541,phone
"Kajaria Prima - Tiles Showroom in Ambassador Hotel, Buxar",name
Tile store,category
"Anand Tiles, Main Road, near Ambassador Hotel",address
093342 03050,phone
Maa Kali Tiles and Sanitary,name
Tile store,category
HX66+MW9,address
097081 24939,phone
Simpolo Ceramics,name
Tile store,category
"HXCQ+C6X, Bypass Rd, Near bus stand",address
094310 83839,phone
Raj Tiles ( Kajaria),name
Tile store,category
"Chowk Syndicate,Golambar",address
099346 81756,phone
Sipahi Building Material & Tiles,name
Building materials store,category
Golamber,address
099317 12624,phone
Raj Marbles,name
Home goods store,category
Buxar - Chausa - Sasaram Rd,address
090063 65550,phone
CK DECOR [WALLPAPERS & PVC PANELS],name
Wallpaper store,category
"Main Road, nahar, near Golambar - Jaso Road, near Cambridge school",address
095077 40734,phone
Interior Wala ( JVS & Company),name
Interior designer,category
"Bazar Samiti Rd, near Nehru Smark High school",address
096087 73107,phone
Aryan Furniture,name
Store,category
"HXHQ+4G6, Truck Syndicate, Main Road",address
098013 50256,phone
Park Avenue,name
Clothing store,category
"Rangoli Shoping Mall, Buxar Main Rd, opp. Canara Bank",address
080 4495 3192,phone
GARG SANITATION,name
Bathroom supply store,category
"Station Rd, near Chourasia Lodge",address
070040 85003,phone
Aaditya Glass,name
Home goods store,category
Buxar Bharauli Rd,address
093344 04379,phone
DREAM WALLS,name
Wallpaper store,category
Bypass Rd,address
088252 39874,phone
CK DECOR,name
Interior designer,category
"Pal complex, Station Rd, near Railway station",address
098011 28838,phone
Parvati & son's,name
Building materials store,category
"Buxar - Itarhi Rd, near sadhu baba mandir",address
088530 79097,phone
Seraj Enterprises,name
Fabric store,category
"0000, Bypass Rd",address
090979 33767,phone
Hareram Chaudhary Meet Shop,name
Mattress store,category
"Main Road, Gola Road",address
093045 53763,phone
SUHAG STORES,name
Shopping mall,category
PP Rd,address
097082 83106,phone
Rajesh Pent Shop,name
Paint store,category
"Simri Rd, near midil school",address
099550 29680,phone
Assam Ply,name
Plywood supplier,category
Assam ply,address
094310 84023,phone
Rudra Plywood and Hardware,name
Plywood supplier,category
Infront of nagar parishad,address
062038 60376,phone
"Greenply Plywood (Agarwal Ply House) - Best Plywood Shop And Dealer In Purana Chowk, Buxar",name
Plywood supplier,category
purana chowk,address
093555 67731,phone
"श्री साई प्लाई - Plywood, Doors, Windows, Hardware, Mica, Curtain Pipes",name
Plywood supplier,category
Collectraite Road,address
079922 35609,phone
Sri Shyam HardWare,name
Plywood supplier,category
Amla toli mai read,address
099318 37376,phone
"Greenply Plywood (Ganpati Ply House) - Best Plywood Shop And Dealer In Mithiya Mohalla, Buxar",name
Plywood supplier,category
"Matiya Road, opposite Doctor Gyan Prakash",address
093555 68183,phone
KHADIM Buxar,name
Shoe store,category
"Amla Toli, Main Road",address
097089 79001,phone
Liberty Exclusive Showroom,name
Shoe store,category
"Ward No-28, Krishna Talkies, Mahaveer Asthan Mandir Police Station, Block-Buxar House No-574 Muhalla- Turha Toli, Main Road",address
093407 65581,phone
Red Chief Store,name
Shoe store,category
"Ward No. 28, Amla Toli Main Road, near Badi Devi Temple",address
070049 59659,phone
Baba Bata,name
Shoe store,category
Amla Toli Main Road,address
094310 83537,phone
Bata Shoe Store,name
Shoe store,category
"Ground Floor, Buxar Main Rd, beside Bank of India",address
062070 84252,phone
DJ SHOE...,name
Shoe store,category
"Munim Chowk, near Indian Bank",address
091706 46141,phone
J Shoe House,name
Shoe store,category
Natwar,address
095344 92611,phone
Kumili Shoe House,name
Shoe store,category
"Shop No 01, near Khel Fild",address
073370 25332,phone
Saheb Shoes,name
Shoe store,category
"101, Nayabhojur, Chik Toli, near Lohar Toli Chowk",address
076545 77981,phone
New Fashion Shoe,name
Shoe store,category
"106, NH 922, near Khel Fild",address
070787 81602,phone
"Buddha Boot House, Buxar",name
Shoe store,category
Khushi Marriage Hall,address
092798 62930,phone
Master Leather Shoes,name
Shoe store,category
"101, Station Rd, near Durga Mandir",address
097083 18622,phone
Aman Store,name
Shoe store,category
"Shop No 01, near Vishmitra Hospital",address
081918 82142,phone
Max Foot wear Official,name
Shoe store,category
"Shop No-01, Munim Chowk, near by Indian Bank Rajendra Katra",address
097982 18626,phone
Deepak Shoe House,name
Shoe store,category
"Buxar Ara Road Parari ,nesr Sah Para Buxar Ara Road Parari",address
094710 06388,phone
Mahatab,name
Shoe store,category
"Shop No 01, near Chotki Samirpur Road",address
070172 05825,phone
Ansari Shoo Store Dumari Road Naya Bhojpur,name
Shoe store,category
"Naya bhojpur , dumri rode P.s -dumraon, , Naya Bhojpur, Road",address
079790 08833,phone
Rahmat footwear,name
Shoe store,category
"HX7H+HCC, Station Rd",address
088043 28107,phone
New Fashion Footwear,name
Shoe store,category
"102 Bhariyar, Road Bhariyar, near Sabji Bajar",address
083401 05332,phone
Parda Ghar,name
Window treatment store,category
"Shop No. 1, Laxmi Complex, Boring Rd, near chunnilal mega mart",address
082717 27385,phone
__ThE__ReBeL__fAsHiOn__,name
Men's clothing store,category
Chaudhry Katra Munim Chowk,address
082108 44601,phone
KESARIA DRESSES,name
Women's clothing store,category
Munim chouk,address
083402 92416,phone
Van Heusen - Buxar,name
Clothing store,category
"Van Heusen Store, PR Road, Church Campus",address
079039 32212,phone
Gaurav Fancy Dresses,name
Clothing store,category
"South, Collectraite Rd Buxar, near Hanuman Mandir",address
090979 36631,phone
Anand Dress,name
Clothing store,category
PP Rd,address
091351 49327,phone
Siya Synthetics,name
Clothing store,category
"HXGF+WX2, PP Rd, beside jaiswal dharmshala",address
079039 76282,phone
Shri Krishna Vastralaya,name
Saree Shop,category
PP Rd,address
090971 63456,phone
Monte Carlo,name
Clothing store,category
"PIPERPATI ROAD, in front of JAISWAL DHARAMSHALA",address
079039 21317,phone
Haji Store,name
Saree Shop,category
"Talat Bhawan, 22, PP Rd",address
091425 44570,phone
MOTA BHAI SAREE WALA,name
Saree Shop,category
NEAR DURGA MANDIR CHAUSA CHAUSA,address
082523 30477,phone
Shri Vastram Vastralay,name
Saree Shop,category
Station Rd,address
076340 76842,phone
Rastogi Dresses,name
Men's clothing store,category
By Pass Road,address
099845 46456,phone
Buxar Reshine House,name
Clothing store,category
Natwar,address
093341 78291,phone
D K GARMENTS,name
Clothing store,category
"101, near School",address
086515 38227,phone
Crocodile Shop,name
Men's clothing store,category
Amla Toli Main Road,address
078700 04354,phone
VIJAY SAREE BHANDAR,name
Clothing store,category
PP Rd,address
093346 25715,phone
Ghunghat Saree,name
Saree Shop,category
17 And Puranachowk,address
076782 29673,phone
SRI BALA JI DRESS,name
Clothing store,category
Natwar,address
062019 90822,phone
Sanjay Kumar Gupta,name
Men's clothing store,category
PP Rd,address
095049 31260,phone
Raj Laxmi Saree Ghar,name
Women's clothing store,category
Thana Rd,address
079090 64546,phone
Sojal Verma Shop,name
Clothing store,category
Mohanai Road,address
076440 80778,phone
Jyoti Machine Sadi Center,name
Women's clothing store,category
"Jyoti Bhawan, 12, Golambar - Jaso Rd",address
079799 27809,phone
Mahadev Vastralay,name
Clothing store,category
"Dhurup Bhwan, 12, Arrah - Buxar Rd, near Maa Ambey Electric",address
093862 16649,phone
Chintoo Fashion Point,name
Clothing store,category
"Shop Number 13, Munib Chowck",address
091020 89131,phone
Roshan Sinha,name
Clothing store,category
"Shop No 01, near Collage Gate",address
062044 89258,phone
Kohinoor Dresses,name
Clothing store,category
"101, grahta Khurd, Buxar Ara Road",address
062005 98564,phone
Shubham Fashion Mall,name
Clothing store,category
Station Rd,address
098015 79448,phone
Madhu Cloth Shop,name
Men's clothing store,category
"01, road",address
095760 08113,phone
Unik Bag,name
Sportswear store,category
"Arun Bhawan, 104, Arrah - Buxar Rd",address
070041 55764,phone
kailash enterprises,name
Wholesaler household appliances,category
Buxar Bharauli Rd,address
078703 70485,phone
Usha Kitchen Centre & Bartan Dukan,name
General store,category
"PP Rd, near Union Bank",address
087897 90317,phone
a,name
Appliance store,category
opp. Pariwar Resturant,address
099555 59545,phone
Amit Crockery House & BARTAN STORE,name
Home goods store,category
Buxar - Itarhi Rd,address
079799 52090,phone
Maa Tara Wholesale Centre,name
Wholesaler,category
"jail pain Road, beside Buniyadi school",address
080762 25466,phone
Kunwar Jyoti Gas Agency,name
Gas Agency,category
"HX99+V9C, Buxar - Chausa - Sasaram Rd",address
06183 225 835,phone
Shyam Pustak Stationery,name
Book store,category
SH 13,address
082523 38095,phone
Mishra stationary Buxar,name
Store,category
"Itarhi road, Mahavir Nagar Near petrol pump, in front of sadhu baba Mandir",address
088628 10267,phone
Bunty Book Centre,name
Book store,category
"Old Bus Stand,Near Red Cross Society",address
094723 02084,phone
Pen N Pencil,name
Store,category
"Jail More, near Woodstock School",address
097160 84056,phone
Rastogi Ji Sports Stationery,name
Stationery store,category
"Bangali tola, near SBI bank",address
080840 92393,phone
Sanjay Khowa Bhandar,name
Book store,category
HXFC+5M6,address
078700 46618,phone
Hindu Book Store,name
Book store,category
"Bajar, near Chhoti Masjid",address
070041 54989,phone
Sanskriti Printing Press,name
Print shop,category
"Main Road Churamanpur, near Chandani Marriage Hall",address
093541 96784,phone
Gyan Sagar Books & Stationary,name
Book store,category
"HXCF+RJR Nagar Parisad, Road",address
094317 81906,phone
Student Corner,name
Book store,category
10,address
099555 33395,phone
Book Town,name
Book store,category
Shop No 01 Td Collage Ground Rood,address
079034 88123,phone
VESTIGE MAXX. DLCP,name
Office supply store,category
"Station Rd, in front of BUNIYADI SCHOOL",address
076541 65884,phone
Nandlal Book Depo,name
Book store,category
"road, near M P high school",address
077830 13337,phone
Shri Balaji Book & Stationery Point,name
Stationery store,category
HXFC+9MW,address
077393 51275,phone
Maa Saraswati Stationery And Book Store,name
Book store,category
"Railway Station, near Tickets Counter",address
097177 84405,phone
Nazir Arts,name
Rubber stamp store,category
"pp road, Pustakaalya road, near laziz pizza",address
093049 74245,phone
Shahid Book Shop,name
Book store,category
12B,address
095544 31418,phone
"Raju. Book, Binding",name
School,category
HXGG+WVG,address
094316 84760,phone
Ajit Prasad Book Bhandar,name
Book store,category
"109 Chakki Laxman Dera Near Middle School Gayghat, Road",address
087099 82089,phone
Chatra Pustak Bhandar,name
Book store,category
"Shop No 01, Ranpur Chsusa, near Chatra Pustak Bhandar",address
062012 24633,phone
Shree Cyber Cafe,name
Book store,category
"15, LBT College Rd",address
079923 75405,phone
Dilip Keshari Books & Stationery Shop,name
Book store,category
Unnamed Road,address
088585 42177,phone
Om Books And Stationery,name
Book store,category
"Ahirouli, Patna - Buxar Hwy",address
070043 18198,phone
P K Enterprise,name
Book store,category
Sanskar Choching,address
079922 56968,phone
Lucky General Shop,name
Book store,category
"Lucky General Store, Julfajal Masjid Road",address
062013 32961,phone
Genius Public School,name
Stationery store,category
Patna - Buxar Hwy,address
099310 38906,phone
"Thyrocare Diagnostic Lab | Blood Test Centre - BUXAR, BIHAR",name
Diagnostic center,category
"MAIN ROAD, near MAHAVIR STHAN",address
099902 39271,phone
Dr Lal PathLabs - Patient Service Centre,name
Diagnostic center,category
"Ground Floor, Jyoti Prakash Chowk, Station Rd, opposite Tanish Jewellers",address
080 6909 7944,phone
PRAKASH PATHO LAB & AULTRASOUND CENTRE,name
Medical laboratory,category
"ITI pain rod, Shwet nagar Buxar, near buniyadi school, frot of jivika office",address
085217 08444,phone
Redcliffe Labs - Collection Center,name
Diagnostic center,category
"Ground Floor, Nagar Parishad Road, near Makhan Bhog Sweets",address
079 6922 8404,phone
SOUMYA ULTRASOUND & DIAGNOSTIC CENTER,name
Medical diagnostic imaging center,category
"Bypass Rd, near Shanichara Baba",address
094310 56494,phone
Dr Lal PathLabs - Patient Service Centre,name
Diagnostic center,category
"4/5, Siddhnath Ghat Mathiya Rd, near Sub Jail",address
080 6256 5117,phone
Lupin Diagnostics | Pathology Lab & Full Body Checkup in Buxar,name
Diagnostic center,category
"Nayan Medical Hall, Veer Kunwar Sigh Colony, ITI Field Road, Buxsar, Maharshi Vishwamitra Mahavidyalya",address
091555 59520,phone
Jai Bharat Digital X Ray,name
Diagnostic center,category
Mathiya Rd,address
070504 00050,phone
"Agilus Diagnostics - Itarhi Road, Buxar",name
Diagnostic center,category
Buxar - Itarhi Rd,address
062006 46286,phone
Pathkind labs buxar,name
Diagnostic center,category
"Ward No 13, PP Road, Jahaj Ghat, near Alka Cenema Hall",address
087090 76351,phone
"Thyrocare Diagnostic Lab | Blood Test Centre - Nai Bazar, Buxar",name
Diagnostic center,category
"Aluminium Factory Camps, opp. BDO Block Office",address
094310 84223,phone
Bihar Digital X-Ray & OPG Centre,name
X-ray lab,category
"HXHJ+Q43, Buxar Hospital Rd",address
094302 19494,phone
Life Line Diagnostic Center,name
Pathologist,category
1st floor neha nursing home,address
094312 35353,phone
Dr Lal PathLabs – Patient Service Centre,name
Diagnostic center,category
infront of vishal mega mart,address
097089 68942,phone
Health Care Pathology,name
Diagnostic center,category
"Jyoti Prakash Chowk, beside Telephone Exchange",address
099396 61624,phone
Gangotri Labs,name
Pathologist,category
"Chitra Pushtak Bhandar, Main Road, near Auto Stand, near Nahar",address
073240 15063,phone
IMC Ayush Herbal Center,name
Medical Center,category
"road, near Aurobindo ultrasound",address
079798 61334,phone
Mohini Women's Care Clinic,name
Gynecologist,category
"Tez singh motor driving school ke paas, Bazar Samiti Rd",address
062029 52004,phone
Apollo Diagnostics,name
Diagnostic center,category
"Satya Dev Ganj, Main Road, opp. Satya Dev Mill",address
096061 12399,phone
Redcliffe Labs - Collection Center,name
Medical laboratory,category
"Ground Floor, Nagar Parishad Road, near Makhan Bhog Sweets",address
079 6922 8404,phone
Lupin Diagnostics | Pathology Lab & Full Body Checkup in Buxar,name
Medical laboratory,category
"Nayan Medical Hall, Veer Kunwar Sigh Colony, ITI Field Road, Buxsar, Maharshi Vishwamitra Mahavidyalya",address
091555 59520,phone
Unique mixing lab buxar,name
Photography studio,category
Nalband Toli,address
087899 07090,phone
JYOTI STUDIO,name
Photography studio,category
Amla Toli Main Road,address
092344 50662,phone
Dr Lal PathLabs - Patient Service Centre,name
Diagnostic center,category
"Ground Floor, Life Mall, Station Road",address
080 6256 4473,phone
Balaji Dresses-Best School Uniform Shop in Aurangabad ! Best Readymade Garment Shop in Aurangabad,name
Clothing store,category
MG Rd,address
06186 357 267,phone
Blackberrys,name
Clothing store,category
"Block More, Grand Trunk Rd, near Reliance Trend",address
096190 86023,phone
Planet Fashion Aurangabad bihar pin code-824101,name
Store,category
"J. K. HOTEL, MG Rd",address
06186 359 913,phone
Trishna Multi Store,name
Clothing store,category
Q93G+5GR,address
093042 70721,phone
Manyavar,name
Men's clothing store,category
"Ground & 1st Floor, Old GT Rd, near Reliance Trends",address
080 3700 2509,phone
FASHION HUB,name
Men's clothing store,category
"Q957+XHF, Old GT Rd",address
091133 84600,phone
Fashion Emporium,name
Clothing store,category
Yodha Marg,address
085442 41822,phone
City Fashion,name
Women's clothing store,category
"Q94H+F87, Nawadih Rd",address
097717 47581,phone
"Balajee garments. Old gt road Aurangabad, Bihar",name
Clothing store,category
"Jamaican masjid, Old GT Rd, near Balajee electronic",address
084099 42141,phone
YES SIR DRESSES,name
Clothing store,category
"1st FLOOR, Nagar parishad MARKET, near Sadar hospital gate",address
087976 37772,phone
CPR FASHION MEN'S WEAR,name
Clothing store,category
"Devi Mandir, near Devi Mandir",address
078590 07877,phone
Ahilya Fashion,name
Clothing store,category
"Q92C+M8J, MG Rd",address
070046 09828,phone
K.N. MINI MALL,name
Clothing store,category
"P9XG+888, Pathan Toli Rd",address
094712 83832,phone
Aanchal Vastralay wholesale cloth showroom,name
Clothing store,category
"Bengali market, near jama masjid",address
094300 58314,phone
SIYARAM'S SHOP,name
Clothing store,category
"Q929+8VQ, M.G, Aurangabad-Rafiganj Rd",address
022 3040 0500,phone
The Raymond shop,name
Clothing store,category
"Old GT Rd, near Jama Masjid",address
080 4493 8951,phone
Jockey Exclusive Store,name
Clothing store,category
"Ward No 11, MG Road, Ramesh Chowk, behind Laxmi Narayan Mandir, near Hotel JK",address
096935 46453,phone
Lee Exclusive Showroom,name
Clothing store,category
"Maharajganj Rd, beside Allahabad Bank",address
077392 33545,phone
new collection,name
Clothing store,category
"chhoti masji Misha khan masjid, Old GT Rd",address
075418 82829,phone
Ganga Jamuna & School Dress Wala,name
Clothing store,category
Old GT Rd,address
087891 68418,phone
"Dream Girl Mini Mall, Aurangabad Bihar",name
Clothing store,category
"Andar Bazar Chudi Gali, near Jama Masjid",address
097984 31684,phone
Metro Garments,name
Clothing store,category
"Kaushalya Complex, Yamunanagar Rd, near Durga Mandir",address
078080 22807,phone
Fashion Bhumi,name
Clothing store,category
"P9XJ+65X, Dharamshala Rd",address
090067 32987,phone
Lawman Pg3 Killer Store,name
Clothing store,category
Q92G+WF6,address
088099 85779,phone
Chanda Mama Garments,name
Women's clothing store,category
"Old GT Rd, beside होटल डायमंड",address
094304 04485,phone
Liberty Exclusive Showroom,name
Shoe store,category
"Navjodic Sadan, Kunda House, Daruka Centre, Maharajganj Rd",address
082714 10256,phone
Firstcry.com Store Aurangabad Bihar,name
Baby store,category
"Old GT Rd, beside Reliance Trends, opposite Mawar Complex",address
062078 41350,phone
Sansar Tailors,name
Tailor,category
Old GT Rd,address
099348 28038,phone
Desi boy's exclusive men's shop,name
Clothing store,category
"P9RJ+J99, Yamunanagar Rd",address
079889 34059,phone
Pari Garments,name
Men's clothing store,category
Old GT Rd,address
082102 69387,phone
zam zam garments,name
Store,category
"kaushalya complex, near sona hotel dharmsala road",address
082104 07971,phone
WaFa fashion,name
Clothing store,category
near Noushad general store,address
095084 90553,phone
Mahi Garments,name
Clothing store,category
"P9XG+HHG, Pathan Toli Rd",address
062001 46746,phone
Ritika Readymade Garments,name
Clothing store,category
"Karma Rd, behind roasi mart",address
087804 07007,phone
Pink Wings,name
Women's clothing store,category
"Naga bigha Naga bigha road MG Road, Naga Bigha Road, opp. Dalmia Bazar",address
086609 76693,phone
Prakash vastralaya,name
Clothing store,category
Patna - Aurangabad Rd,address
099391 23675,phone
Spykar,name
Clothing store,category
"Old GT Rd, near Reliance Trends",address
080026 52400,phone
Pahnawa Fashion Hub,name
Clothing store,category
"Pahnawa Fashion Hub, Kara Bazar Rd",address
072505 50182,phone
Maa Durga vastralaya Rama bandh bus stand Aurangabad Bihar,name
Clothing store,category
bus stand,address
082928 63138,phone
Bata Shoe Store,name
Clothing store,category
"Vijay Complex Maharajganj Road, Shubham Rd, near Hotel",address
093343 50164,phone
Rajdhani Cycle Shop,name
Bicycle wholesaler,category
Old GT Rd,address
093047 43946,phone
R.S CUT PIECE CENTRE,name
Clothing store,category
Pathan Toli Rd,address
098308 84855,phone
Arohi Men's Wear,name
Men's clothing store,category
"Ward No 10, Obra - Rafiganj Rd",address
077629 39034,phone
Chandan Fashion Mart,name
Clothing store,category
"QGXQ+CHC, Aurangabad-Rafiganj Rd, near kanchnpur, more",address
070042 59669,phone
Masoom Group's,name
Clothing store,category
"Shop No 10, Jagpati Market, Old GT Rd, near Sadar Hospital",address
094319 78016,phone
Hr Collection,name
Clothing store,category
HR Collection Madarsa Market,address
092635 19148,phone
uttam vastralaya,name
Clothing store,category
Goh dist aurangabad,address
088028 31899,phone
Lee,name
Clothing store,category
"Q929+47P Arib Enterprises, MG Rd",address
099555 48600,phone
Sumit vastralaya and Redemade shop,name
Clothing store,category
near at Durga mandir,address
075620 61711,phone
Shiv Garments,name
Clothing store,category
"Main Market, NH139, near Mata Mandir",address
097737 43422,phone
FABULOUS साड़ी स्टोर,name
Clothing store,category
"P9RJ+GWV, Yamunanagar Rd",address
080832 60333,phone
Lady Beauty innerwear,name
Underwear store,category
"P9XH+V5P, near Dr.nehal clinic",address
070048 46409,phone
Vishal Garments,name
Clothing store,category
V9RF+24J,address
090317 62297,phone
Roma Saree Centre,name
Clothing store,category
Rajpur,address
076540 53281,phone
Rustam Dresses,name
Men's clothing store,category
"Shop no 07, Jagapati Market, near Sadar Hospital",address
074850 01283,phone
Girl's fashion,name
Clothing store,category
"Q929+26R New Area, MG Rd, opp. SUN SHINE PETROL PUMP",address
096505 07148,phone
Amrit Collection,name
Baby store,category
"Masjid Ke Samane, Ramesh Chowk",address
077660 83838,phone
Nagain Vastralay,name
Clothing store,category
Market Under Market,address
099344 33991,phone
S.Collection,name
Men's clothing store,category
"04, Jama Masjid, Old Madarsa Market, Street No. 1",address
079790 27507,phone
StylePlay,name
Clothing store,category
"Old GT Rd, near Gate School",address
095342 08335,phone
NITYA GARMENTS,name
Clothing store,category
New area nabinagar,address
094300 41683,phone
Kurta House,name
Clothing store,category
"Shop no 2, Adhiwakta Sangh Parishar, Near, Ramesh Chowk, opposite Mahakal Temple",address
089697 75397,phone
Surya Garments,name
Clothing store,category
"Farm Par, Madhuram Hotel, near Nh2",address
096208 34726,phone
Rocky Garments,name
Clothing store,category
"New Shop, Main Road",address
099556 99364,phone
Agrawal Stores,name
Furniture store,category
MG Rd,address
079797 21400,phone
RC GARMENTS,name
Clothing store,category
"Q92H+H2J, Nawadih Road, Kali Club, Aurangabad",address
096084 11933,phone
Army & civil store,name
Uniform store,category
"Near police line SHANTI KUNJ Apartment, Karma Rd",address
070048 40373,phone
Kolkata Jeans Corner | Best Jeans Collection In Obra Aurangabad Bihar | Best Jeans Shop In Obra Bihar,name
Clothing store,category
"Main Road, near Kali Mandir",address
083405 95986,phone
New Grand shoe,name
Shoe store,category
"Old GT Rd, near Jama masjid",address
095048 87164,phone
Maa Mundeshwari Sasta khadi Bhandar,name
Clothing store,category
"shop no.13, sbi bank market, Ramesh chowk.parisad bajar Ramesh chowk, Bajar, near SBI bank market",address
087095 55094,phone
Sarojkumar kapda Dukan+ श्रृंगार स्टोर,name
Housing complex,category
R9F6+89F,address
078390 66790,phone
ADARSH FASHION HUB,name
Clothing store,category
"Badem, Japla-Barun Rd",address
083401 46001,phone
Kamla fashion store,name
Garment Exporter,category
"Maheshwari complex, Nabinagar road",address
062065 76376,phone
Fabrico Laundry & Dry Clean,name
Dry cleaner,category
"Q967+2CQ Infront of SBI, Near",address
091429 45047,phone
New Shoe point,name
Shoe store,category
Old GT Rd,address
095762 69192,phone
NEW RAVEENA SHOE GODAM,name
Shoe store,category
P9X9+42R,address
095087 83394,phone
Modern shoe,name
Shoe store,category
Old GT Rd,address
078706 09493,phone
Pooja Cloth And Dresses,name
Clothing store,category
"Shop No. 7-8, Noor Complex, Railway Station Rd, Near MTDC Resorts",address
094233 96537,phone
National medical store,name
Pharmacy,category
"Q92G+6WH, Old GT Rd",address
082526 66205,phone
Popular Medical Hall,name
Pharmacy,category
Q93H+33M,address
080843 71006,phone
Life Line Medical,name
Pharmacy,category
"Gate No -2, Sadar Hospital, Madarsa Road, near Gupta Hall",address
072775 70757,phone
Galaxy medical,name
Medical supply store,category
Old GT Rd,address
090975 03446,phone
PIHU MEDICAL,name
Medical supply store,category
"INFRONT OF AMIT HOTEL, MG Rd, near HDFC BANK ATM",address
087090 93052,phone
विकास मेडिकल हॉल,name
Pharmacy,category
Q94H+32F,address
075468 44336,phone
"""MEDICALWALA""",name
Pharmacy,category
"Ward No. 7, Sanskar Colony, Solanki Bhawan, Gali No. 3, Karma Rd, near WHO Office",address
062877 13300,phone
VAISHALI PHARMACEUTICAL,name
Pharmacy,category
"OLD GT ROAD, Ramesh Chowk, near SADAR HOSPITAL",address
070043 05057,phone
Hind Pharma,name
Pharmacy,category
"Sabji Mandi, opposite Indian Bank, near Nagmatiya Petrol Pump",address
088047 25968,phone
Chandra Brother's Medical Agency,name
Medical supply store,category
"Q929+47P, Erka House, MG Rd, opp. Indian Oil Petrol Pump",address
085409 86311,phone
Shifa Medical Hall,name
Pharmacy,category
"Q92H+543, Old GT Rd",address
095080 11552,phone
ARYAN MEDICAL HALL,name
Pharmacy,category
"Durga Chowk, Satyendra Nagar Rd",address
090609 69514,phone
New city medical hall,name
Store,category
"Karma Rd, near forest Department",address
074886 63847,phone
City pharma,name
Pharmacy,category
"Nawadih Rd, near anjar ali hotel",address
091234 31019,phone
Prakash medical hall,name
Pharmacy,category
"more, near sinha college",address
089692 90052,phone
SURGICAL AND MEDICAL HOUSE,name
Pharmacy,category
Madarssa Rd,address
093085 18897,phone
PRADHAN MANTRI JAN AUSHADHI KENDRA,name
Pharmacy,category
"Naga Bigha Road, near BIKE DOST",address
070042 32178,phone
Aarya medical agency,name
Pharmacy,category
Q928+6J4,address
090974 62255,phone
Continental Medical Agency,name
Medical supply store,category
Priyawarat path,address
094312 23769,phone
Waris Medical Hall,name
Pharmacy,category
"Q94H+W62, Nawadih Rd",address
082719 52991,phone
Prasidh medical agency,name
Pharmacy,category
Surya mandir road,address
084349 03738,phone
Shivam Medical Agency,name
Pharmacy,category
Q929+9JF,address
091621 04913,phone
Ujjwal Medical,name
Pharmacy,category
"Yamunanagar Yamunanagar, near Nh2",address
091553 03810,phone
VIKASH MEDICAL STORE,name
Pharmacy,category
"P9RP+HP2, Main Road Pipardih",address
088091 64180,phone
Shakeel Medical & General Store,name
Pharmacy,category
City Chowk Rd,address
098601 03528,phone
Pradhan Mantri Jan Aushadhi Kendra,name
Pharmacy,category
"Gayatri Nagar, Mission School Road, opp. Gayatri Mandir",address
099341 02803,phone
NEW Harsh Medical 24x7 BRANCH 7,name
Pharmacy,category
Kranti Chowk Police Station Rd,address
084217 52350,phone
Netmeds Pharmacy,name
Pharmacy,category
"SMART Point, Police Line, opp. Maharana Pratap Nagar",address
093245 02894,phone
Jaya medical Hall,name
Pharmacy,category
P9W6+4HV,address
099398 67231,phone
Royal Surgical,name
Pharmacy,category
"Old GT Rd, near Gupta Mini Theater",address
095720 75812,phone
Megha Medical Hall,name
Pharmacy,category
"Baratpur, Aurangabad, NH-2, Grand Trunk Road, Aurangabad",address
087578 78030,phone
Vaishnavi pharma,name
Pharmacy,category
"L Singh Tower, Old GT Road, Near, Yamunanagar Rd",address
091226 66476,phone
Appolo Medical,name
Pharmacy,category
"Gate No 8, Deo Mandi",address
084344 78092,phone
Balaji Medical Stores,name
Pharmacy,category
"Shop No.1,Plot No.4,4-18-34, 203, Jawahar Colony Rd",address
080874 81025,phone
Agrawal Medical Hall,name
Pharmacy,category
Q92C+RWQ,address
099349 41413,phone
Shyam Kunj Healthcare & Diagnostics Centre | Clinic near me | Bela | Bihar,name
Medical clinic,category
"Street No.5, Srivastava Ji Residence, 03/359, Umesh Path",address
080 4482 7208,phone
न्यू भारत मेडिकल हॉल,name
Pharmacy,category
"Q979+H4G, Karma Rd",address
099349 05690,phone
Dr. Ram kalyan singh,name
Medical clinic,category
"near, Anugrah nagar",address
087099 48775,phone
न्यू पॉपुलर मेडिकल हॉल,name
Pharmacy,category
"Q92G+6WP, Old GT Rd",address
095723 49192,phone
USHA VACCINE,name
Medical Center,category
P9XC+HXW New area,address
093342 24983,phone
न्यू माँ मेडिकल हॉल,name
Pharmacy,category
"Q92G+7W6, Old GT Rd",address
079090 28523,phone
लाईफ मेडिकल हॉल,name
Pharmacy,category
"P9WF+HM9, Tikri Rd",address
074886 46423,phone
Samarth Medicos,name
Wholesale drugstore,category
"Hotel US Residency, MG Rd, near V Mart",address
091701 23345,phone
Gayatri Medical And General Stores,name
Pharmacy,category
"Devpriya, 4, Bhanudas Sabhahgrah Railway Station Rd",address
098906 78967,phone
Shambhavi Furnishers,name
Furniture store,category
Old GT Rd,address
076678 16461,phone
Royal furnishing,name
Curtain store,category
"Regnable Tower, Shivaji Nagar Rd, near janki hotel",address
094222 10787,phone
Nikki ply house,name
Home goods store,category
behind Nagar thana,address
098520 69302,phone
CURTAIN WORLD,name
Furniture store,category
"18 EAST S B, Saeeda Colony Rd",address
0240 232 0420,phone
Croma - Old GT Road - Aurangabad,name
Electronics store,category
"Ground Floor, Old GT Rd",address
093118 41437,phone
Maa Electronics,name
Electronics store,category
"Old GT Rd, near Jama Masjid",address
090972 24305,phone
Shri Balaji Enterprises,name
Electronics store,category
Karma Rd,address
098313 63298,phone
Singhal Enterprises,name
Electronics store,category
"Q929+XG7, Naga Bigha Road",address
093347 06796,phone
Bharat Shoppe,name
Electronics store,category
Old GT Rd,address
099735 30199,phone
"Mobile Solution (Mobile Phone , Vivo mobile exclusive & all brand mobile shop",name
Electronics store,category
"Shop No 56, Parishad Bazar Building, Old GT Rd",address
088822 25804,phone
J.M.D ENTERPRISES,name
Electronics store,category
"Q94F+6FX, Club Rd",address
091999 99450,phone
TIME CENTER,name
Electronics store,category
"Opt.Hotel, Naaz Complex, Old GT Rd, near Jama Masjid",address
089692 61011,phone
HP World - Aurangabad,name
Computer store,category
"Shop No 1, MG Rd",address
086575 88802,phone
R BAZAAR-Furniture and Electronics Store Aurangabad,name
Furniture store,category
"Ward No-1, Jasoiya More, Grand Trunk Rd",address
093349 15282,phone
Sri Laxmi Mobile -JioMart Digital Partner,name
Electronics store,category
37,address
095080 97100,phone
J P Electricals,name
Electrical supply store,category
"Daltonganj, Road, opposite MRF Tyres Showroom",address
099390 17071,phone
YASH COMPUTER,name
Computer store,category
"MG ROAD , ANNAPURNA HOTEL, APOJIT AXIS BANK",address
090971 98198,phone
Satyam Computers -Best Dell /Lenovo/HP/Asus Laptop Dealer & Accessories Dealer in Aurangabad Bihar,name
Computer store,category
"Kumar Badri Narayan Market, Ramesh Chowk",address
099556 55519,phone
Samsung Experience Store - Mobile Terminal - MG Road,name
Electronics store,category
"Ground Floor, MG Rd, near Kunda House",address
090973 88829,phone
"Dell Exclusive Store - Aurangabad, Bihar",name
Computer store,category
"Shop No-02, Mahatma Gandhi Market, Old GT Rd, opp. Sadar Hospital",address
089299 37978,phone
Havell's Showroom,name
Electronics store,category
P9W6+F8G,address
099732 04055,phone
G.L. ENTERPRISES,name
Electronics store,category
Ward Number 25,address
077798 45956,phone
Mistry ji (Appliances service center),name
Air conditioning repair service,category
"bus stand, near ramabandh",address
070425 06577,phone
Baba Electric Work Shop,name
Electronics repair shop,category
Madarsa Road,address
093047 94522,phone
Ayush cctv and security system,name
Electronics store,category
Q939+H5R,address
095084 58339,phone
LG Best Shop - SRI SATYA SAI ENTERPRISES,name
Electronics Company,category
"LG SHOPPE NEAR GT ROAD , BY-PASS CHOWK M, Grand Trunk Rd",address
094716 94309,phone
Hi-Tech Computer,name
Computer store,category
"Hi-Tech Computer, Old GT Rd, near Post Office",address
099318 53465,phone
Sharma Computer & Typing Institute,name
Institute of technology,category
"Q96F+CV2, Nawadih Bigha Rd",address
072504 41587,phone
National Electric,name
Electrical supply store,category
"National Electric, Old Madarsa Market",address
099342 64344,phone
FREEZE WORLD,name
Air conditioning store,category
"HALL AURANGABAD, MADARSHA ROAD, near Gupta Mini Theater",address
090972 71510,phone
Balaji Electronics,name
Electronics store,category
"Sarafa, Road, City Chowk Rd, opp. Karishma Cloth, near Khadi Bhandar",address
094216 62167,phone
MAA TARINI ENTERPRISES,name
Electronics store,category
Surya Mandir Road,address
062018 64966,phone
Samsung Experience Store - Shri Satya Sai Telecom - Ramesh Chowk,name
Electronics store,category
"Shop No 66, Parishad Bazar, Ramesh Chowk, opposite Hotel Geetika",address
079797 05517,phone
Mahadeva Electricals,name
Electrical supply store,category
"Opposite Of Shiv Mandir , Old Bijli Office ,Karma Road",address
099059 86353,phone
Godrej Inspire Hub,name
Electronics store,category
"Ground Floor, Old GT Rd, near Jama Masjid",address
094318 42605,phone
PRATIK DIGITAL WORLD,name
Electronics store,category
"UNDERGROUND FLOOR AND 1ST FLOOR RAJA BANSILAL MARKET, Railway Station Rd, opp. GINGER HOTEL, beside TAPADIYA DIAGNOSTIC CENTER",address
099230 18287,phone
AToZ solutions point,name
Camera store,category
"shiv mandir, Nawadih Bigha Rd",address
082989 40402,phone
Prince Watch -JioMart Digital,name
Electronics store,category
"Gram Purani Dharmshala, 4, Nabinagar Rd",address
095729 52637,phone
Ujjawal Enterprises,name
Camera store,category
Kshatriya Nagar,address
095049 10233,phone
Sri Ganesh Digital Studio,name
Photo shop,category
Madarssa Rd,address
094312 02740,phone
MAA DURGA COMPUTER,name
Computer store,category
"Q929+556, MG Rd",address
099349 35833,phone
Shiv Shakti Chulha Ghar,name
Kitchen supply store,category
"Ward no 24, Dharamshala Rd, near durga mandir",address
074883 62231,phone
Computer Concept,name
Computer accessories store,category
"Radha Complex, MG Rd",address
094318 30564,phone
Ganpati Stylish Modular Kitchen,name
Kitchen supply store,category
Raghunandan Colony Rd,address
082942 88439,phone
Lapcare,name
Computer accessories store,category
"Shop No 33, 1st Floor, Madarsa Market, near Jama Masjid",address
098528 26686,phone
Livguard - Maa Maihar Battery And Electronics,name
Battery Store,category
"Ground Floor, MG Rd",address
074808 37007,phone
Maa Durga Electric,name
Electronics store,category
"Dharamshala, Dharamshala Rd",address
072775 12652,phone
PINTU MOBILE,name
Mobile phone repair shop,category
"P9VH FCR, SHAHPUR AKHADA",address
062057 38401,phone
PARASNATH ENTERPRISES,name
Computer support and services,category
"JAIN MANDIR ROAD, near Ramesh Chowk",address
077819 03591,phone
Divyanah Digital Studio,name
Computer store,category
"Opposed Mahakal Mandir, Jail Road",address
093080 43854,phone
Komaki Bike Aurangabad,name
Electronics store,category
Q945+PH8,address
087096 79272,phone
Food Corner,name
Computer store,category
"Yamunanagar Rd, near Payal Jwellers",address
062013 19036,phone
Bharat Electricals,name
Electronics store,category
Munshi Mohalla Nawada Road 7 Star cable network,address
099589 73007,phone
Krish. Enterprises,name
Electronics store,category
"Q927+5RG, Unnamed Road",address
098010 88995,phone
Rambriksh Kumar,name
Computer store,category
near Karma Bhagwan,address
091620 74726,phone
Apna Internet Cafe & Stationery,name
Internet cafe,category
"RAM RAJYA NAGAR, ROAD, near JCV KIDS SCHOOL",address
070117 90725,phone
Bajaj Enterprises,name
Electrical & Electronics Stores,category
New Gulmandi Rd,address
098819 12688,phone
Abhishek Enterprises & Digital,name
GPS supplier,category
"Court Compound, C/o Abhishek Photo State, Jail Road, near Collectorate",address
094730 13242,phone
Kalami Computers & Mobiles,name
Computer store,category
Q92G+R94,address
085075 14676,phone
Vijay Sales - KHARGHAR PATEL HERITAGE,name
Electronics store,category
"Shop No 28 to 17, Patel Heritage, Plot No 15",address
022 6946 1100,phone
ALLIANCE ELECTRICAL & ELECTRONICS,name
Electronics store,category
"P9V9+W2P, Tikri Rd",address
095257 46264,phone
Shiv Shakti Computer Press,name
Computer store,category
Rajpur,address
092796 54109,phone
HUNNY ELECTRIC AND ELECTRONIC,name
Electronics store,category
"BRAMHARSHI CKOWK AHARI, Hanuman Temple Rd",address
082354 32602,phone
Aradhya Electric,name
Electronics store,category
Shahpur Akhara Dharamshala Road,address
093860 08626,phone
Rajesh Kumar -JioMart Digital Partner,name
Electronics store,category
"Ward No 26, 1, Yamunanagar Rd, near Akhara",address
070046 02249,phone
Aditya Cyber Cafe,name
Electronics store,category
Q97F+F7Q,address
085418 86541,phone
VIKRANT ENTERPRISES & ELECTRONICS,name
Electronics store,category
"P9XH+PPC, Old GT Rd",address
082717 83333,phone
CITY MART.,name
Grocery store,category
P9RJ+FGV,address
091223 63939,phone
Aradhya Mart,name
Supermarket,category
"P9XC+Q55, Yodha Marg",address
082716 77409,phone
Grihini Anand Mart,name
Indian grocery store,category
Club Rd,address
099349 40061,phone
Six to ten store,name
Indian grocery store,category
Bajrang dal office,address
091109 09042,phone
Kapil Kirana Store,name
Supermarket,category
"Q979+X4H, Karma Rd",address
082928 62000,phone
Jai Mata Di Store,name
Grocery store,category
"P9WH+QW3, Dharamshala Rd",address
097082 66148,phone
Lucky General And Grocery Store,name
Grocery store,category
"006-0147, Surya Mandir Road, near Kali Badi Mandir",address
094306 10267,phone
BANARSI KIRANA STORE & DRY FRUIT BHANDAR,name
Indian grocery store,category
"Old GT Rd, near hotel Royal & sabji mandi",address
079033 90147,phone
Hari Tower,name
Grocery store,category
"P9WP+5WW, east of Adari river, near maa mangla automobile",address
094702 73448,phone
up to date teilors new market nawadih road aurabgabad,name
Supermarket,category
"Q92H+P33, Pachrukhia-Phesar-Aurangabad Rd",address
099390 33161,phone
Bol Bam kirana and general store,name
Indian grocery store,category
"ward no 29, Dr, Old GT Rd",address
070044 18133,phone
Balaji dipartmental store,name
Grocery delivery service,category
road,address
077177 82832,phone
Vishnu Enterprises,name
Grocery store,category
"Vishnu Enterprises, Nh2, near Faram",address
098524 56725,phone
Bharat Jeneral Store,name
General store,category
near Pokhra,address
095047 26089,phone
Dehati Kirana And General Store,name
Grocery store,category
"bus stand, Aurangabad",address
097989 38971,phone
Suvidha A Departmental Store,name
Shopping mall,category
"Gaurav Market, Maharajganj- Aurangabad Rd Mahatma Gandhi Nagar, MG Rd",address
073196 99422,phone
Sarthak Grocery General and confectionery,name
Indian grocery store,category
"Grand Trunk Rd, near VAISHNAVI HEIGHT HOTEL",address
098012 59814,phone
AR. AGENCY,name
Grocery store,category
"Radha Rani Puja Bhandar, Yamunanagar Rd, near VAV School",address
070617 25701,phone
Alok Chaudhary Fish Center,name
Grocery store,category
"Q92M MHM111, Old GT Rd",address
078578 40957,phone
Mehta Kirana Store,name
Grocery store,category
"Road, near Shiv Mandir",address
082289 85344,phone
Suvidha,name
Supermarket,category
"Gaurav Market,near Pahnwa MG Road, Ramesh Chowk",address
082990 70794,phone
MAGADH KIRANA STORE,name
Grocery store,category
Nawadih Rd,address
090974 37847,phone
Patna Radium,name
Grocery store,category
"court compound, Old GT Rd",address
088773 83833,phone
New Glass Centre,name
Grocery store,category
"New Glass Centre, G T Road, near Jama Masjid",address
082108 60836,phone
Sohrai Saw Jadi-buti and Kirana Dukaan,name
Indian grocery store,category
"road, near Ram Janki thakurbadi",address
099349 17604,phone
Gupta super Mart,name
Store,category
"P9WQ+33Q, Old GT Rd",address
090315 08620,phone
Ak General Store,name
Wholesaler,category
"Andar Bazar, near Masjid",address
099051 94051,phone
NIKHIL Kr SHARMA BDM,name
Supermarket,category
"Vill bhetaniyan po indrar ps pauthoo, ds",address
074796 99887,phone
Grocery,name
Grocery store,category
"Q93H+233, Nawadih Rd",address
090974 37847,phone
Kirana Store,name
General store,category
All In One General Store,address
077619 34264,phone
Shri Ram super mart,name
Grocery store,category
"P9WR+H2P, Aurangabad-Rafiganj Rd",address
095462 97562,phone
Patanjali Arogya Kendra,name
Indian grocery store,category
"Ward No 7, Thana Rd, near Surya Mandir",address
082715 63317,phone
SMART CHOICE NATIONAL MARKET,name
Grocery store,category
"Q92G+9VX, Old GT Rd",address
087897 26845,phone
Gauri Shankar,name
Grocery store,category
33,address
088778 31660,phone
Public Demand,name
Grocery store,category
Q93H+H3G,address
072774 20980,phone
Grocery And Puja Shop,name
Grocery store,category
"Budha Mahadev Mandir, Aaurangabad, Aurangabad, NH-2, Bagaha Dhala Road",address
089697 18825,phone
Siddhi vinayak super Mega Mart,name
Indian grocery store,category
"Mg road, near D A V SCHOOL",address
062012 32093,phone
Prabhat Chana Shop,name
Grocery store,category
"Ramesh Chowk, near Gail",address
099314 73038,phone
Vivek General Store,name
Grocery store,category
Gaga AP Colony,address
099734 88456,phone
Omprakash Vegetable Shop,name
Grocery store,category
Yadav Collage Road,address
090150 93834,phone
Pradip aalu dhala,name
Grocery store,category
"shop 78, new, main road, near Post Office Road",address
090974 77077,phone
Ranvijay Saw,name
Grocery store,category
"New Shop, Main Road, near Auragabad",address
075639 83380,phone
Priyanka Ladies Mart,name
Grocery store,category
"Q979+JMX, करमा रोड़ बी इन्दिओ स्कूल के बगल में",address
082108 18117,phone
Satish General Store,name
Grocery store,category
near Sinha College,address
091172 79674,phone
Shreeja,name
Grocery store,category
"Anjana Niwas Diwakar Colony, Gali No- 1, Shri Krishna Nagar, Ahri Rd",address
087894 35727,phone
अभिषेक किराना स्टोर,name
Grocery store,category
"Q93F+473, MG Rd",address
094316 78455,phone
Paradise Furniture Mart,name
Furniture store,category
"Q945+QWQ, Satyendra Nagar Rd",address
06186 466 259,phone
ZEBA ALMIRA & FURNITURE,name
Furniture store,category
"Dharamsala More, Old GT Rd, near Choti Masjid SBI Bank",address
072578 19956,phone
Nandan Almirah & Furniture,name
Furniture store,category
Karma Rd,address
090972 55659,phone
Damro furniture,name
Store,category
MG Rd,address
1800 425 1122,phone
Gadda and Rajai mahal,name
Furniture store,category
"Q92C+JGM, MG Rd",address
097716 44534,phone
Godrej Interio - Neha Enterprises,name
Furniture store,category
Q957+GVR,address
099349 09812,phone
"Shambu Furniture Works (Green,Silicon Ply)",name
Lumber store,category
near Gandhi Maidan,address
096611 96144,phone
Shiv Furniture,name
Furniture store,category
"E-15,/13,MIDC Industrial Area Near Prozone Mall, Chilkalthana",address
099238 07770,phone
Nilkamal Sleep - Gaya Road,name
Mattress store,category
"Ground Floor, Gaya Road, near Over Bridge",address
070041 30471,phone
"Pepperfry Home Furniture, Mattress & Decor Shop in Town Centre, Chh. Sambhaji Nagar",name
Furniture store,category
"Shop 1/2, Plot No - 76, C1/2, N1 Rd, behind Inox Tapadiya Cinema",address
080 3750 0412,phone
Sharma furniture work shop,name
Furniture wholesaler,category
"Station Rd, near railway ticket counter",address
079799 35706,phone
Saraswati Enterprises (Ply house),name
Plywood supplier,category
"Karma mode, Gol Ghar",address
072558 55553,phone
Maa kali furniture shop,name
Furniture maker,category
"Q99P+Q7Q, Pachrukhia-Phesar-Aurangabad Rd",address
087896 78063,phone
Balajee furniture,name
Furniture accessories,category
Maharajganj amba road,address
099555 21372,phone
Aadvika General Store,name
General store,category
"W.No-33, 123, Gandhi Nagar Rd",address
088092 32218,phone
Surya General Store,name
General store,category
"Sai Mandir, Club Rd, near Sai Mandir",address
096258 19158,phone
Nehal General Store,name
Store,category
Ali nagar,address
090311 75254,phone
Quality corner,name
General store,category
"Q92C+G7W, MG Rd",address
091223 99248,phone
MAA SERVESWARI KIRANA AND GALLA BHANDAR,name
General store,category
"Prajapati Singh Path, Yodha Marg",address
091625 28469,phone
Man Pasand Kirana & General Stores,name
General store,category
"WARD NO -33,GANDHI NAGAR,NORTH COAL COLONY KE SAMNE",address
099310 76856,phone
Ritik Thanda And General Store,name
General store,category
in front of Indian Bank,address
072776 60967,phone
sudhir kirana store,name
General store,category
P9V9+7H7,address
099555 31231,phone
PRAKASH INDIA GENERAL STORE,name
General store,category
near OM CHOWK,address
080843 91851,phone
Shailendra Kumar,name
General store,category
East of Shiv Mandir,address
091222 06895,phone
D K GENERAL STORE,name
Sweet shop,category
Chankap Bhawan,address
099731 05038,phone
Paras Kirana General Store,name
General store,category
"Q979+923, Karma Rd",address
080838 60936,phone
shiv Guru general stor,name
General store,category
"Old GT Rd, MG Rd",address
089870 33320,phone
Niranjan Kumar,name
General store,category
"New Shop, Main Road, near Ramesh Chauk",address
077640 59519,phone
Maa Saraswati General Store,name
General store,category
"Shahpur Shahpur, near Yadav College",address
062051 64105,phone
Pari General Store,name
General store,category
"New Shop, MG Rd, near Aurangabad",address
089690 05452,phone
Zamzam Multistore,name
General store,category
"House No 204 Islamtoli, near Moti sonar",address
074881 91729,phone
Zila Top Lassi and Cold Drink Shop,name
General store,category
P9XH+X93,address
077395 50969,phone
Mohan Saw,name
General store,category
"New, Shop6864 Main Road",address
077620 20566,phone
Tanya Enterprises,name
General store,category
"Front Of Hotel Amit, MG Rd, near Dr Rajiv Kumar",address
079031 11621,phone
Subodh Kumar Singh,name
General store,category
"Sinha College, near Hostel",address
085408 13912,phone
Prem General Store,name
General store,category
"Deohara Deohara, Bharthauli, near Deohara",address
088665 26606,phone
Raju General Store,name
General store,category
"10, Bazaar, near Vegetable Market",address
098526 98168,phone
Bablu Genral Store,name
General store,category
139,address
089690 92682,phone
AJIT GENERAL STORE,name
General store,category
Kutumba - Hariharganj Rd,address
062010 16945,phone
Umashankar Jeneral Store,name
General store,category
near Pnb,address
082103 71986,phone
Shree Ram General Store,name
Supermarket,category
Pax godam Pranpur,address
080837 15040,phone
Raju Mill,name
General store,category
"Aurangabad Main Bazar Road, College Road, near Sinha College Sinha",address
097087 28125,phone
Som Colddrink,name
General store,category
"New Shop, Main Rd",address
095343 41249,phone
Rimjhim Sringar Store,name
General store,category
"Gaya Road, Road",address
096686 68373,phone
Bihar Fresh dairy,name
General store,category
"Tikri Rd, opposite VAV Public School",address
087097 04797,phone
RAJU PRASAD KIRANA DUKAN,name
General store,category
"Basdiha Kala, Road",address
091100 49268,phone
Suraj kirana AVN general Store,name
General store,category
"gali no 6, home guards campus, Yamunanagar Rd",address
093417 20451,phone
Aditya Kumar,name
General store,category
"Hariom Genral Store, Jay Prakash Nagar, Karma Rd",address
077838 70307,phone
Chhotu Kirana Store,name
General store,category
"Airtel Tawar KARIYAWAN, KARIYAWAN, MAHUA Dham Road",address
097987 20943,phone
Bismillah Crockery and Gifts. - Best crockery and Gift Store,name
Gift shop,category
andar bazar,address
080022 04916,phone
Shree Balajee Metals (Bartan Dukan),name
Countertop store,category
MG Rd,address
079790 31504,phone
Ohm bartan ghar,name
Countertop store,category
"P9XH+PPC, Old GT Rd",address
098010 34635,phone
Shree Kitchen King,name
Countertop store,category
"Infront of sahitya sarovar, Old GT Rd",address
078702 76464,phone
RO water purifier service,name
Store,category
"Kali Calb, Nawadih Rd",address
073200 02626,phone
Ro service technician,name
Water Filter Supplier,category
Q95G+WVJ,address
089694 45698,phone
Lalan Singh Gas Dukan,name
Gas shop,category
"Shop no 13, Gitika hotel, Badrinayan Market, Front of pani tanki, Ramesh Chowk",address
095087 95686,phone
My Jio Store,name
Cell phone store,category
"New area, Mahesh Academy, MG Rd",address
090827 06765,phone
(Quadri book House )(all islamic callection and all stationery collection),name
Stationery store,category
"more, Mohalla Pathan toli masjid, near Tikri Road",address
070700 59880,phone
Star Book And Stationery Shop,name
Book store,category
"Basant complex and marriage hall, Tikri Rd",address
072960 76736,phone
Gupta Book Depot,name
Stationery store,category
"Gupta Book Depot, Old GT Rd",address
070042 35990,phone
Shyam pustak bhandar aurangabad bihar,name
Book store,category
"Club Rd, near shai mandir",address
093865 47686,phone
Sahitya Sarover (A House Of Quality Books),name
Store,category
"Old GT Rd, Below Bank of Baroda ATM",address
094312 78995,phone
Student's Corner,name
Book store,category
Q969+J3R,address
099342 64676,phone
Bombay Stationers Pvt Ltd,name
Stationery store,category
"Ajanta Complex, 2/3, near Cannaught Garden",address
086686 43844,phone
Sundaram Stationers & Printers,name
Stationery store,category
"Shop No 12, Kailash Arcade, C I D C O C I D C O",address
075889 77199,phone
Balaji book store ☺️☺️,name
Children's Book Store,category
Old GT Rd,address
094302 10829,phone
SHIKHA PRINTING PRESS,name
Print shop,category
"Q928+3X9, MG Rd, near bandhan bank",address
099738 24123,phone
Chasska,name
Office supply store,category
"Gandhi Nagar, Aurangabad, Bihar 828101",address
079037 33154,phone
Beby Super Mega Mart,name
Smart shop,category
Mission school road,address
099349 08932,phone
Paramilitary canteen,name
Store,category
"Paramilitary canteen, MG Rd, opp. bata showroom, near D Opulence Salon & BKC resturent",address
088877 21539,phone
Rohit Bangle Store,name
Cosmetics store,category
near Ramabandh Bus Stand,address
062612 70112,phone
Ashvik cosmetic,name
Cosmetics store,category
"katharua, kshatriya nagar, Reliance smart point",address
083184 63387,phone
DALMIA BAZAR AURNGABAD,name
Clothes market,category
"M G ROAD, near RAMLAKHAN SINGH COMPLEX, near BANK OF INDIA",address
062029 72931,phone
Taj Stationery,name
Stationery store,category
"Q93H+W2J, Nawadih Rd",address
088252 15602,phone
Happy Plywood,name
Woodworking supply store,category
NH139,address
079033 10960,phone
Nikki ply house,name
Plywood supplier,category
behind Nagar thana,address
098520 69302,phone
"Greenply Plywood (Shambhu Furniture Works) - Best Plywood Shop And Dealer In Shiv Ashathan, Aurangabad",name
Plywood supplier,category
"Shiv Ashathan, Thakurbari Road",address
093555 71297,phone
MAA MANGLA TRADERS,name
Plywood supplier,category
"Gopal Bhavan, Old GT Rd, opp. Memorial College",address
091627 71373,phone
"Greenply Plywood (Shree Vishnu Hardware) - Best Plywood Shop And Dealer In Khemka Complex, Aurangabad",name
Plywood supplier,category
"Dr Vijay Khemka Complex, MG Road New Area, near Shubham International Hotel",address
093550 75920,phone
ADITYA PLYWOOD & HARDWARE,name
Plywood supplier,category
"P8QX+GH3, Bijauli More, M.G. Road, Aurangabad",address
095084 19036,phone
HARI OM PLY,name
Plywood supplier,category
"Ward no 24, Dharamshala Rd, near Durga Mandir",address
090970 79796,phone
RR Cake & Gift - Sai Event,name
Cake decorating equipment shop,category
"hotel Ratan International ke niche, MG road , bypass, chowk, opp. Panchdev Mandir",address
090063 79489,phone
Bismillah Crockery and Gifts. - Best crockery and Gift Store,name
Home goods store,category
andar bazar,address
080022 04916,phone
Khushi Carpet & Mattress Dealer,name
Carpet store,category
"Kaushalya Complex, Yamunanagar Rd, near Fit Youth Gym",address
085398 02266,phone
Malamahal,name
Home goods store,category
"P9XH+WCF, Grand Trunk Rd",address
062062 21278,phone
OM HARDWARE,name
Paint store,category
"Q979+R38, Karma Rd",address
099310 76632,phone
Banarasi paints and hardware store,name
Paint store,category
"MG Rd, in front of panjub National Bank",address
084059 10894,phone
Birla Opus Paint Gallery - Maa Laxmi Store,name
Paint store,category
"Old GT Rd, opp. Gate school",address
099319 44924,phone
Maa Laxmi Stores/Birla Opus Paints,name
Paint store,category
"Infront Of Gate School Front Gate, Old GT Rd",address
086513 11000,phone
Asian Paints EzyColour - Jai Prakash Stores,name
Paint store,category
beside HDFC Bank,address
098529 91700,phone
Asian Paints EzyColour - Om Prakash Stores,name
Paint store,category
Old GT Rd,address
098019 45693,phone
"Ekso event planner - Wedding planner, Birthday Decoration, Bridal Entry, Catering Services, Balloon Decoration.",name
Event management company,category
Club Rd,address
070049 74985,phone
Maa vindhayavasini tiles and sanitary palace aurangabad,name
Tile store,category
"P9WJ+75Q, near Ramabandh bus stand",address
095723 10071,phone
Sansar cake shop,name
Cake shop,category
"Turning of mala mahal, road, Old GT Rd",address
072073 11481,phone
"Shristy Enterprises - Best Tiles Showroom | Cera exclusive showroom in Aurangabad, Bihar",name
Tile contractor,category
Byepass,address
092044 45471,phone
Nitco Tiles - Maa Enterprises,name
Tile store,category
"Ganga Complex, MG Rd, nearby Amit Hotel",address
080 3790 8548,phone
National Paints House,name
Paint store,category
"Ganj Mohalla, Nawadih Rd",address
072941 31933,phone
Banarasi bearing Store,name
Paint store,category
"Q92G+FX5, Nawadih Rd, in front of Mahavir mandir",address
090970 54975,phone
Expression Event and Wedding planner,name
Event management company,category
"Gol Ghar, Karma more",address
085418 75999,phone
Adarsh Tent House Aurangabad,name
Tent House Supplier,category
"karma road, bijli office, in front of Shiv Temple",address
095047 18915,phone
Jai maa grihani enterprises,name
Tile store,category
Q969+75C,address
098017 47747,phone
Winni Cakes & More,name
Bakery and Cake Shop,category
"Tulsi Market, Maharajganj Road Bypass, near HP Petrol Pump",address
099344 77999,phone
BALAJI MARBLE,name
Tile store,category
Q957+QVC,address
080020 09922,phone
Trimurti Enterprises,name
Tile store,category
"By pass Chowk, MG Rd",address
094314 68818,phone
Adityan - Traditional & Authentic,name
North Indian,category
MG Rd,address
080510 03510,phone
S.BABA HARDWARE,name
Hardware store,category
"Karma Rd, near electricity office",address
099731 28149,phone
Raja Engeneering Work Shop,name
Furniture store,category
"Jogiya More Jogiya, Bazaar, near domaveer Baba Mandir",address
093264 68167,phone
Maa Durga Paints & Hardware,name
Paint store,category
"Garav Market, MG Rd, near Ramesh Chowk",address
088738 47463,phone
JUGNU PAINTS STORE,name
Paint store,category
"Q93G+HQ4, Madarssa Rd",address
092343 88764,phone
Maa Umgeshwari Car Shringar,name
Auto parts store,category
P9RW J2F Aurangabad Old Gt Road Gandhinagar,address
085409 88659,phone
Asian Paints (Vaishnavi Enterprises),name
Paint store,category
"Gol Ghar, near Karna More",address
077819 03587,phone
Home Decor,name
Furniture store,category
"Home Decor, Siddharth Arcade, Bhanudas Sabhahgrah Railway Station Rd",address
0788 823 8008,phone
MAA BHADRAKALI ENTERPRISES,name
Paint store,category
near DAV Public School,address
087093 67478,phone
Raj Sanitary And Paint House,name
Paint store,category
"98, औरंगाबाद - राजहरा - डाल्टेनगंज रोड",address
099314 31568,phone
Fish Gallery & Pets shop,name
Aquarium shop,category
"Fish Gallery, Tikri Rd, near S.D hospital",address
070046 78127,phone
Ritik Furniture,name
Furniture store,category
near Devi Mandir,address
099737 09612,phone
Udit Sharma,name
Furniture store,category
"Siris Siris, near Devi Mandir",address
072770 64533,phone
Baksha Ghar,name
Furniture store,category
"Old Post Office, 05",address
098527 48629,phone
Bata Shoe Store,name
Shoe store,category
"Vijay Complex Maharajganj Road, Shubham Rd, near Hotel",address
093343 50164,phone
Guru ji campus shoe store aurangabad,name
Shoe store,category
Gandhi Nagar Rd,address
074881 17977,phone
Shoe Darbar,name
Shoe store,category
"Old GT Rd, near chandrlok studio",address
077398 41789,phone
Panthera Shoes,name
Shoe store,category
Yamunanagar Rd,address
078080 22807,phone
Sai Kripa footwear,name
Shoe store,category
"MG Rd, near V2 MART",address
085418 83501,phone
PAWAN SHOE,name
Shoe store,category
Old GT Rd,address
093345 84672,phone
New Shoe Bazar,name
Shoe store,category
"Tilak Peth, opp. Walkway Show Room",address
094206 05786,phone
SHOE ZONE,name
Shoe store,category
"Q92G+FPP, Old GT Rd",address
089698 89782,phone
Krishna Shoe,name
Shoe store,category
"Amba hariharganj, Road",address
079035 40622,phone
Amit Shoe Store,name
Shoe store,category
"Riur Riur, near Hanuman Mandir",address
084099 46383,phone
IRFAN FOOTWEAR,name
Shoe store,category
"P9XJ+H74, Old GT Rd",address
099315 23786,phone
Anjani Shoes Store (Campus Point),name
Shoe store,category
"Karma Rd, opp. Electric Sub Station, near Shiv Mandir",address
099399 60142,phone
Sudha Footwear,name
Dairy store,category
"Bijli office, Karma Rd, near bijli office",address
087890 22900,phone
S.BABA HARDWARE,name
Paint store,category
"Karma Rd, near electricity office",address
099731 28149,phone
Nerolac Centre - Anand Stores,name
Paint store,category
CITY INN,address
091137 54348,phone
BANARASI HARDWARE PAINT AND SENITARY STORE,name
Hardware store,category
"near HP PETROL PUMP, opp. MAHESH ENGLISH ACEDEMY",address
090970 54975,phone
Arun Hardware,name
Hardware store,category
Q988+6XW,address
099349 71466,phone
Nerolac Centre - Kisan Hardware Store,name
Paint store,category
Road,address
090650 07780,phone
baba traders,name
Paint store,category
"Opp. Murmura masjid, shah bazar road Chelipura",address
0240 236 9342,phone
Asian Paints Colourideas - Rajrang,name
Paint store,category
"Meet Arcade, S No 1 & 2, New Hanuman Chowk",address
081081 91348,phone
Vaishnavi Hardware & sanitary,name
Hardware store,category
"MG Rd, opposite V-Mart - Aurangabad",address
099340 53111,phone
Captan Colour Home,name
Paint store,category
"Captain Complex, Raja Bazar Rd",address
098225 43553,phone
"Somany Tiles Studio, Maa Vaishnav Marbles",name
Home goods store,category
P9X7+FPV,address
098010 35002,phone
Kajaria Showroom,name
Home goods store,category
"Jasoiya Growth Center, Patna - Aurangabad Rd",address
093346 96255,phone
Simpolo tiles (Italian tile gallery),name
Showroom,category
"Yari, opposite Ashok leyland, NH-2, Grand Trunk Rd",address
098187 93857,phone
The Rajasthan Marble Tiles And Granite,name
Marble supplier,category
"Rajhara - Daltonganj Road, opposite Aditya Vision, near Bypass Chowk",address
082108 31751,phone
"Infra.Market Tiles, Modular Kitchen & Sanitaryware Store - Aurangabad",name
Tile store,category
"khadi Road, Beed Bypass Rd, near Guru Lowns",address
096063 50000,phone
Jai Bajrangbali Hardware Store,name
Hardware store,category
P9W5+5W8,address
077397 44537,phone
Shri Prakash store,name
Hardware store,category
"Naga Bigha More near Bank of India MG Road, Ramesh Chowk",address
077395 77400,phone
Shri Shankar Hardware,name
Hardware store,category
MG Rd,address
074848 55511,phone
Ganesh Hardware,name
Hardware store,category
"P9W6+959, Aurangabad - Rajhara - Daltenganj Rd",address
091221 43962,phone
Asian Paints EzyColour - Om Prakash Stores,name
Hardware store,category
Old GT Rd,address
098019 45693,phone
REHAN PIPE AND HARDWARE,name
Hardware store,category
"SONOURA HOUSE, MG Rd",address
093040 04264,phone
New janta hardware,name
Hardware store,category
Madarsa Road,address
088044 06602,phone
Banarasi bearing Store,name
Hardware store,category
"Q92G+FX5, Nawadih Rd, in front of Mahavir mandir",address
090970 54975,phone
National Machinery Stores,name
Hardware store,category
"Old GT Rd, opposite Post office",address
080027 97773,phone
Hardware Stores,name
Furniture store,category
"Sanjay Vyas Hardware Store, Aurangabad-Rafiganj Rd",address
096312 66508,phone
OM SANITARY,name
Hardware store,category
"Q92G+P55, Old GT Rd",address
062052 67472,phone
Vishwakarma Hydrolic Works,name
Hardware store,category
Madarsha Shankrit Market,address
099550 49656,phone
JAI MAA ENGERING,name
Hardware store,category
JAI MAA ENGERING WORK SHOP Bisambhar Bigha Phesar Road,address
093417 70134,phone
Bhumi Sanetary And Hardware,name
Hardware store,category
"Yamunanagar Yamunanagar, near Lara Agency",address
091990 64003,phone
Bombay Hardware,name
Hardware store,category
"121pauthua Aurangabad, near Jagatpati More",address
062032 17568,phone
M&S Brothers Enterprises,name
Hardware store,category
"Chatra, Holel RPS, NH 139, Road",address
099733 06690,phone
SK Trading,name
Hardware store,category
"Q93C+RMC, Old GT Rd",address
088042 02503,phone
Mehta Hardware,name
Hardware store,category
"Mehta Hardware, Yamunanagar Rd, near Mandir",address
079799 65539,phone
JAYA HARDWARE,name
Hardware store,category
"P9XH+X6M, Old GT Rd",address
094312 63661,phone
Rocky hardware,name
Hardware store,category
"haspura, Haspura - Daudnagar Rd",address
074881 18158,phone
vishal hardware,name
Hardware store,category
"main market, near mahabir mandil",address
099344 77776,phone
Kundan Kumar & Brothers,name
Hardware store,category
"Shapur, Pokhra Mohhala, near Devi Mandir Road",address
098520 69302,phone
Dr Lal PathLabs,name
Medical laboratory,category
"Shop no. 275, MG Rd, near Chandel Bhawan",address
089206 45846,phone
LifeCell Diagnostics,name
Medical laboratory,category
"Shri Krishna Nagar Road, PHED Colony, near Manorama Verma Niwas",address
079033 61512,phone
THYROCARE AURANGABAD,name
Diagnostic center,category
"New area, near bank of maharastra, near Ramesh Chowk",address
094700 82236,phone
Apollo Diagnostics,name
Laboratory,category
MG Rd,address
098060 67290,phone
"Care Diagnostics & Imaging Center, A complete Health Check Up",name
Diagnostic center,category
"Naga Bigha Road, opposite narayana mission school",address
073620 00070,phone
Apollo Diagnostics,name
Diagnostic center,category
"WARD NO.-12,GALI NO.-6 NEW AREA CHITTOR NAGAR, behind Mahesh Academy",address
096061 12399,phone
Dr Lal PathLabs - Patient Service Centre,name
Diagnostic center,category
"Ground Floor, Club Rd, near Madarsa Islamiya",address
080 6256 4442,phone
Dr lal pathlabs,name
Health resort,category
"In side of adari river, nani house, Old GT Rd, near sinha collage more",address
091223 90536,phone
HealthAssure - Balaji Diagnostic Centre - Aurangabad - Quality service with quick results,name
Diagnostic center,category
"Gangti Rd, near Sinha College",address
080844 47787,phone
AROGYAM NUTRICARE PHARMACY AND SUPPLEMENT STORE,name
Sports nutrition store,category
"Fojjdaari babu market, sabji mandi, Old GT Rd, behind Shiv mandir, near Kargil chowk",address
099393 00726,phone
Kasturi Photo State & Cyber kaife,name
Photo lab,category
Jail Road,address
099345 68396,phone
LifeCell Diagnostics,name
Diagnostic center,category
"Shri Krishna Nagar Road, PHED Colony, near Manorama Verma Niwas",address
079033 61512,phone
Dr Lal PathLabs,name
Diagnostic center,category
"Shop no. 275, MG Rd, near Chandel Bhawan",address
089206 45846,phone
AMAN DIAGNOSTIC CENTRE,name
Medical clinic,category
"P9WG+W5W, Pathan Toli Rd",address
081205 67980,phone
Bhagwati Misthan,name
Sweet shop,category
Old GT Rd,address
082717 19574,phone
Adityan - Traditional & Authentic,name
Sweet shop,category
MG Rd,address
080510 03510,phone
Raj Sweets & snacks,name
Indian sweets shop,category
"Q959+33G, Karma Rd",address
084093 09191,phone
Aashirwaad Sweets Snacks & Cake,name
Sweet shop,category
Karma Rd,address
087891 55797,phone
मातृ भंडार (sweet Shop🧁and bakery🎂),name
Sweet shop,category
Station Rd,address
097717 37298,phone
Rajesh Sweets & Fastfood,name
Sweet shop,category
"Durga mandir ke bagal me, Nala Road",address
077599 39760,phone
Bikaner cakes and bakery,name
Bakery and Cake Shop,category
"Q92F+V5P, Ramesh Chowk, behind CENTRAL BANK OF INDIA",address
095233 76460,phone
Amba Sweets,name
Indian sweets shop,category
"98, औरंगाबाद - राजहरा - डाल्टेनगंज रोड, Amba - Nabi Nagar Rd",address
076671 85831,phone
Sunil pet shop,name
Dog cafe,category
"Gandhi Maidan, near magnam school",address
072779 55524,phone
Pet House (Pet Shop & Pet Salon),name
Pet store,category
"Shop no 07, Yashodhan Apartment, Gajanan Maharaj Mandir Rd, opposite of Reliance mall",address
077200 08084,phone
Happy Paws Pet Store & Pet Salon,name
Pet store,category
"Shop No B9/10/11, Sundar Plaza, Prozone Mall, N1 Rd, opp. Effiel Tower, behind Pyramid",address
098608 79537,phone
PET PASSION ( PET SHOP),name
Pet store,category
Shop No. 1 & 2 Near Patel Petrol Pump Usmanpura Road Opp. Hotel Haveli,address
095036 70608,phone
Bhagwati pet shop,name
Pet store,category
Cherki Rd,address
079038 07189,phone
SHANTI PETs ZONE (only For Dogs),name
Pet store,category
"QXJV+64Q, Jail Rd",address
083405 58095,phone
Navrang Aquarium And Pets Shop,name
Pet store,category
Shop No 1 AMC Parking Paitha Gate,address
095189 83524,phone
VET & PET CARE,name
Animal hospital,category
near Umang banquet hall,address
077838 58512,phone
Furever Pet Clinic & Store,name
Pet store,category
"A 122, Yashoda Devi Path",address
080024 21122,phone
VETS FOR PETS,name
Veterinary care,category
"Pillar no 25, infornt of shiv mandir, Bailey Rd",address
095344 03400,phone
जन जीवक आयुर्वेदिक चिकित्सक केन्द्र,name
Veterinary care,category
"Q92C+86V, Yodha Marg",address
079922 98422,phone
Aditya Vision Forbesganj,name
Electronics store,category
"10 H P Road, near Aadity Vision",address
092644 99211,phone
Sumit Electricals,name
Electronics store,category
"77W7+FXX, 01, Katihar",address
088099 45940,phone
Balajee Computer MOBILE / LAPTOP / PRINTER/ बैटरा एंड इन्वर्टर / CCTV /COMPUTER LAPTOP REPAIRING/PRINTER REPAIR/,name
Computer store,category
"बालाजी कंप्यूटर का नया एड्रेस है, बालाजी कंप्यूटर नई जगह पर चली गई है थाना के सामने फारबिसगंज पटेल चौक से आगे थाना के सामने",address
082713 53092,phone
PATNA ELECTRICALS,name
Electronics store,category
"Forbesganj Sadar Rd, near Das And Das",address
080848 00746,phone
"K AND K COMPANY ,Exclusive Store Of Electronic Weighing Scale",name
Industrial engineer,category
S K Rd,address
085819 80280,phone
Bolbam Electronics,name
Electronics store,category
"8746+CJ6, near PUNJAB NATIONAL BANK",address
094302 64028,phone
Home Choice Mobile Center,name
Electronics store,category
77X7+Q53,address
087572 57793,phone
Sri Ganesh Electronics,name
Electronic parts supplier,category
"Post Office Chowk, near Post Office",address
082280 92648,phone
Hanumant Computer,name
Computer store,category
"Dharmashala Chowk, near Hanuman Mandir",address
095252 03640,phone
Chandan Electronics,name
Electronics store,category
"8768+GCG, Keshri Tola Rd",address
095764 23571,phone
KESHRI ELECTRONIC AND ELECTRICAL,name
Electrical supply store,category
"Chhuapatti Manikchand Road, in front of Gramin Bank",address
070041 98811,phone
Astha distributor,name
Computer store,category
"Station Chowk, Sadar Rd, near Jaiswal Ply",address
099396 88712,phone
COMPUTER PALACE,name
Computer store,category
PATEL CHOWK FORBESGANJ,address
099349 28792,phone
Godrej Inspire Hub - Chunnilal And Company,name
Electronics store,category
"Near Dagas sweets, S K Rd",address
080 3776 2040,phone
बालाजी मोबाइल & इलेक्ट्रोनिक्स,name
Electronics store,category
77X7+C8C,address
082713 53092,phone
Sunil hardware paints & Tiles,name
Paint store,category
Fancy market,address
083405 06363,phone
M L Goyal,name
Paint store,category
R B Ln,address
094318 85395,phone
SIMPAL ENTERPRISES,name
Paint store,category
"Ward no-09, Bagicha chowk, near Central Bank",address
081303 48312,phone
Nerolac Centre - Subhraj Traders,name
Paint store,category
8746,address
079922 60860,phone
Jagdamba distributors,name
Paint store,category
"near, Hospital Road, railway crossing",address
096933 42894,phone
Chaudhary & Son's Hardware,name
Hardware store,category
"Bhagkohalia, Custom Office, Near, New",address
094714 51970,phone
Nerolac Paints - Sunil Hardware And Paints,name
Paint store,category
"Ward No-08, 77X7+4Hr Fancy Market",address
072559 86013,phone
Vishal Trading,name
Paint store,category
"77Q7+QP6, NH-57, COLLEGE CHOWK",address
097716 52030,phone
Nerolac Paints - Shree Krishna Traders,name
Paint store,category
"8748+G38 Shree Krishna Traders, S K Rd",address
094720 60801,phone
Bata Shoe Store,name
Shoe store,category
"Bata shoe store, Gajraj Chowk, Forbesganj Sadar Rd",address
070048 94587,phone
Shams Boot House,name
Shoe store,category
in front of Police station,address
086760 47766,phone
Family Footwear,name
Shoe store,category
"Sadar Rd, near joyti mod",address
075428 20292,phone
FARHAN FASHION PLACE,name
Shoe store,category
Forbesganj Sadar Rd,address
091137 77034,phone
ZASHPAL ARCADE LLP,name
Youth clothing store,category
"77X6+VF6, OLD BUS STAND ROAD RML PATH FORBESGANJ, Ram Manohar Lohiya Path",address
087972 24226,phone
V-Mart - Forbesganj-Sadar Road,name
Clothing store,category
"Sadar Bazar Road, near Landmark Plaza",address
095998 05005,phone
TRENDS,name
Clothing store,category
Forbesganj Sadar Rd,address
079798 60332,phone
Royal choice,name
Shoe store,category
"1, Forbesganj Sadar Rd",address
074820 84052,phone
Neelam Best clothing shop in Forbesganj For Women's Men's Kid's clothing Ethnic Western Formal Casual wear,name
Shopping mall,category
"sadar road, mode, near by jyoti",address
091420 47599,phone
City shoes,name
Shoe store,category
"1st floor Ibrahim hotel, Opp. Uma Talkies Bihar, National Highway 57",address
096318 50666,phone
OSAMA FOOTWARE,name
Shoe store,category
"Fulwariya Haat, Hospital Rd",address
079035 51424,phone
J S FOOTWEAR,name
Shoe store,category
"Fulvariya Hatiya Hospital Road Fulvariya Hatiya, Hospital Rd",address
076728 88085,phone
The Raymond Shop,name
Clothing store,category
"Ward No. 6/8, Dr, Ram Manohar Lohiya Path, near Bus Stand",address
080 4493 8920,phone
Blackberrys,name
Clothing store,category
"Ground Floor, Purani Bus Stand, Ram Manohar Lohiya Path, near Raymond Showroom",address
076349 43071,phone
PANKAJ SHOES STORE,name
Shoe store,category
"Shop No-01, Ward No-13, Araria Road, near of Bus Stand Road",address
085217 80297,phone
Bata Shoe Store,name
Shoe store,category
"Ground Floor, Purnia - Siliguri Rd, opp. Govt College",address
080134 28327,phone
Hattrick Sports,name
Sporting goods store,category
"Bhagkholiya Ward No 07, Bhagkholiya, near Kali Mandir",address
087894 52767,phone
Manyavar,name
Men's clothing store,category
"Ward No 8, Near Zaspal Arcade, Old, Bus Stand Road",address
080 3700 2514,phone
New Fashion Footwear,name
Shoe store,category
"Forbesganj Sadar Rd, near Blue Diamond Hotel",address
088628 56598,phone
Khadim's,name
Shoe store,category
Sadar Road PO & PS Forbesganj,address
093043 29139,phone
Kohinoor Golden Footwear,name
Shoe store,category
"Forbesganj Sadar Rd, near V -Mart",address
093417 00788,phone
Alisha Footwear,name
Shoe store,category
4,address
074810 07886,phone
METRO Shoes,name
Shoe store,category
"8727+529, Sadar Rd",address
095239 87755,phone
M S Footwear,name
Footwear wholesaler,category
Bus Stand,address
091283 04808,phone
Foot Care,name
Shoe store,category
"Foot Care Fbg Station Chowk, Sadar Rd",address
062065 00858,phone
Vishal Footwear,name
Shoe store,category
"Ward No 10, Hanuman Mandir Chowk",address
062003 72842,phone
Rehan Footwear,name
Shoe store,category
"Hospital Rd, near Ajimuddin Market",address
062061 23604,phone
KRISHNA FOOTWEAR,name
Shoe store,category
"77P8+FPX, College Chowk, Railwaydhala, Forbesganj (Araria)",address
070617 43518,phone
Sonu Shoe Center,name
Shoe store,category
"Shop 8 Ward No 8, Old Bus Stand, Hospital Rd",address
095724 39712,phone
ABDUR STORE,name
Shoe store,category
"WARD NO 12, Miyahat Chowk Rd, near by OM SANTI KE PASS",address
091424 03657,phone
Hamdard Store,name
Pharmacy,category
"shop no. 1, near railway station Fancy market",address
093343 72663,phone
Viki medicine house,name
Herbal medicine store,category
"Ward No.06, Dhatta Tola",address
072091 17230,phone
Sarwani Medico,name
Store,category
Hospital Rd,address
089864 44640,phone
Himanshu Medical Store,name
Pharmacy,category
Forbesganj,address
070040 15309,phone
Krishna Medical Hall,name
Pharmacy,category
"Hospital Rd, near railway crossing",address
099343 84435,phone
NEW MEDIMART,name
Medical supply store,category
"Sadar Rd, near Jyoti cinema hall mor",address
090971 90704,phone
Ankur Medical Hall,name
Pharmacy,category
Refral road,address
099347 89328,phone
S.K MEDICO,name
Pharmacy,category
"S.K ROAD, DHARAMSALA CHOWK, near HANUMAN MANDIR",address
099730 31368,phone
Ravi Medical Hall,name
Pharmacy,category
"5, Bara Shivalaya Rd",address
096082 69225,phone
Apollo Medical Hall,name
Pharmacy,category
"8733+8RF, Hospital Rd, near New Adarsh Medical",address
072950 11225,phone
Jai Guru Medical,name
Pharmacy,category
Kudheli Chowk Ward No 05 Forbesganj Near Kudheli Idgah,address
062069 52074,phone
Ujala Complex,name
Pharmacy,category
Refral Road,address
093344 43450,phone
Masrat Medical Store,name
Pharmacy,category
"03, Bhagkohaliya",address
078580 89823,phone
NARAYAN MEDICAL AGENCY,name
Pharmacy,category
Munshi Pokhar Godhihare Road,address
091552 35870,phone
New Sahara Medical Hall,name
Pharmacy,category
"8733+886, Mela Rd",address
099392 68637,phone
Raj Medical Agency,name
Pharmacy,category
8744+2G7,address
099312 33372,phone
Mehwal Medical,name
Pharmacy,category
Forbesganj Sadar Rd,address
088628 87053,phone
M K Medical Store,name
Pharmacy,category
"14, Chaura Parwaha Forbesganj",address
070705 22425,phone
DEEPAK MEDICAL,name
Pharmacy,category
"Ward No 01, Mahesh Muri Das Tola, near by Mandir",address
081024 97112,phone
Patanjali Arogya Kendra,name
Indian grocery store,category
"Ward No 11, Holding No 175, near Girl Middle School",address
099318 88777,phone
NATURA BIO SCIENCE (AYURVEDA),name
Herbal medicine store,category
"+2, Lee Academy Rd",address
090615 54455,phone
Shanti medical Stores,name
Pharmacy,category
Forbesganj,address
091990 35026,phone
Sayama Medical,name
Pharmacy,category
6,address
070049 30868,phone
Diksha Medical,name
Pharmacy,category
77XC G8Q,address
079790 33150,phone
JANTA MEDICAL HALL,name
Pharmacy,category
"Ward No 07, Shop No 01, Hospital Rd, near Municipality",address
080020 94789,phone
Renu Medico,name
Pharmacy,category
"05, Lee Academy Rd",address
073196 81367,phone
Thakur Medical,name
Pharmacy,category
08,address
087096 55706,phone
Bulbul Medical Store,name
Pharmacy,category
"Shop No 7, near by High School",address
074819 08486,phone
DawaiWala.com (Goyal Healthcare),name
Medical supply store,category
"Ward no. 08, near Raymond showroom",address
091171 15119,phone
HINDUSTAN TRADERS,name
Medical supply store,category
"Hindustan Traders, Anand Complex Hotel Green plaza, Referal Rd",address
073011 96591,phone
A K Medoco,name
Pharmacy,category
"854318, Forbesganj Sadar Rd, near Jyoti Mod",address
062994 26622,phone
PHARMA AGENCIES,name
Pharmacy,category
Forbesganj Sadar Rd,address
091990 58226,phone
Laxmi Agency,name
Pharmacy,category
Hospital Rd,address
094702 13250,phone
Noor Drug Store,name
Pharmacy,category
"Ward No 08, Kuber Tola, near Jyoti Hotel",address
098015 35176,phone
Novel Health care,name
Pharmacy,category
Referal Rd,address
087094 95036,phone
patna medical hall,name
Pharmacy,category
"8754+3Q5, Hospital Rd, near railway crossing",address
099550 17874,phone
Baba Medico,name
Pharmacy,category
"Shiv Mandir, 07",address
072500 20610,phone
SHIFA MEDICO,name
Pharmacy,category
"WARD NO 11, LN Path",address
094702 28085,phone
Matangi Medico,name
Pharmacy,category
"Alam Tola Ward No24, Nearby 10Aana Kachari",address
099393 36060,phone
Blue Medix Forbesganj,name
Pharmacy,category
"WARD NO 07, Sop No 05, Hospital Rd, near by MANDIR KE PASS",address
087090 03661,phone
Puja Medico,name
Pharmacy,category
77W7+9JG,address
075638 52763,phone
Masiha Drug Store,name
Pharmacy,category
6,address
099555 14558,phone
HARSH MEDICAL,name
Pharmacy,category
Forbesganj,address
095468 36610,phone
JAGDAMBA MEDICAL HALL,name
Pharmacy,category
"WARD NO 07, Hospital Rd, opposite NAGAR PALIKA KE PASS",address
094702 27541,phone
DHARMENDRA MEDICAL STORE,name
Pharmacy,category
"WARD NO 12, near by RAM MANDIR",address
085219 14642,phone
Shukdeo Medical,name
Pharmacy,category
"Ward No 09, Miya Hat Chowk, near by Satsang Mandir",address
079924 29885,phone
AK Medical,name
Pharmacy,category
Forbesganj,address
088628 87090,phone
Dr Sk Singh Homeo Clinic,name
Homeopathic pharmacy,category
Postoffice chawlk,address
091621 30293,phone
ANJITA MEDICO,name
Pharmacy,category
"77XF+V6V, Lee Academy Rd",address
085410 08341,phone
Ganpati Medical Agency,name
Pharmacy,category
"Ashutosh Kumar, Referal Hospital, Road, Forbesganj - Jogbani Rd",address
079030 13971,phone
KUMAR MEDICAL HALL,name
Pharmacy,category
"WARD NO 06, SOP 32, Hospital Rd, near by MUSKAN HOSPITAL",address
088097 05788,phone
ATIFA MEDICAL,name
Pharmacy,category
Rampur Bazar Forbesganj,address
072738 21058,phone
SHIVANSH MEDICAL,name
Pharmacy,category
"Shop No 03 , Ward No 01 Forbesganj Sera Nagar, near of Shiv Mandir",address
095760 32902,phone
NEW CHHAYA DISTRIBUTORS,name
Pharmacy,category
"8733+CRF, Referal Rd",address
090064 30831,phone
Choudhary Medical Hall,name
Pharmacy,category
"8733+889, Mela Rd",address
094708 85214,phone
T N A J Drug Store,name
Pharmacy,category
01,address
070044 37830,phone
Om Traders,name
Pharmacy,category
863X+33J,address
094716 73913,phone
Sahara Medical Hall,name
Pharmacy,category
"Harikishor Singh, Refral Hospital Raod, Forbesganj - Jogbani Rd",address
088096 78832,phone
Asha Medical Hall,name
Pharmacy,category
"01, Ward, Shop, 05, Forbesganj - Jogbani Rd, near of Masjid",address
096613 77660,phone
Seva Medico,name
Pharmacy,category
56,address
077828 16785,phone
Medical Shop,name
Pharmacy,category
9,address
098018 60580,phone
Sonisha Medical Store,name
Pharmacy,category
"77P8+FVG, Collage Chowk, Forbesganj",address
079033 66960,phone
The gold fish pet shop,name
Pet store,category
Forbesganj Sadar Rd,address
062037 97768,phone
Dog Hospital & Pet Shop,name
Pet store,category
"LAZIZ PIZZA, Straight from adarsh police thana towards",address
094312 67881,phone
Forbesganj Cake & Gift,name
Cake shop,category
Forbesganj Sadar Rd,address
099312 23448,phone
श्री jagannath sweets & snacks,name
South Indian,category
S K Rd,address
091429 43964,phone
Pipra Bazar ka uttam Khaja ki Dukan,name
Sweet shop,category
"77X6+6MW, Ram Manohar Lohiya Path",address
099318 01800,phone
"Dilip Bakery ""The cake point""",name
Cake shop,category
Shiv Mandir road,address
082718 37344,phone
Anil Kumar Roy,name
Sweet shop,category
"Shop No 5 Ward No 8, Purana Stand",address
077640 48883,phone
Rubi Khatun,name
Sweet shop,category
"Ward No-13, Rubi Khatun W/O-Md Ekram,Darbhangiya Tola",address
080847 19324,phone
TAJ MAHAL FANCY CLOTH,name
Store,category
"Sikhar plaza, Forbesganj Sadar Rd",address
082943 92145,phone
Adarsh Prabhakr,name
Sweet shop,category
"Shop No 2 Ward No 9, Forbesganj Bhatt Abari",address
093414 81479,phone
Ganesh Sharma,name
Sweet shop,category
8,address
087096 05528,phone
Grocery,name
Sweet shop,category
"8, Ram Manohar Lohiya Path",address
091288 96465,phone
Radhe sweets / pipra khaja ki dukan,name
Sweet shop,category
"77X6+WGR, bus stand, Hospital Rd",address
095049 43387,phone
Amrit Sweet And Snack,name
Cake shop,category
Forbesganj Old Bus Stand Ward No8,address
098527 04290,phone
Shyam Kumar Dev,name
Sweet shop,category
"Shop No 4 Ward No 10, Bhatta Badi Forbesganj",address
090658 13607,phone
Jay Mala Sweet,name
Food court,category
"01, Forbesganj - Jogbani Rd",address
088629 27478,phone
Lalita Devi,name
Sweet shop,category
Shop No 5 Ward No 8,address
074809 53029,phone
Uttam Sweet Corner And Pannier Holsel,name
Business to business service,category
Hospital Rd RML Path Hospital Road Forbesganj Ward No 08,address
074930 98601,phone
Noorjahan sweet corner,name
Sweet shop,category
76WV 83J,address
062043 99640,phone
Sonu Tea Stall,name
Sweet shop,category
"krishi bazaar Samiti, Golchha Gali",address
074858 67053,phone
Metropolis Labs | Blood Test & Diagnostic Centre Forbesganj,name
Medical laboratory,category
"Rani Complex Refral, Hospital Rd, near Hotel Green Plaza",address
033 4058 9178,phone
THYROCARE COLLECTION CENTRE & PATHKIND LAB (DEVKI PATHO LAB ),name
Private hospital,category
"referral, Hospital Rd",address
079031 04042,phone
New Amritsar Dental Lab,name
Hospital,category
"8744+2H7, Referal Rd",address
090061 05141,phone
"Thyrocare Diagnostic Lab | Blood Test Centre - Parwana, Forbesganj",name
Diagnostic center,category
"Referal Rd, near Pitamber Dental And Health Care Center",address
079031 04042,phone
RedCliffe Labs - Collection Centre,name
Medical laboratory,category
"Maheshwari Branch Post Office, near Simanchal Hospital",address
079 6912 2575,phone
Kosi Diagnostic Centre,name
Medical laboratory,category
"8734+JWR, Anita Complex, Referal Road,, near Hotel Green Plaza",address
075494 52056,phone
Redcliffe Labs - Collection Center,name
Medical laboratory,category
"Aman Medical, Referal Rd, near sadar hospital Green Plaza",address
079 6912 2630,phone
J M WEIGHING SOLUTION,name
Weighing Scale Supplier,category
"DINDAYAL CHOWK, Kothihat Rd",address
099557 32704,phone
Metropolis Labs | Blood Test & Diagnostic Centre Forbesganj,name
Diagnostic center,category
"Rani Complex Refral, Hospital Rd, near Hotel Green Plaza",address
033 4058 9178,phone
Kripa Health Care Center,name
Medical clinic,category
Hospital Rd,address
089368 07179,phone
SHRI FURNITURE,name
Antique furniture store,category
Forbesganj Bihar ward_3,address
096310 24176,phone
Dugar Home Decor,name
Furniture store,category
"Gachi Gola, Gorihari Road, near Union Bank",address
099399 60516,phone
T.P GUPTA (GODREJ INTERIO),name
Furniture store,category
"8738+C6J, DD Rd",address
098525 46768,phone
Rani Furniture,name
Furniture store,category
"Kodheli ward no.5 Kodheli ward no.5, Chowk, near Madrsa",address
099735 36592,phone
RITESH PLASTIC AND FURNITURE,name
Home goods store,category
"Vishal market, Sadar Rd, near sabji mandi, opposite Chourasia Pan Bhandar",address
090977 22490,phone
Nirmal Kumar Gupta (Bartan Store),name
Store,category
"Sadar Rd, near station chowk",address
086511 43556,phone
"M/S. Maa Durga Furniture & Enterprises. Chhuapatti, Forbesganj",name
Steel fabricator,category
"CHHUAPATTI, FORBESGANJ",address
099552 41535,phone
Godrej interio Balaji furniture,name
Furniture store,category
DD Rd,address
098525 46768,phone
Baba Furniture House,name
Furniture store,category
Subhash chowk Baba furniture house,address
094306 86985,phone
Bichhawan,name
Mattress store,category
"New Railway Dhala, Pustkalay Road",address
091622 16520,phone
Jagdamba distributors,name
Furniture store,category
"near, Hospital Road, railway crossing",address
096933 42894,phone
Sleepwell Exclusive Dealer - Jd Furniture,name
Mattress store,category
"Jd Furniture, Station Road, nearby Punjab National bank",address
08071 629 013,phone
ASHWARA FURNITURE,name
Furniture store,category
Ansari Chowk,address
081788 75777,phone
G.N. Furniture,name
Furniture store,category
"Zero Mile Bazar Road, opposite Dilara Electrical",address
062993 37065,phone
Niraj Furniture House,name
Furniture store,category
"Furniture House, Garhgama",address
090063 55937,phone
Anand Sharma Wood designer,name
Furniture store,category
"no. 1, Jumman chowk, Jumman Chowk ward",address
080516 41633,phone
Pawan Kumar,name
Furniture store,category
"Chhuwapatti Ward No 16, Old Dalmia, near by Daga Furunter",address
091999 39518,phone
Bala Ji Furniture,name
Store,category
8755+5P9,address
094726 39448,phone
SHIV DURGA FURNITURE,name
Furniture store,category
"Station Chowk Bara Shivalaya Road Near Railwey Station Forbisganj Station Chowk, Station Forbisganj, Shivalaya Road, near Railwey",address
062004 12360,phone
Sunmika Ply Home,name
Shopping mall,category
M C Rd,address
095046 88569,phone
"Rubi Traders (Tiles,Granite,Sanitaryware,Bath Fittings & Pipe Fittings)",name
Tile store,category
"State Bank Road, near Samta Bhawan",address
097715 43333,phone
Gupta Traders,name
Home goods store,category
Purnea - Araria - Forbesganj Rd,address
099312 97741,phone
Sahuji Enterprises (IGNOU Books Centre),name
Office equipment rental service,category
Kali Mandir Rd,address
094733 11680,phone
Rahul Furniture,name
Furniture store,category
"Ward.no-14, Simraha Renu Gate, To, near Shiv Mandir",address
096612 88699,phone
Pandav Sharma Furniture,name
Furniture store,category
"Ward No 02, Sadar Rd, Kothi Hat Chowk",address
090656 94696,phone
J. M. D FURNITURE,name
Furniture store,category
"KESARITOLA WARD NO 17, Kothihat Rd, near by BISNU MANDIR",address
070500 11000,phone
Ms Santosh Kumar Ray,name
Furniture store,category
"8735+CR7 Ms Santosh Kumar Ray Durham Mandir, Hospital Rd",address
090979 70565,phone
Altaf Electronics,name
Furniture store,category
"Ward No 08, Forbesganj Rod",address
097710 02617,phone
GP Store MODICARE Dp Centre,name
Home goods store,category
"1, AT-SADAR ROAD, near RAILWAY STATION",address
082353 24085,phone
Bichhawan,name
Window treatment store,category
"New Railway Dhala, Pustkalay Road",address
091622 16520,phone
Tumbledry Dry Clean & Laundry Service,name
Dry cleaner,category
"Ward No 05, DINDAYAL CHOWK, Godhiyari Road",address
076772 50250,phone
Mr Blue Forbesganj,name
Dry cleaner,category
"Post Office Chowk near, near HDFC Bank",address
095559 00059,phone
Goyal Brothers,name
Hardware store,category
"R B Ln, adjacent ML Goyal",address
097179 71913,phone
The Arvind Store Men's Fashion Clothing,name
Clothing store,category
"Ward No 7, Hospital Rd, near Bachpan School",address
070331 51437,phone
STYLE BAAZAR FORBESGANJ,name
Outlet mall,category
"Ram Manohar Lohia Path, Hospital Rd, near Jyoti Cinema",address
062921 25875,phone
Cloth.pvt Ltd,name
Clothing store,category
Forbesganj Sadar Rd,address
091997 49008,phone
Kunal Kumar,name
Clothing store,category
R B Ln,address
091133 06669,phone
Unique garments,name
Clothing store,category
"07 Fulwariya, Hat",address
095239 10695,phone
TRENDS,name
Clothing store,category
"Kursela - Forbesganj Rd, near TVS Showroom",address
070041 47176,phone
Shawaj Fashion,name
Men's clothing store,category
"Shop No 12, Durga Mandir Road",address
091421 09255,phone
JAISHREE GARMENTS,name
Tailor,category
Katihar,address
099997 95266,phone
PATWA GARMENT,name
Clothing store,category
Ward NO.-06,address
079090 12229,phone
SAUNDARYA BOUTIQUE,name
Women's clothing store,category
"R B Ln, opposite GOLCHHA MEDICO",address
080843 65600,phone
Pushraj Jain & Sons,name
Clothing store,category
"ward no 24, 24, Haat Rd, near jewellery market",address
093045 67729,phone
SHOBHA CLOTH CENTRE,name
Clothing store,category
"shop no 01, near by forbesganj",address
097712 71952,phone
MUFTI,name
Clothing store,category
"OPP:- GHAR GHARANA, Forbesganj Sadar Rd",address
091423 03524,phone
BIHARI VASTRALAYA बिहारी वस्त्रालय,name
Clothing store,category
"Ward No 05, Library Rd",address
070048 33286,phone
Top Star Tailors,name
Clothing store,category
"Mehbubnagar Ward No 08, near Prem Takij Hall",address
081026 93291,phone
Shayan Enterprises,name
Clothing store,category
"trannig school, Aquib Rd",address
099552 20763,phone
Rimjhim Saree Centre,name
Saree Shop,category
"Ward No 10, Forbesganj Sadar Rd, near by Jyoti Hall Road",address
094304 45113,phone
DUKE Exclusive Showroom,name
Clothing store,category
"Ward No.8, Dr. Ram Manohar, Lohia Path, near Bus Stand",address
022 6152 7624,phone
Radha Rani Vastralaya,name
Clothing store,category
Forbesganj Sadar Rd,address
094316 07260,phone
Clothes shop,name
Clothing store,category
"ward no 6, Fulwaria, Hatia",address
095046 71041,phone
"Titan World - Ram Manohar Lohia Path, Forbesganj",name
Watch store,category
"W No 08, RM Lohia Path, opposite Allahabad Bank",address
070655 70436,phone
Bombay Cloth House,name
Clothing store,category
"Ward No, 5, Sadar Rd, near Ankit Sweets",address
073219 01824,phone
STORE ONE,name
Clothing store,category
"1st Floor, Taparia New Market, Main Road, above Calcutta Cloth Store",address
084470 03443,phone
Arvind store,name
General store,category
56,address
093049 97668,phone
Iltab Garments,name
Clothing store,category
"Ward No 06, Miya Hat, near Hawai Field",address
085211 23887,phone
Calcutta Cloth Store,name
Clothing store,category
"Taparia New Market, Main Road",address
+977 984-2251211,phone
Bata Shoe Store,name
Clothing store,category
"Bata shoe store, Gajraj Chowk, Forbesganj Sadar Rd",address
070048 94587,phone
Kolkata Dresses,name
Clothing store,category
Ward No 15,address
072506 70490,phone
Dhan Luxmi,name
Men's clothing store,category
Forbesganj Sadar Rd,address
096316 57070,phone
RAJKUNWAR Exclusive Showroom,name
Men's clothing store,category
"New, railway dhala road",address
077399 20500,phone
M/S NAV DURGA VASTRALAY,name
Saree Shop,category
"Near Panchayat Bhawan, Matiyari, Ward No 7 Forbesganj, Araria, Bihar-854318",address
085799 41966,phone
Anzar Shop,name
Clothing store,category
"Ward No 18, Godhiyare Chowk, Dallu Tola",address
083602 31916,phone
KAMAL VASTRALAYA,name
Clothing store,category
"Main gate, Sadar Rd, near Railway station",address
095237 62442,phone
Arshi Enterprise,name
Clothing store,category
"Ward No 18, Dallu Tola, Shop No 01",address
097807 22443,phone
Shadab Medical,name
Pharmacy,category
Loharpatti Rd,address
077798 13669,phone
Double Plus Kishanganj,name
Pharmacy,category
Neem Chand Rd,address
070916 26567,phone
MOSHARRAF MEDICAL HALL,name
Pharmacy,category
Churi patty road,address
092633 71987,phone
Modern medical hall,name
Pharmacy,category
"Amar-lekha complex, Hospital Rd",address
06456 224 654,phone
Shaheen Drug Agency's,name
Pharmacy,category
"Paschimpali, chowk",address
082942 32769,phone
Renu Medical Hall,name
Pharmacy,category
"Gandhi Chowk, Hospital Rd, below State Bank of India",address
094312 67554,phone
Bansal Medical Hall,name
Pharmacy,category
"Bansal Medical, Hospital Rd",address
062025 37283,phone
SANJAY MEDICAL STORE,name
Pharmacy,category
02,address
062004 14953,phone
Subham Medical Hall,name
Pharmacy,category
Purab Pali Road,address
077660 22743,phone
Medical Store,name
Pharmacy,category
"Shop No 12 Sirnia Golaghat, Mansahi Pranpur Road Near Airtel Tawor",address
092639 04914,phone
ROYAL MEDICAL HALL,name
Pharmacy,category
01,address
077396 41672,phone
DRISHTI MEDICAL STORE,name
Pharmacy,category
01,address
080845 99577,phone
Raksha Medical,name
Pharmacy,category
777,address
093042 90300,phone
Lucky Medical,name
Pharmacy,category
"Paschimpali Chowk, opposite Indian Overseas Bank",address
096319 91357,phone
Subham Medical,name
Pharmacy,category
"4X23+PCM, Mahavir Marg",address
078081 92976,phone
Suraksha Medical & Distributors,name
Pharmacy,category
01,address
077177 87418,phone
Das Medical Store,name
Pharmacy,category
8,address
091621 03402,phone
Shoyeb Medical Agency,name
Pharmacy,category
12,address
070338 89897,phone
Deepak Medical Store,name
Pharmacy,category
050,address
062003 82510,phone
SAHA MEDICAL,name
Pharmacy,category
"Ward No 27, Mahavir Marg",address
091025 55515,phone
Niyaz MEDICAL Store,name
Pharmacy,category
W E,address
074884 82796,phone
Khatib Medical Store,name
Pharmacy,category
02,address
062055 11606,phone
Naveen Medical House,name
Pharmacy,category
224,address
072818 94740,phone
Dokania medical hall,name
Pharmacy,category
Purab Palli Road,address
06456 233 090,phone
M/S Wali Medical Hall,name
Pharmacy,category
662,address
073650 81038,phone
RAHMANI HOMEO MEDICAL HALL,name
Doctor,category
Ghaspatti Masjid,address
094712 76419,phone
WASIM MEDICAL STORE,name
Pharmacy,category
Unnamed Road,address
092795 14412,phone
Aahil Medical,name
Pharmacy,category
01,address
091282 20115,phone
Raqib Medical Store,name
Pharmacy,category
"Majhiya, Majhiya Rd",address
080165 88102,phone
Prateek Medical,name
Pharmacy,category
"01, Khagra Kishanganj",address
079037 39345,phone
ABU MEDICAL SHOP,name
Pharmacy,category
"Shop No Rasunganj, near Rasunganj Primary School",address
074776 29437,phone
Pankaj Kumar Medical,name
Pharmacy,category
14,address
099345 01451,phone
Deepa Medical Hall,name
Pharmacy,category
343,address
091225 49423,phone
Dr Pappu Medical,name
Pharmacy,category
06,address
099316 39230,phone
National Drug Centre,name
Pharmacy,category
Nawab Road,address
091231 62959,phone
Laxman Medical,name
Pharmacy,category
"04, Kishanganj",address
072507 06743,phone
Manik Medical,name
Pharmacy,category
Majhiya,address
089189 79338,phone
Tabrez Medical,name
Pharmacy,category
"03, Kishanganj",address
096318 17703,phone
Ansar Medical Agency,name
Pharmacy,category
"Shop No 1 Mansahi Haat Mansahi, Station Rd, near Jio Office",address
089695 80338,phone
ZAM ZAM MEDICAL,name
Pharmacy,category
near of Indian Overseas Bank,address
078706 41835,phone
AR Medical,name
Pharmacy,category
14,address
062013 60191,phone
Shahzad Medical,name
Pharmacy,category
11,address
062063 18045,phone
Yogesh Medical Store,name
Pharmacy,category
"Fulwari, Near Geramoni Chowk Fulwari",address
091137 04665,phone
Janta Medical Hall,name
Pharmacy,category
"JANTA HAT, 02",address
091622 90707,phone
Sonu Medical Shishwa,name
Pharmacy,category
3WJX+989 R W,address
089699 19812,phone
Kalpana Agencies,name
Pharmacy,category
4W2R+46X,address
06456 222 113,phone
Samirudhin Medical Sope,name
Pharmacy,category
"25, Gorra Hat",address
062974 40227,phone
Rehan Medical,name
Pharmacy,category
05,address
075429 17993,phone
Adnan Medical,name
Pharmacy,category
02,address
097336 49627,phone
ASHFAQUE MEDICAL,name
Pharmacy,category
02,address
099737 35172,phone
Ekramul Medical,name
Pharmacy,category
"04, Kishanganj",address
074887 67990,phone
Ram Parsad Medical,name
Pharmacy,category
07,address
089697 00223,phone
Sk Medical,name
Pharmacy,category
"04, Kishanganj",address
072509 96195,phone
NEW MOKIM MEDICAL AGENCY,name
Pharmacy,category
"Shop No 15A, Binod Pur, Katihar Putul Medical Road, near Harsh Palace",address
079039 75440,phone
Mantasha Medical,name
Pharmacy,category
02,address
062049 87919,phone
Mukdum Medical Store,name
Pharmacy,category
Khagra,address
089458 17684,phone
Q N Alam Medical Store Naya Hat sahapur,name
Pharmacy,category
1,address
074775 88994,phone
Zahid medical,name
Pharmacy,category
1,address
082506 23442,phone
AJAY MEDICAL,name
Pharmacy,category
"MOTIBAG, near of MOTIBAG MIDDLE SCHOOL",address
094729 47815,phone
Nisar anjum Medical,name
Pharmacy,category
07,address
06284 694 535,phone
Ehrar Medical,name
Pharmacy,category
05,address
062072 12695,phone
TAUQUIR MEDICAL,name
Pharmacy,category
02,address
077659 34590,phone
Saif Medical Agency,name
Pharmacy,category
382,address
080923 28599,phone
Arman Medical,name
Pharmacy,category
12 Kishanganj,address
082108 23525,phone
Sufiyan Medical Store,name
Pharmacy,category
"Fulwari, Near Bethel Mission School Fulwari",address
081165 83973,phone
M/s Mumtaz Medical Agency,name
Pharmacy,category
01,address
070017 41868,phone
AL-Rahman Care,name
Drug store,category
"Gharib Nawaz Complex, Churipatti Rd",address
093104 41931,phone
Pradhanmantri Bhartiya Jan Aushadhi Kendra,name
Drug store,category
Mahavir Marg,address
098997 17949,phone
Rahat Medical Belwa,name
Drug store,category
"Belwa Hat, near Sabji Mandi",address
089695 28797,phone
SAFA HOMEO CLINIC,name
Homeopathic pharmacy,category
"Loharpatti Rd, NEAR HAJI HOTEL",address
094310 77751,phone
Choudhary Enterprises,name
Pharmacy,category
4X25+JV8,address
089358 12187,phone
JAHAN HOMEO CLINIC AND HALL,name
Homeopathic pharmacy,category
"MOHIUDDINPUR , Munna mushtaque road",address
086033 51746,phone
संजीवनी होमियो सेवा केन्द्र,name
Drug store,category
"4X24+5CR, परमगंज चौक, किशनगंज",address
093045 76052,phone
Jain Refrigeration || Best Electronics Shop | Best Air Conditioner Shop In Kishanganj,name
Electronics store,category
"Kagazia Patti Road, Kishanganj Bazaar Rd, near Allahabad Bank",address
076777 22252,phone
Value Plus - Trusted Electronics Store - Kishanganj,name
Electronics store,category
"Saudagar Patti Rd, opp. Jama Masjid",address
099396 77777,phone
DEB ELECTRONICS,name
Electronics store,category
"3WXW+F62, Hospital Rd",address
075498 62058,phone
Light House Kishanganj,name
Electrical products wholesaler,category
"3WXW+F4V, Neem Chand Rd",address
099314 60786,phone
Hindustan Electricals - Best Electrical Accessories Dealer | Electrical Appliances Dealer in Kishanganj,name
Electrical appliance wholesaler,category
"Mazar chowk, Churipatti Rd",address
080921 83522,phone
Electronic bazar and Bajaj finance,name
Electronics store,category
3WPJ+HHQ,address
094725 78786,phone
City light electronics,name
Electronics store,category
"Halim Chowk, near ubgb bank",address
085217 64229,phone
JYOTI INFOMEDIA,name
Computer store,category
Mahavir Marg,address
093045 31449,phone
Electronic Shop,name
Grocery store,category
13,address
091552 45646,phone
BUKSHI ELECTRONIC,name
Electronics store,category
4X32+H7G,address
084078 59865,phone
Sana Electronics,name
Watch store,category
"Churipatti Rd, near Ramzan Bridge",address
095725 47850,phone
City Mobile,name
Electronics store,category
Hospital Rd,address
093043 79919,phone
Mobile Care,name
Cell phone store,category
"Khagra Mela gate, 855107",address
070041 00113,phone
Dev Battery(Dev Enterprises),name
Electronics store,category
"Mahavir Marg, in front of puja hotel, near congress office",address
084093 13479,phone
Shoukat Electrical,name
Electrical supply store,category
Pachim pali chowk,address
096313 90343,phone
Rayan Electrical House,name
Electronics store,category
Shop No 04 Ward No 01,address
099731 55175,phone
Kumar Electronic,name
Cell phone store,category
Hawai adda road,address
099732 50005,phone
kishanganj Electricals,name
Electronics store,category
"4X23+R84, Mahavir Marg",address
087094 99904,phone
Naveen Electronics,name
Electronics store,category
"4X33+P35, Kasera Patti Tegharia Rd",address
094732 44368,phone
Puja Service,name
Cell phone store,category
Bhagat Toli Rd,address
080028 00400,phone
Kejriwal Brothers,name
Electrical products wholesaler,category
"4X22+VWJ, Mahavir Marg",address
094312 67337,phone
Ashok Electronics,name
Electronics store,category
"Shop No-01,Ward No-22, Mera Road, near of Khagra",address
070507 15412,phone
Mayank Printers,name
Computer store,category
"Ganga Babu Chwok, Thakurbari Rd",address
085400 51572,phone
Mr. Pc,name
Computer repair service,category
"Line para, Santosh Marg, near jhulan mandir",address
070045 61340,phone
"Sony Digital, Day Market",name
Computer store,category
Sabji Mandi,address
094702 72883,phone
Taher computer city,name
Computer Wholesaler,category
"4W3X+J32, Churipatti Rd",address
099312 14772,phone
Lakshmi Radio Co.,name
Electronics store,category
Neem Chand Rd,address
070043 17068,phone
Shiva security solutions and Suppliers,name
Security system supplier,category
Mahavir Marg,address
072097 48810,phone
Laptop World,name
Computer accessories store,category
"Ahmad Complex, Hospital Rd, near LIC Office",address
088023 34642,phone
Mobile Repair Center (Ashar Khushru),name
Electronics store,category
3WXV+7XJ,address
079797 48241,phone
Shekhar Cyber Cafe,name
Cell phone accessory store,category
Mudhibechi Bibiganj Kishanganj Bihar 855101 Bibiganj To Talgaach Main Road,address
088104 14530,phone
Mobile Campus,name
Electronics store,category
"Bharat Scan, Mahavir Marg, near Gurdwara",address
097096 56762,phone
RITIKA COMPUTER,name
Computer store,category
"Mahavir Marg, near puja hotel",address
094318 85520,phone
Om Computer,name
Computer support and services,category
"Dharamsala, near Railway Station",address
094725 77292,phone
Rumi Electronics,name
Electronics store,category
4W3X+QJ7,address
070703 20480,phone
N.A. Communication,name
Computer store,category
Khagra Nawab Road Khagra Nawab Road,address
080847 18635,phone
Jyoti Computer Kishanganj,name
Computer store,category
07 Kishanganj,address
072940 34590,phone
Jugesh Electronic Store,name
Electronics store,category
3WX6+2V9 Wy T,address
089862 30860,phone
Nisar Online Service,name
Computer store,category
065,address
095461 32650,phone
DSLR Camera on rent (passion photography),name
Photography service,category
"Imligola chowl, Imligola chowk, Insan School Rd",address
088251 82821,phone
Ashish Kumar,name
Computer store,category
102,address
074928 63724,phone
Intzar Mobile Ripering,name
Computer store,category
3,address
099395 49211,phone
Kishanganj Trading Co,name
Electronics store,category
"855108, Neem Chand Rd",address
06456 225 086,phone
Mamta Tyre And Battery,name
Electronics store,category
6RXJ+3Q4,address
089860 97970,phone
Maa Kali videography,name
Advertising Photographer,category
"Mahavir Marg, near Congress office",address
085419 79665,phone
KGN COMPUTER SHOP,name
Computer store,category
"3, GOURIHAT TAIYABPUR",address
062047 92036,phone
Keshri Times,name
Electronics store,category
03 Kishanganj,address
094314 65524,phone
Technotech Computers,name
Electronics store,category
"Mahavir Marg, Opposite Puja Hotel",address
095077 58231,phone
Adi Electricals,name
Electronics store,category
opposite Line Urdu Middle School,address
070043 82349,phone
ROSE ELECTRICAL,name
Electronics store,category
"Shop No. 51A, Pothia, Kishanganj Block Road, near of Pothia Police Station",address
091137 85365,phone
Firoj Mobile,name
Computer store,category
"09, Jalalpur",address
096615 85439,phone
Akash Enterprises,name
Computer store,category
near State Bank Of India,address
095076 50580,phone
Md Asraf Ali,name
Electronics store,category
"Shop Number 40, Day Market",address
070048 36172,phone
Aayat,name
Computer store,category
"08, Galgaliya Pul",address
089872 82046,phone
Sufiyan Telicom,name
Computer store,category
321,address
081013 49299,phone
SHAMA PERWEEN,name
Computer store,category
"Maleria Office, Line",address
091429 85044,phone
ISMAIL ELECTRIC SHOP,name
Electronics store,category
"SHOP NO 01, RAJDHANI NEAR SONAKOLE, PRIMARY SCHOOL",address
097332 84098,phone
Afshar Star Garage,name
Mechanic,category
Line Para Main Rd,address
091224 17860,phone
abu zafar,name
Computer store,category
06,address
094734 27131,phone
ARYAN TECHNOLOGY,name
Computer store,category
"Shop 2, Daulat Nagar, Malda Katihar Road, near Girls School",address
097336 32252,phone
Samar Communication,name
Computer store,category
"14, Tulsia Chaudhary Basti",address
072091 42626,phone
Safikul Alam,name
Electronics store,category
"Shop No 5, Nayatola, Hawor Kuretha Road, near Masjid",address
070703 25815,phone
Akil Online Service,name
Computer store,category
"Ward No. 5, Pothia, Hospital Rd, near of Pothia Block",address
099343 14482,phone
Fajle Rasul,name
Computer store,category
"Ward No 01 Shop No 01, Near, Kishanganj - Bahadurganj Rd",address
077819 49012,phone
Safa Medical Shop,name
Computer store,category
2RVC QRX,address
062068 07282,phone
Saraogi Printers,name
Computer store,category
"01, Dharamshala Rd",address
070043 89279,phone
Madani Computer,name
Computer store,category
"Word No 04, near Jama Masjid",address
074828 72472,phone
Biyani Supermarket,name
Grocery store,category
"Biyani Complex, Neem Chand Road, Kishanganj Bazaar Rd",address
088985 38263,phone
V-Mart - Kishanganj,name
Clothing store,category
"Ghoramara, Paschimpali College Rd",address
084480 91174,phone
Vishal Mega Mart,name
Hypermarket,category
Near Khagra Mela Ground,address
074881 01007,phone
AMINA GROCERY MART,name
General store,category
Halim Chowk,address
088021 22810,phone
Annapurna General Store - BEST GROCERY STORE IN KISHANGANJ,name
Grocery store,category
"road, near bal mandir school complex, near caltex chowk",address
087892 59854,phone
Mahboob Store,name
General store,category
Kalu chowk,address
084060 08892,phone
FIRST STOP SUPERMART,name
Supermarket,category
"Safa Nagar, Kishanganj - Bahadurganj Rd",address
079798 71504,phone
Store 4 You,name
Grocery store,category
"Iqubal Colony, Kishanganj - Tayyabpur - Thakurganj - Galgaliya Rd, near SBI - Paschim palli",address
062067 77352,phone
GREEN MART,name
General store,category
Bahadurganj Road,address
098809 31526,phone
R D S GENERAL STORE,name
Indian grocery store,category
"Halim Chowk, near St.Xavier school",address
097330 43731,phone
Rashidi Market,name
Grocery store,category
4W3X+WQ9,address
078907 62670,phone
STYLE BAAZAR KISHANGANJ,name
Outlet mall,category
"Fall Chowk, Bari Masjid, Saudagar Patti Rd",address
090736 70514,phone
Sharma & sons store,name
Grocery store,category
Kelabagan,address
094722 39808,phone
Fresh Mart ( 9 to 10 ),name
Grocery store,category
"4W4V+32H, Abdul Rahim Khan Rd",address
091621 53689,phone
Aslam Store,name
Grocery store,category
Mastan Chowk,address
097988 27078,phone
ALL IN ONE GENERAL STORE,name
Grocery store,category
"Loharpatti Rd, in front of Rahmani Jama Masjid",address
096359 27704,phone
PALAK STORE,name
Indian grocery store,category
Loharpatti Rd,address
088096 66990,phone
Mehboob Alam KIRANA SHOP,name
Korean grocery store,category
"ward number 6, Mehboob Kirana shop, Gulam Ali",address
094181 94786,phone
Qutubganj Haat,name
Produce market,category
hat,address
094312 67396,phone
Pramod and amod Kirana store,name
Indian grocery store,category
near sardar Gopal Singh school,address
089863 40599,phone
MS Communication,name
Grocery store,category
"3WQJ+R6J, Halim Chowk Halim Chowk",address
074797 53149,phone
NUHU STORE,name
Grocery store,category
near by Sakim Mor,address
085092 08325,phone
Sarkar Store,name
General store,category
"Sarkar Store, near Fish Road",address
086033 51932,phone
ISMAIL GENERAL STORE line masjid chowk KISHANGANJ Bihar,name
General store,category
Line Masjid chowk,address
070335 61637,phone
General Store,name
General store,category
Loharpatti Rd,address
084091 27419,phone
Nehar General Store,name
Asian grocery store,category
St. Xavier's Colony,address
096796 54571,phone
Annapurna General Store - BEST GROCERY STORE IN KISHANGANJ,name
General store,category
"road, near bal mandir school complex, near caltex chowk",address
087892 59854,phone
Chand General Store,name
General store,category
Insan School Rd,address
082710 75681,phone
Apna Store,name
General store,category
"Mahavir Marg, near Jain Mandir",address
079790 40485,phone
PUJA GENERAL STORE,name
General store,category
"Uttarpali Thakurganj Road, near Shiv Mandir",address
099312 69543,phone
Mohan Store,name
General store,category
01,address
097982 69780,phone
AJMAL SHOP,name
General store,category
Kishanganj Day Market,address
072608 63170,phone
Goutam Store,name
General store,category
76,address
093824 04983,phone
MY STORE,name
General store,category
"Shop No.01, Mahesh Batna Engineering, College Road, near Jama Masjid",address
096617 47798,phone
Kishan General Store,name
General store,category
"Motibagh, Market, nearby Kishan Kirana Store",address
070339 12213,phone
Rehan Ayurvedic Store,name
General store,category
"Gandi Chowk, Shiv Mandir, Kishanganj Bazaar Rd",address
062071 31887,phone
SAHID SHOP,name
General store,category
Khagra Market,address
084344 27340,phone
Aman Stor,name
Grocery store,category
"Y5, Madrsha",address
091423 24001,phone
DUAA GENERAL STORE,name
Supermarket,category
"001, Kochadhaman - Alta Rd",address
097710 81919,phone
Imran Shop,name
General store,category
"Shop 01, Ward No 03, Sanmda Chowk Kishanganj Near, off Elite Public School",address
072503 45606,phone
Suman General Store,name
General store,category
"Hat, near of Jama Masjid Rd",address
099557 81119,phone
Ajmal General Store,name
General store,category
"P Chowk, L R, near of Satal Rd",address
080507 96354,phone
TANBIR GENERAL STORE,name
General store,category
"Tappu Hat, near Jama Masjid",address
078073 86022,phone
Shri Hanuman store,name
General store,category
"Dharamshala Rd, Near Raymond's Shop",address
094306 82640,phone
Shubham General Store,name
General store,category
"R C Building, near Shiv Mandir",address
082101 96710,phone
Masood General Store,name
General store,category
Line Khanquah Chowk,address
077629 57073,phone
Dinesh General,name
General store,category
"Ward 33, near of Bus Station",address
091131 18231,phone
RAHUL GENERAL STORE,name
General store,category
near Kali Mandir,address
080840 87692,phone
BHARTI GENERAL STORE,name
General store,category
"Shop No 3A, Nayatola Katihar, Road, near Hanuman Mandir",address
081307 88761,phone
Mahir General Store,name
General store,category
"Mantri Chowk, near of Mantri Rd",address
06355 261 345,phone
Anjali Kirana Store,name
General store,category
"13,kharitola, near Mahavir Mandir",address
095237 73803,phone
Pramod General Store,name
General store,category
Fal Chowk,address
093049 65391,phone
ANAND GENERAL STORE,name
General store,category
"SHOP NO 5A, BINOD PUR, KATIHAR YADAV TOLA CHOWK ROAD, near SALMAN MEDICAL",address
095707 00804,phone
Tarique General Store S,name
General store,category
997,address
099315 79084,phone
CHAND GENERAL STORE,name
General store,category
"REZA CHOWK, near of JAMA MASJID",address
095705 79659,phone
ASIF GENERAL STORE,name
General store,category
"Shop Number 01 Ward No 13, near Masjid",address
088098 99429,phone
RAHUL GENERAL STORE,name
General store,category
Town Bus Stop,address
073679 32313,phone
ASHARAF GENERAL STORE,name
General store,category
"Shop No 02 Ward No 11, near Masjid",address
085442 83782,phone
Brother General Store,name
General store,category
Hat,address
070046 33065,phone
Samiul General Store,name
General store,category
"Chowk, near School",address
062040 67137,phone
MASRIKUL GENERAL STORE,name
General store,category
"Block Chowk, Kishanganj - Bahadurganj Rd, near A.S HOSPITAL",address
074885 85261,phone
NARESH GENERAL STORE,name
General store,category
"Shop No 1, Golaghat Mansahi Road, near Brig",address
077390 95213,phone
Kishan Kirana Store,name
General store,category
"New Market, PS",address
082520 81083,phone
ABDUL GENERAL STORE,name
General store,category
"Shop No. 2 Noori Chowk Powakhali, Road, near National Highway 327",address
072600 07761,phone
Mahesh General Store,name
General store,category
"BASTAGOLA MASTAN, CHOWK, near Mastan",address
097711 83736,phone
Amir General Store,name
General store,category
"Uttarpally Police Line, near of Sultan Mansion Company",address
095463 87970,phone
Mister General Store,name
General store,category
"Word 15 Singhia, near Middle School",address
062009 16521,phone
Pramod General Store,name
General store,category
"06,Devnagar, near Janki Mandir",address
062049 43714,phone
General Store,name
General store,category
"Madina Market, Marwari college Rd",address
075410 20896,phone
Rajesh Kirana Store,name
General store,category
"Rajesh Kirana Store, near Dhangada School",address
070618 39132,phone
ANWAR GENERAL STORE,name
General store,category
"Shop No. 05 Noori Chowk Powakhali, Road, near National Highway 327",address
077380 41550,phone
Prem Store,name
General store,category
"Purab Palli Road, near MGM Medical College",address
094306 83101,phone
PUNAM GENERAL STORE,name
General store,category
"Shop No 1, A Souriya, Katihar Sonoli Road, near Souriya Ghat",address
080848 60253,phone
Sujit General Store,name
General store,category
"Road, near of Singia",address
082524 37743,phone
CHANDAN GENERAL STORE,name
General store,category
"SHOP NO 2, DUMARIA KATIHAR, Katihar Road, near Durga Mandir",address
093419 00145,phone
Abdul Haque General Store,name
General store,category
"Shop No 4, H. Golaghat Chowk, Mansahi Pranpur Road, near Jama Masjid",address
073048 84360,phone
AJ Store,name
General store,category
"Ward No 01, near Bethel Mission School",address
075868 18656,phone
Naim Store,name
General store,category
"01, Halim Chowk",address
088090 76733,phone
KHLEDA GENERAL STORE,name
General store,category
01,address
062016 68574,phone
Mishra Ji Store,name
General store,category
"02, Jilebiya More",address
096080 53619,phone
Maa Kali General Store,name
General store,category
223,address
091023 40474,phone
Aman Pooja Store,name
General store,category
"Ward No.13, Fal Chowk, near Bari Kothi Mandir",address
079911 78614,phone
SUDHIR GENERAL STORE,name
General store,category
Kishanganj,address
063532 89182,phone
General Store,name
General store,category
"At Mujabari Post, Ps",address
080923 87619,phone
ANWARUL GENERAL STORE,name
General store,category
"SHOP NO 12, PIYAZHATTI ROAD, near HANUMAN MANDIR",address
098774 14185,phone
SOFA KING,name
Furniture accessories supplier,category
"Halim chowk Bahadurganj mor, Bahadurganj Road",address
099555 81558,phone
Kaafka Furniture,name
Furniture store,category
07 Kishanganj,address
073200 54684,phone
saran wood craft,name
Furniture store,category
"Lahra Chowk, opposite of MRF and indane gas agency",address
099580 52431,phone
ZIA MARKET,name
Furniture store,category
"4W3X+RCV, Churipatti Rd",address
085443 02586,phone
SONAI KITCHEN CARE,name
Home goods store,category
"3WVR+6M4, Bihar Bus Stand, Kishanganj",address
082500 84990,phone
FANCY FURNITURE,name
Furniture store,category
"4X26+H7J, Purab Palli Road",address
093865 91797,phone
Kiran Enterprises,name
Furniture store,category
"4W3X+WCW, Churipatti Rd",address
094733 72182,phone
Modern cane furnitures & Bag House,name
Furniture store,category
"4W3X+RCM, ZIA MARKET,, Churipatti Rd",address
070330 64106,phone
KARALUMINIAM FURNITURE,name
Furniture store,category
"02, GANDHIJI MORE",address
098839 28433,phone
Mursalieen Steel Furniture,name
Furniture store,category
"Shop No 02 Wars No 21, Halimchowk, near of Jama Masjid",address
085409 78096,phone
Amaan Steel Furniture,name
Furniture store,category
387,address
075470 54387,phone
HODA FURNITURE,name
Furniture store,category
4W5W+2V2,address
06757 334 842,phone
Anwar Furniture House,name
Furniture store,category
"Shop No 1 Ward No 07 Barbatta, Market, near Kochadhaman",address
062052 57497,phone
Sahil Steel Furniture,name
Furniture store,category
881,address
082929 33545,phone
Unique Furniture,name
Furniture store,category
"Dreamz Commercial Complex, College Rd",address
098706 06110,phone
Shahnawaz Plywood,name
Furniture store,category
"01, Mastan Chowk",address
089694 32438,phone
ANJAR STORE,name
Furniture store,category
"2, Burnay",address
095604 75435,phone
Abu Lais Furniture,name
Furniture store,category
"Ward No 11 Barbatta, Market, near Kochadhaman",address
099396 75588,phone
RAGIB ELECTRIC,name
Furniture store,category
"SHOP NO 3 A, ISLAMPUR KATIHAR, D S, College Rd, near Rediant Hospital",address
084349 58499,phone
M J TRADING,name
Furniture store,category
Mohiuddin Pur Mohiuddin Pur,address
093048 01159,phone
Israil Furniture,name
Furniture store,category
"08, BLOCK ROAD",address
062873 55354,phone
Vikash Enterprises,name
Furniture store,category
Main Road,address
097983 72058,phone
फौजी ट्रेडर्स,name
Furniture store,category
"6V3F+PXC, Kishanganj - Bahadurganj Rd",address
094707 32751,phone
PINKU STEEL FURNITURE,name
Furniture store,category
"4W4R+F29, Netaji Subhash Rd",address
082983 55291,phone
Rajdhani Furniture And Electronics,name
Furniture store,category
Churipatti Rd,address
097982 05676,phone
Ak Steel farnichar,name
Furniture store,category
"Ak stell, Kishanganj - Bahadurganj Rd",address
083405 47822,phone
MD Yousuf SOFA KING,name
Sofa store,category
"Halim chowk mor, near subhas da gym",address
095460 74567,phone
Nayaab Furniture House And Electrics,name
Furniture store,category
"Shop No 05, near Government Hospital",address
080841 12032,phone
Furniture World,name
Furniture store,category
"Ground Floor, Q Heights, opposite V Mart",address
070043 34667,phone
Meraj Store,name
Department store,category
"4W5P+MJH, Kishanganj - Bahadurganj Rd",address
094308 56048,phone
SHREE ANAND,name
Clothing store,category
Saudagar Patti Rd,address
06456 222 733,phone
FI Fashion,name
Clothing store,category
thakurgaanj road,address
093417 14959,phone
Shoukat Dresses,name
Men's clothing store,category
Paschim Palli Chowk,address
080847 51522,phone
Gupta's-An Exclusive Readymade Showroom,name
Clothing store,category
Churipatti Rd,address
099344 44648,phone
LALIT KUMAR JAIN,name
Clothing store,category
Neem Chand Rd,address
082107 77602,phone
The Raymond shop,name
Clothing store,category
"Ground Floor, Dharamshala Rd, near Laxminarayan Mandir",address
080 4493 8912,phone
Sani Dresses Kishanganj,name
Clothing store,category
"Gandhi Chowk, opposite UCO Bank",address
075438 22229,phone
Priyanka Dresses,name
Clothing store,category
Churipatti Rd,address
094734 27857,phone
Jugmug Dresses,name
Men's clothing store,category
"1st Floor, Pannagulab Complex, 4th, Neem Chand Rd",address
084097 25179,phone
BHOOMI GARMENT,name
Clothing store,category
"Neam, Neem Chand Rd, 855107",address
084721 35550,phone
Ridhkaran Rajkaran(R.R.),name
Clothing wholesaler,category
Dharamshala Rd,address
085030 20302,phone
BHARAT DRESSES,name
Clothing store,category
BHARAT PRASAD GUPTA Khagra Nawab Road,address
079039 15044,phone
Duke Showroom,name
Clothing store,category
Hospital Rd,address
062998 57370,phone
New AMAYRA ( AMAYRA ETHNIC COLLECTION). (A COMPLETE FAMILY ETHNIC SHOWROOM),name
Clothing store,category
"Churipatti Rd, opposite of Haider Nursing Home",address
088024 86365,phone
Shree Bahubali,name
Saree Shop,category
"Dharamshala Rd, beside pukhraj bafna jewellers",address
096417 77769,phone
Pushpanjali,name
Shopping mall,category
Saudagar Patti Rd,address
090387 57626,phone
AGARWAL CLOTH STORE,name
Clothing store,category
"4X32+35G, Neem Chand Rd",address
070040 62273,phone
SK DRESSES,name
Store,category
Hospital Rd,address
070043 06869,phone
Manyavar,name
Men's clothing store,category
"1st Floor, Mahavir Marg, near Congress Office",address
080 3700 2485,phone
Fabric Trends,name
Clothing store,category
"4W4V+358, near S R Products",address
087971 01213,phone
Fashion City - Kishanganj,name
Shopping mall,category
Mall Bazar Rd,address
096939 61117,phone
Suraj vastralay,name
Clothing store,category
"Style Bazar, Opp: Bata showroom",address
094314 78787,phone
SRK COLLECTION,name
Clothing store,category
"SRK COLLECTION, Kailash Chowk, near Durga Mandir",address
070709 74321,phone
BIHAR SHOWROOM,name
Clothing store,category
"Churipatti Rd, near Canera Bank",address
095724 29199,phone
Afsar Fashion Stor,name
Clothing store,category
W E,address
091426 84901,phone
Ruchika,name
Men's clothing store,category
"4X32+6FH, Neem Chand Rd",address
094733 49048,phone
M.a Fashion Store,name
Clothing store,category
"Shop No 3, Road, near by Mashalda",address
06295 673 248,phone
Anwar Cloth Store,name
Clothing store,category
"Hospital Rd, near sadar hospital Gandhi Chowk, opp. bata Showroom",address
093344 33485,phone
Good luck Tailors,name
Clothing store,category
"Bhagat Toli Rd, near Gandhi Chowk",address
070042 10984,phone
NEW COLLECTION,name
Clothing store,category
"4W5W+3C5, College Rd",address
062011 09016,phone
AL HAYA HIJAB CENTRE,name
Women's clothing store,category
"4W3V+FRX, Line Masjid Rd",address
094304 45294,phone
krishna cloth store,name
Clothing store,category
"ward no 8 Raipur, road, near of mandir",address
093346 15115,phone
Aadee Dresses,name
Uniform store,category
"4X33+49W, Ground Floor,Parasnath Bhawan, Dharamshala Rd",address
65456224683,phone
Hanif Cloth Store,name
Clothing store,category
"SHOP NO 02, BIHARI NEAR",address
087683 75134,phone
Cotton Shop,name
Clothing store,category
"8, Churipatti Rd",address
074797 53556,phone
Darshan Matching centre,name
Clothing store,category
"Near: Value plus, Saudagar Patti Rd",address
080841 11074,phone
Bata Shoe Store,name
Clothing store,category
"ASHA NAND COMPLEX, Hospital More, 2",address
082328 88754,phone
Up To Date Trailor,name
Clothing store,category
412,address
099344 92104,phone
NEW NIQAB COLLECTION,name
Clothing store,category
"4W3V+R4F, near National High School",address
082102 44921,phone
KHABIR SHOP,name
Clothing store,category
Khagra Mela Marjet,address
095235 08784,phone
Sandeep Stall,name
Clothing store,category
"Shop No 02, Ward No 26, Mahavir Marg, near of Laxmi Hotel",address
082102 01954,phone
Gulshan Cloth Store,name
Clothing store,category
Kishanganj,address
072099 40075,phone
Rahul Store,name
Baby store,category
01,address
070631 75676,phone
Hindustan Fashion,name
Clothing store,category
"4W5W+3F3, Kishanganj - Bahadurganj Rd",address
089871 93478,phone
sanjay cloth store,name
Clothing store,category
"4X23+XQX, Dharamshala Rd",address
095706 82106,phone
BROTHERS ENTERPRISES,name
Clothing store,category
"Pashimpally, near of Durga Mandir",address
091361 90149,phone
Ashok Dresses,name
Saree Shop,category
Loharpatti Rd,address
062079 05829,phone
SAFDAR CLOTHS STORE,name
Clothing store,category
"ward 2, Imligola Chowk, Insan School Rd, near Bilal Masjid",address
070073 51423,phone
Khushboo Cloth Store,name
Clothing store,category
"Churripatti, Pilkhana Rd",address
096085 84323,phone
AZIZ CLOTH STORE,name
Clothing store,category
"NimChand Road, near Daftari Mall",address
075410 05987,phone
Fancy Garments,name
Women's clothing store,category
"V Mart, Road",address
077629 56152,phone
Shalik Cloth Store,name
Clothing store,category
"Shop No.01 Ward No.01 PachhimPali, Kishanganj - Bahadurganj Rd",address
075469 99084,phone
Anjar Cloth,name
Women's clothing store,category
"786, Dighli Lohagachi",address
073659 10308,phone
HODA DRESSES,name
Clothing store,category
"Churipatti Rd, near MADNI MASJID",address
079036 96791,phone
Roshni Cosmatikes,name
Clothing store,category
Loharpatti Rd,address
088252 13104,phone
Gautam Wastralaya,name
Clothing store,category
"Dumariya Post, Near, Hospital Rd",address
089864 12418,phone
Parwez Cloth Store,name
Clothing store,category
3WQV+425 W S,address
083683 41818,phone
Cloth Store,name
Men's clothing store,category
Hospital Rd,address
062065 21332,phone
ANAS COLLECTION,name
Clothing store,category
"01, near of Apna Bazar",address
074837 60424,phone
Fashion Clothe Store,name
Clothing store,category
"SHOP NO, PRIMARY SCHOOL, near PRANPUR",address
078725 18907,phone
Raju Cloth Shop,name
Clothing store,category
"Shop No 8, P Pranpur Road, near C.B.I",address
093413 76613,phone
SN COLLECTION NOUSHAD,name
Men's clothing store,category
"Shop No 3 A, Shiv Mandir Katihar, Bara Bazar Road, near LMB",address
079798 40635,phone
BHARTI BASTRALAYA,name
Clothing store,category
"3WXW+83H, Neem Chand Rd",address
097759 11734,phone
ABDUL CLOTH STORE,name
Saree Shop,category
"5, SABUDANGI",address
070706 45279,phone
New York Cloth and Tailors,name
Tailor,category
KW.003.0043 Dey Market Near Metro Cinema Hall,address
070042 33483,phone
Aslam Cloth Store,name
Clothing store,category
"Khagara Mela, cloth Store, 06, BSF campus Road",address
085442 53526,phone
Hasan Brothers,name
Sporting goods store,category
"Holding No. KW 0210001, Saudagar Patti Rd",address
094309 47393,phone
ANSAR GARMENTS,name
Clothing store,category
"SHOP NO.02 LAHRA CHOWK, NEAR, CHAKLA ROAD",address
096315 27420,phone
Ansari Garments,name
General store,category
"Kariali Bazar, Bhalka Road",address
075016 81397,phone
Fancy Foot,name
Shoe store,category
Churipatti Rd,address
099344 44790,phone
Ummat Garments,name
Clothing store,category
Meer Thakurganj Road,address
099318 28480,phone
GOLAM CLOTH STORE,name
Clothing store,category
"Shop No. 02 Noori Chowk Powakhali, Road, near National Highway 327",address
074883 56861,phone
Sakir Clothes,name
Clothing store,category
Camptola Laxmipur,address
088498 31651,phone
Tanishq Jewellery - Kishanganj,name
Jewelry store,category
"Tanishq, near Rajbari Honda showroom",address
092644 76701,phone
MANIRUL SWEET CENTRE,name
Sportswear store,category
"SAKIM MOAR, sakim moar",address
078720 73822,phone
MOMINA BEGAM,name
Sportswear store,category
Kariali Kariali,address
094341 53245,phone
shanwaj clothe store,name
Tailor,category
"shop no 07 jhala, near masjid",address
088492 04297,phone
Mohammad Shaddab,name
Women's clothing store,category
Khagra Market,address
094996 51610,phone
MEHBOOB CLOTH STORE,name
Men's clothing store,category
"Churipatti Rd, near MADNI MASJID",address
079033 59544,phone
Moazzam Multi-Complex Center,name
Clothing store,category
"Paschimpali, 855107 Kishanganj, Road",address
06456 222 999,phone
Uttam Babu Cloth Shop,name
Clothing store,category
"Shop No 9, Pranpur Pranpur Road",address
090068 01047,phone
Najim Cloth Store,name
Clothing store,category
Munna Mustak Chowk,address
080024 31847,phone
Sohel Cloth Store,name
Boutique,category
Ward No.11,address
089502 24469,phone
Nawaz Brother Cloth Store,name
Clothing store,category
"Shop 01 Ward No 02, Lahra Chowk, near Marwari College",address
082710 08820,phone
Manjur Garments,name
Clothing store,category
"Ward No 01, Near Bethel Mission School Fulwari",address
086178 32691,phone
AFTAB CLOTH SHOP,name
Clothing store,category
near of V Mart,address
088774 32047,phone
TANIYA CLOTH STORE,name
Clothing store,category
3WQJ+V9V,address
097096 54559,phone
Anash Cloth Store,name
Tailor,category
"Hat, near Congress Office",address
075419 36461,phone
Amit Garments Store,name
Clothing store,category
"Bazar, Shiv Mandir Rd",address
062966 18984,phone
Manjar Cloth Stor,name
Clothing store,category
Q,address
070911 56272,phone
R.N GARMENTS,name
Clothing store,category
"SHOP NO.11, THIKRIBARI HAT, near Thikribari Madarsa",address
089276 91901,phone
Yeasin Clothes Stores,name
Men's clothing store,category
"Shop No 3, Daily Bazar, nearby Ratua",address
093824 53742,phone
Agarwal Hardware Store,name
Building materials supplier,category
"Gandhi Chowk, Hospital Rd, below SBI Main Branch",address
094312 32217,phone
Kishanganj Hardware,name
Hardware store,category
Marwari college Rd,address
099101 83430,phone
M/s Kumar Hardware,name
Hardware store,category
near Hero Showroom,address
081005 08327,phone
Garib Nawaz Trading,name
Hardware store,category
"Ward no-1, College Road",address
098017 79999,phone
Choudhary Hardware,name
Hardware store,category
Nawab Road,address
094733 25499,phone
MUKHIYA JEE HARDWARE,name
Hardware store,category
Bazar Markat Markat Road,address
089440 46974,phone
Das Hardware,name
Hardware store,category
Dey Market,address
094308 55375,phone
Tiwari Hardware,name
Hardware store,category
Hospital Rd,address
074619 77029,phone
dey market kishanganj,name
Shoe store,category
"3WXW+J8H, Dey Market Chowk",address
072600 02220,phone
Nurul Hardwear,name
Hardware store,category
"07, Powakhali Main Road",address
063928 67526,phone
PLUMBING ZONE,name
Hardware store,category
"Mahavir Marg, near BHARAT NURSING HOME",address
073640 64958,phone
HN Traders - Ambuja Cement,name
Hardware store,category
"Pashchim palli, KTTG Rd, near bhumi rice mill",address
096080 33910,phone
Sun Steel,name
Hardware store,category
"786, Khagra",address
091289 80773,phone
Aftab Box Sope,name
Hardware store,category
"786, Khagra",address
089007 26398,phone
SAWARIYA TRADERS,name
Hardware store,category
"road, Station Rd",address
094734 27177,phone
RAHMATULLAH STORES,name
Hardware store,category
Land Mark Mastanchowk Bagalbari,address
062053 95069,phone
Sahara Cycle Store,name
Hardware store,category
"Mahavir Marg, near Aata Chakki Mills",address
074881 14551,phone
CLASSIC TILES & INTERIORS,name
Hardware store,category
"AT- UATTARPALLI ROAD PACHIMPALLY THAKURANJ RAOD, BEFORE SBI, DIST",address
077396 12329,phone
INDIAN HARDWARE,name
Hardware store,category
"Azim Chowk, Kishanganj - Bahadurganj Rd, near Moharmari",address
072505 32896,phone
Tausif Hardware,name
Hardware store,category
"Majhaiya Wakil Tola, Majhiya Rd",address
091220 98800,phone
Roy Sales Agency,name
Hardware store,category
4W5R+VGF,address
094314 64213,phone
Inam traders,name
Hardware store,category
Rahmat para hat,address
099346 04311,phone
Akbar Hardware,name
Hardware store,category
"Ward no.13, Mahingown Kasera",address
093045 93637,phone
JALIL HARDWARE,name
Hardware store,category
"Balwa Fakar, Near Masjid, Market",address
077008 96595,phone
Chand Hardware,name
Hardware store,category
787,address
091178 42922,phone
Appu Hardware,name
Hardware store,category
Marwari college Rd,address
070507 36879,phone
LAXMI SOUND & TENT,name
Hardware store,category
1,address
099399 35224,phone
Helal Distributors,name
Hardware store,category
"Helal Complex, Hotel, Churipatti Rd",address
094318 86019,phone
"Guddu, Hardware Shop",name
Hardware store,category
"4W8J+379, Kishanganj - Bahadurganj Rd",address
099738 67397,phone
ANAND HARDWARE STORE,name
Hardware store,category
"Shop No 1, Dumaria Katihar, Katihar Road, near Durga Mandir",address
076679 90313,phone
Fati Hardware,name
Hardware store,category
"786, Manora",address
089279 55209,phone
Sohail Hardware,name
Hardware store,category
1,address
098322 16616,phone
Rintu Das,name
Hardware store,category
"Shop No 01 Harishchandrapur, near Harishchandrapur Collage",address
082935 42926,phone
MOHAMMADI HARDWARE STORE,name
Hardware store,category
MOHAMMADI HARDWARE STORE,address
084343 67290,phone
Sharma Enterprises,name
Hardware store,category
06,address
070049 51058,phone
MD ABUZAR ALAM,name
Hardware store,category
"Shop No. 001, Kadam Rashul, near Halim Chouk",address
070615 44571,phone
Noor Grill Store,name
Hardware store,category
"01, Illfraz Chowk",address
096930 39056,phone
Md Nasir Alam,name
Hardware store,category
01,address
085217 49066,phone
GARIB NAWAZ TRADING,name
Hardware store,category
"Kishanganj - Bahadurganj Rd, Lahra - Belwa Rd",address
098017 79999,phone
JK HARDWEAR,name
Hardware store,category
"01, GANDHIJI MORE",address
089182 09104,phone
SULTAN TRADERS,name
Hardware store,category
"Shop No-02,Ward No-01, Uttar Pali, near of Sultan Mension Company",address
095235 08394,phone
Mahe Traders,name
Hardware store,category
04,address
094707 31998,phone
VIKASH HARDWARE,name
Hardware store,category
"4W2X+C74, Hospital Rd",address
094316 58439,phone
Shahbaz Hardwear,name
Hardware store,category
"01, Taiabpur",address
072507 17360,phone
Prem Shop,name
Hardware store,category
Hospital Rd,address
091999 04684,phone
KAJAL HARDWERE,name
Hardware store,category
"01, TINMAIL HAT NETAJEE MORE",address
086602 72805,phone
Ania Hardware,name
Hardware store,category
"13, Kishanganj",address
095729 06424,phone
S.R HARDWARE SHOP,name
Hardware store,category
"4W8G+MV7, Lahra - Belwa Rd",address
078609 52716,phone
Royal Marbles,name
Hardware store,category
"Ward No 11 Barbatta, Market, near Kochadhaman",address
099738 06464,phone
Asha Hardware,name
Hardware store,category
02 LODHABARI,address
091234 30046,phone
GULJAR STEEL FABRICATION,name
Hardware store,category
"Shop No 02, Pipla Chowk, Kishanganj - Bahadurganj Rd, near Indian Bank",address
070703 19861,phone
Manjar Hardwear,name
Hardware store,category
"09, haji Chowk",address
062063 58671,phone
SAJJAD HARDWEAR,name
Hardware store,category
"01, Taiyabpur",address
088262 58377,phone
M J TRADING,name
Hardware store,category
Mohiuddin Pur Mohiuddin Pur,address
093048 01159,phone
Neeraj Hardware,name
Hardware store,category
"At Shiwanjani Chowk, Ps",address
075839 93725,phone
Vijay Marble,name
Tile store,category
Chowk,address
06456 222 887,phone
Taniya Tiles,name
Marble supplier,category
"Paschimpali, College Rd, near Nbpdcl",address
062031 94599,phone
Nitco Tiles - Khalid Enterprises,name
Tile store,category
"Lahra, Chowk, Kishanganj - Bahadurganj Rd, nearby Indian Petrol Pump",address
080 3778 4134,phone
ALIYA MARBLE & TILES,name
Tile store,category
SH 99,address
091137 89737,phone
"Greenply Plywood (Jaiswal Glass Emporium) - Best Plywood Shop And Dealer In Gandhi Chowk, Kisanganj",name
Plywood supplier,category
Hospital Rd,address
093550 69171,phone
Balaji Decor,name
Party planner,category
Kagazia Patti Rd,address
087894 83605,phone
Jai Laxmi Stores,name
Home goods store,category
Neem Chand Rd,address
080841 21111,phone
Ridhi sidhi store,name
Party planner,category
"Bihani complex, Neem Chand Rd",address
079032 89682,phone
Ashok Furniture,name
Furniture store,category
192,address
090319 39913,phone
Uphar,name
Gift shop,category
"4X32+G84, Bhagat Toli Rd",address
094318 86101,phone
Aman Dream Home Pvt.Ltd,name
Bicycle Shop,category
"3WQM+C8, Bahadurganj Road",address
095469 62016,phone
ISHITA ENTERPRISES,name
Paint store,category
"Ward No 02, Subhashpally",address
099346 95451,phone
Pappu Store,name
Furniture store,category
Majhiya Rd,address
077830 65665,phone
Maa durga trading,name
Paint store,category
"3XX2+P6F, Station Rd",address
082941 96024,phone
Grace Candle & Company,name
Candle store,category
"mumtaz apartment, nawab road",address
098350 41911,phone
ATIKA STEEL FURNITURES,name
Furniture store,category
"Shop No 2, near by POWER HOUSE",address
062965 62100,phone
Cake_cafe_,name
Cake shop,category
"Daspara, near club",address
090655 85959,phone
Faisal Akhtar,name
Furniture store,category
"Shop No.07 Ward, 01, Churipatti Rd",address
090066 60979,phone
Khushi gift house,name
Store,category
"Pilkhana Rd, opposite Sehat Nursing home",address
085410 06639,phone
MD ABID ANSARI,name
Fabric store,category
Khagra,address
096380 02978,phone
Chillers Point Kishanganj,name
Cake shop,category
"Deorhi Rd, near Heritage School",address
094707 06293,phone
En La Designs,name
Architecture firm,category
"Line Para Rd, near jhulan mandir",address
084201 20299,phone
CHANDAN SHOP,name
Furniture store,category
"Shop No 09, Kishanganj, near Malabar Bajar",address
097335 15652,phone
Standard Pastry Shop,name
Cake shop,category
"Dharamsala, Dharamshala Rd",address
062026 62844,phone
Bakers Feast,name
Bakery and Cake Shop,category
"Vivekanand Nagar New Bharat Nursing Home, Road, near Babosa & Kali Mandir",address
089186 46199,phone
Mio Amore,name
Pastries,category
Hospital Rd,address
084058 24678,phone
RAJ KUMARI,name
Fabric store,category
"Shop No 05, Halim Chowk, AMU Road",address
089723 39768,phone
Star shoe palace,name
Shoe store,category
Saudagar Patti Rd,address
094733 49039,phone
Nice Shoe Store,name
Shoe store,category
"4X32+H92, Bhagat Toli Rd",address
083404 84173,phone
Bata Shoe Store,name
Shoe store,category
"ASHA NAND COMPLEX, Hospital More, 2",address
082328 88754,phone
JAI HIND SAINIk & Civil Store,name
Shoe store,category
KHAGRA CHOWK,address
079033 97870,phone
Metro Foot Wear,name
Shoe store,category
Churipatti Rd,address
079034 04075,phone
Afroj Shoe Store,name
Shoe store,category
Khagra Mela,address
062873 55137,phone
Bengal Footwear,name
Shoe store,category
"Shop No 01, near Tulshihata High School",address
070768 62619,phone
Royal Looks Fashion,name
Shoe store,category
09 Kishanganj,address
080928 68555,phone
Maswood Footwear,name
Shoe store,category
416,address
099349 90919,phone
Ataur Shoes,name
Shoe store,category
06,address
080840 65060,phone
IMRAN FOOTWEAR,name
Shoe store,category
"Churi patty, Pilkhana Rd",address
085410 07297,phone
SABBIR FOOTWEAR,name
Shoe store,category
"3WRQ+3XW, Majagama",address
095084 04694,phone
ERAM FOOTWEAR,name
Shoe store,category
"01, Madarsa Road",address
062050 94771,phone
Numair Footwear,name
Shoe store,category
janta hat,address
084095 00589,phone
Sai kero gas agency,name
Appliance store,category
"Behani complex, Neem Chand Rd",address
079922 75853,phone
Sanjay gas repair,name
Gas shop,category
near shani mandir,address
094708 67277,phone
Lakshya Water Treatment,name
Hardware store,category
Railway Station Railway Station,address
096610 22607,phone
MOHIT RO,name
Water Filter Supplier,category
"Thakurbari Rd, near ganga babu chowk",address
082715 62744,phone
NAINA MOBILE KISHANGANJ,name
Stationery store,category
"Oriental public school, Tegharia Rd",address
079035 60577,phone
Bharat Book Depot,name
Book store,category
"4X32+66V, Bhagat Toli Rd",address
094306 82639,phone
Commercial Book Centre,name
Book store,category
"Bhagattoli Raod, Kishanganj Bazaar Rd",address
089870 64264,phone
SEN STATIONERY,name
Stationery store,category
near Kabir Chowk,address
085858 16465,phone
Roji Library,name
Book store,category
01,address
096353 65008,phone
Gupta Book Depot,name
Book store,category
"4X24+7CX, Park Road, Dharamganj Chowk",address
094704 66856,phone
Jain Printers,name
Commercial printer,category
Bhagat Toli Rd,address
087579 32704,phone
Shiwani Store,name
Stationery store,category
"02, Kishanganj Kathiar",address
094722 43602,phone
Shine Indian Book Centre,name
Book store,category
"Bhagat Toli Rd, near Indian bank",address
091226 95896,phone
City store,name
Optical Wholesaler,category
"4X32+Q86, Saudagar Patti Rd",address
091626 33148,phone
Moulvi Book Centre,name
Stationery store,category
"04, Bakali Basti Rd",address
083401 93980,phone
Knowledge Point Book Store,name
Book store,category
"3WGC+VQW Shankar Motors pvt.ltd, Rampur - Hawai Adda Rd",address
085398 90842,phone
Stationary Store,name
Stationery store,category
"Moudho bhebha, bhatta chowk",address
062020 76072,phone
Ayush Agency,name
Book store,category
Dahi Patti Rd,address
077669 97667,phone
R K Store,name
Book store,category
Kishamganj,address
075859 54375,phone
jyoti metal stores,name
Shopping mall,category
"4X32+P9H, Saudagar Patti Rd",address
06456 222 539,phone
Prakash Stores (HAWKINS Dealer),name
Countertop store,category
"Hospital Road,",address
094312 32215,phone
"Hulash Chand Manik Chand,Near Rajbari Mall",name
Countertop store,category
Neem Chand Rd,address
080026 91635,phone
Mahamaya Sweets And Snacks LLP,name
Restaurant,category
"Jamuna Market, Neem Chand Rd",address
094309 94111,phone
Shyam Misthan Bhandar,name
Sweet shop,category
Neem Chand Rd,address
070334 55929,phone
Adarsh Mistan Bhandar,name
Indian sweets shop,category
"Day Market - Poawakhali - Jiyapokhar Rd, Bandar Jhula",address
088776 43729,phone
Giridhari sweets & snacks,name
Sweet shop,category
Fal Chowk bazar,address
070040 22307,phone
Krishna Sweets,name
Indian sweets shop,category
Bahadurganj,address
099346 95357,phone
Akram Sweets,name
Tea store,category
"786, Rampur Chandni Chok",address
095635 84890,phone
Cake and Bake: The Pastry Shop,name
Bakery and Cake Shop,category
"Mahavir marg, Caltax Chowk, near Bharat Nursing Home",address
084058 24678,phone
Tanbiralam,name
Sweet shop,category
"Cycle store, Near Majgama, majgama, hat",address
091991 44070,phone
raj dog store,name
Pet supply store,category
3WRQ+M9R,address
073529 94017,phone
MUJAHID CHICKEN SHOP,name
Veterinarian,category
"5, Pawerhouse",address
062047 57248,phone
Metropolis Labs | Blood Test & Diagnostic Centre in Kishanganj,name
Medical laboratory,category
"Ward No. 2, Marwari college Rd",address
033 6812 0042,phone
Delhi Pathology Lab Kishanganj,name
Medical laboratory,category
"Paschimpali, near state bank of india",address
099396 43723,phone
Metropolis Labs | Blood Test & Diagnostic Centre Kishanganj,name
Medical laboratory,category
"Ground Floor, Dharamshala Rd",address
033 4083 7905,phone
Redcliffe Labs - Collection Center,name
Medical laboratory,category
"Ground Floor, Dharamshala Rd, near Rail Gate",address
079 6928 5507,phone
Dr Lal PathLabs - Patient Service Centre,name
Diagnostic center,category
"Ward No 3, Infront of Borges Diagnostic Centre, Chowk, Paschimpali Road",address
080 6264 5570,phone
Thyrocare centre,name
Laboratory,category
"MAZAR CHOWK, College Rd",address
070049 64730,phone
Suraksha Diagnostic Center,name
Diagnostic center,category
"Insan School Rd, behind Daftari Palace, opp. J.D Motors",address
086373 99795,phone
Shri Pathological Laboratory,name
Pathologist,category
CALTAX CHOOK KISHANGANJ,address
070611 11101,phone
KHAN LAB,name
Diagnostic center,category
04,address
096939 59438,phone
Apollo Diagnostics,name
Diagnostic center,category
"Nahid Complex, near Marwadi college",address
096061 12399,phone
Rangoli Video Mixing Lab,name
Video editing service,category
"Dey-Market, Hospital Rd",address
094314 11601,phone
Akram Lab,name
Diagnostic center,category
Churipatti Rd,address
079034 50732,phone
JANTA DIGITAL X-RAY CENTER,name
X-ray lab,category
RLY COLONY QTR .NO - E/136/B,address
070046 39914,phone
M S Pathology Lab,name
Pharmacy,category
"2, JALALGARH, PURNEA",address
096616 54258,phone
Utpal Mixing Lab,name
Homeless service,category
02,address
095085 85899,phone
Lab And Medicine Store,name
Pharmacy,category
06 Kishanganj,address
090060 33016,phone
Metropolis Labs | Blood Test & Diagnostic Centre in Kishanganj,name
Diagnostic center,category
"Ward No. 2, Marwari college Rd",address
033 6812 0042,phone
Metropolis Labs | Blood Test & Diagnostic Centre Kishanganj,name
Diagnostic center,category
"Ground Floor, Dharamshala Rd",address
033 4083 7905,phone
Citycare Diagnostic,name
Diagnostic center,category
"212 Paschimpali, near Radiant Hospital",address
093042 74629,phone
Alam Diagnostic & Imaging centre,name
Diagnostic center,category
"Nashim building, College road, Churipatti Rd, near by N.B Nursing home",address
062064 81072,phone
Redcliffe Labs - Collection Center,name
Diagnostic center,category
"Ground Floor, Dharamshala Rd, near Rail Gate",address
079 6928 5507,phone
Ahmad Diagnostic Centre,name
General store,category
"Kishanganj Pir, khan Rd",address
079798 60570,phone
S.M Diagnostic Centre,name
Homeopath,category
05 Kishanganj,address
079030 32581,phone
"Agilus Diagnostics- Mohiuddin Pur, Kishanganj",name
Diagnostic center,category
"Mazar Chowk, College Rd",address
070049 64730,phone
Wellness Diagnostic Centre,name
Pharmacy,category
"College Road Collage Road, Churipatti Rd",address
075499 76718,phone
Paras Medical Hall,name
Medical Center,category
"4W4X+GGV, Pilkhana Rd",address
089872 16671,phone
Shafa Diagonostic,name
Diagnostic center,category
06 Kishanganj,address
070024 89342,phone
Apollo Diagnostics,name
Diagnostic center,category
"Line Para Main Rd, beside Das Communication, near Hanuman Mandir",address
096061 12399,phone
Grocery Mart,name
Indian grocery store,category
College Rd,address
079798 32453,phone
Mantu Milk Parlour,name
Grocery store,category
"Ward no. 01, Hawaii Adda Rd",address
094708 43594,phone
Khushboo General Stores,name
Grocery store,category
"A K Stores, Bank Rd",address
070501 08481,phone
Patanjali distributor store,name
Grocery store,category
Patel Path,address
070119 21355,phone
Patanjali Mega Store,name
Ayurvedic clinic,category
"Thana, 9, Kaurihar Rd, near Amazon Transportation Services",address
099399 07577,phone
PATANJALI MEGA STORE,name
Grocery store,category
"NERA, SRP HOSPITALS",address
095236 02323,phone
Patanjali Chikitsalay,name
Ayurvedic clinic,category
"Ground Floor, Aakarshan Gali, Bank Rd",address
079090 43339,phone
COSMO BAZAAR RAXAUL,name
Outlet mall,category
Zahir House,address
091473 60719,phone
Raxaul Kart,name
Grocery delivery service,category
"Ward No.22, Naga Rd, near Vishnu Mandir",address
070045 56820,phone
RIDHI SIDHI TRADERS,name
Grocery store,category
LAXMIPUR LAXMIPUR,address
099731 91005,phone
Sri Maa Laxmi Pattal store,name
Market,category
"XVM2+7CW, Mitha Bajar road",address
091227 87578,phone
EX MAN CANTEEN,name
General store,category
"LAXMIPUR MAIN ROAD, near AANKHA ASPTAL",address
070044 27581,phone
DEEPAK KHAINI DUKAN,name
Grocery store,category
PAREWA PAREWA,address
062016 91205,phone
Vijay General store (Aditya Raj),name
Supermarket,category
"XVJ3+65G, Naga Rd",address
072508 82251,phone
Prisha Traders,name
Grocery store,category
Post Office Rd,address
079798 92345,phone
Saroj General Store,name
General store,category
XVM4+3C2,address
081145 19698,phone
Saraswathi Chuck Gupta market,name
Electronics store,category
XVC4+MRG Saraswati Sishu Vidyamandir School,address
094708 43471,phone
Rishu General Store,name
General store,category
"12454, Block Rd",address
083840 54088,phone
Palak Kirana Stores,name
General store,category
"Palak Kirana Store, Shabhyata Nagar Rd",address
087577 88776,phone
Ramashankar Dana Store,name
Grocery store,category
"Shop 1 Gamhariya Chauk, Road, near Uttar Bihar Gramin Bank",address
097715 93211,phone
Sumeet Traders,name
Rice shop,category
Chawal Bazar Rd,address
096315 89268,phone
AAHIL GENERAL STORE,name
General store,category
"KAURIHAR, CHOWK, SANIK ROAD",address
072580 08580,phone
Jenika Beauty,name
Indian grocery store,category
"Bank Rd, near Canara Bank",address
098526 10200,phone
"Bhardwaj Market, Gamhariya, Raxaul, Bihar",name
Shopping mall,category
"Gamhariaya Nahar Bus Stop, Uttar Bihar Gramin Bank, National Highway 28A",address
075585 83204,phone
RAJ KIRANA STORE,name
General store,category
"Post Office Rd, near RAMJANKI MANDIR",address
099733 38694,phone
Sabir Kirana & General Store,name
General store,category
NH527D,address
073528 65359,phone
UPENDRA KIRANA,name
Grocery store,category
21 MIRCHA PATTI,address
074618 42010,phone
Cheapest Products,name
Household goods wholesaler,category
Post Office Rd,address
094316 37143,phone
Family departmental store,name
Indian grocery store,category
"XRHR+8GW, Near kaurihar chowk, below sbi bank,raxaul(bihar)",address
099733 32997,phone
TEJASH GROCERY STORE,name
General store,category
MAUJE CHOWK,address
099052 84466,phone
Bhawani Traders,name
Indian grocery store,category
Bank Rd,address
076773 35086,phone
Suraj Kirana Store Pappu Kushwaha,name
Grocery store,category
"XVH2+42M, NH527D",address
090977 22834,phone
Shree Raunak Traders,name
Grocery store,category
Chawal Bazar Rd,address
070575 87242,phone
Kailash Fruit Shop,name
Grocery store,category
"Kailash Fruit Shop, Main Road",address
073016 56472,phone
AG Wisher,name
Grocery store,category
"Korihar, Chowk, near SBI Bank",address
074978 85568,phone
Ram Babu Sabji Dukan,name
Grocery store,category
Sabji Bazar,address
099392 53741,phone
MAHESH PATEL,name
Grocery store,category
"Ward No 21, Mircha Patti Road, near Abhishek Enterprieses",address
082943 17772,phone
SANDEEP KIRANA SHO,name
Grocery store,category
Ahirwar Tola,address
095233 84804,phone
Gudiya Devi,name
Grocery store,category
"Ward No 21, Abhishek Enterprises, Mircha Patti Road",address
092419 22896,phone
MOHAN KIRANA,name
Grocery store,category
10 MAUJE,address
090315 99484,phone
AMARNATH KIRANA,name
Grocery store,category
"LANE NO 2, ABHISHEK NEAR SHANKAR MANDIR, Q TREND MALL",address
074889 45144,phone
Sahil General Store,name
General store,category
Airport Road,address
082109 32706,phone
Ramji Vegetable Shop,name
Fruit and vegetable store,category
"Sabji Market, 12, Mirchapatti Rd",address
082529 65485,phone
Irfan Genaral Store,name
Grocery store,category
"SSB Camp, Raxaul - Bhelahi - Senuariya Canal Rd",address
074638 46544,phone
Aditya Vision Raxaul,name
Electronics store,category
"National Highway 527D Maskara Complex, Main Road, Dist, opposite P.O",address
099555 55544,phone
NEW NEPAL ELECTRONIC,name
Electronics store,category
Bank Rd,address
094720 93367,phone
Electric Centre,name
Electronics store,category
"Electric Centre, Lohapatti Rd",address
092290 16100,phone
Sunil Electronics,name
Electronics store,category
Bada Pareuwa Rd,address
099344 19665,phone
ASHOK ELECTRONICS,name
Electronics store,category
Loha Patti Rd,address
094708 43250,phone
subh lakshmi enterprises,name
Computer store,category
"Mahadeva market, main road",address
094316 16038,phone
Maa Vaishnavi Electric and Electronic,name
Electronics store,category
"Block Rd, near Kaurihaar Chock",address
098014 85884,phone
Rama Electronics,name
Electronics wholesaler,category
Lohapatti Rd,address
094300 05751,phone
Computer Care,name
Computer store,category
Bank Rd,address
099554 10922,phone
New Surya Electronics,name
Electronics store,category
XVM2+QP4,address
094725 69869,phone
Shri Balaji interprises,name
Cell phone store,category
"Main road, Mayur Gali",address
098350 64641,phone
Sri ram computer & mobile,name
Computer store,category
"Ashram Rd, near Sri Krishna talkies",address
094712 96937,phone
GREAT ELECTRIC/RANI ENTERPRISES ( BAJAJ AGENCY),name
Electric utility company,category
"Bajaj Electricals agency RANI ENTERPRISES, GREAT ELECTRIC",address
089995 76683,phone
VOLTSTABILIX ENGINEERING WORKS PVT LTD,name
Electrical equipment supplier,category
"Bharat petrol pump, airport road",address
077397 30726,phone
NewU,name
Cosmetics store,category
"Ground Floor, Bank Rd, opposite Canara Bank",address
062046 09400,phone
BAJRANG MOBILE STORE,name
Mobile phone repair shop,category
"MAHADEVA MARKET, AIN ROAD",address
095040 58441,phone
The Battery house sales & service,name
Electronics store,category
"Main Road, near IDBI bank and Bank of baroda",address
095049 40998,phone
Krishna Auto Center,name
Electronics store,category
Main Road,address
080844 31606,phone
RAJESHWAR ELECTRICALS,name
Electronics store,category
Duncan Rd,address
091109 80650,phone
Akash Mobile Point,name
Electronics store,category
Raxaul - Shyampur Rd,address
085443 39633,phone
GANPATI TELECOM,name
Cell phone store,category
"MAIN ROAD, Ashram Rd",address
070045 33622,phone
DJ SUNIL RAXAUL,name
DJ supply store,category
DJ SUNIL BADA PREUWA,address
082945 58589,phone
Kitchen House,name
Countertop store,category
Lohapatti Rd,address
094302 33868,phone
Deepak Electronics,name
Electronics store,category
Bank Rd,address
094724 12934,phone
Electro Care,name
Electrical supply store,category
Mai Mandir Road,address
087098 08438,phone
VANEE AGENCY,name
Electronics store,category
Patel Path,address
095040 98700,phone
SUMIT LIGHT HOUSE,name
Store,category
"Gandhi Nagar, Ashram Rd",address
094712 74396,phone
Sudama Electronics Rajan Kumar,name
Electronics store,category
"XVM2+GMC, Lohapatti Rd",address
094304 27330,phone
INDIAN GAS,name
Electronics repair shop,category
"10, Mauje chowk",address
080025 01717,phone
Afroj Elections,name
Electronics store,category
"Shop 02, Korihar Chowk, Kaurihar Chowk Raxaul Purbi Champions",address
087574 25895,phone
AMRITA HARDWARE,name
Electronics store,category
AIRPORT ROAD,address
080846 16242,phone
Pashupati Watch & Radio Company,name
Watch store,category
"Lohapatti Rd, near Mata Mandir",address
062039 48481,phone
SHAYAM BABU,name
Electronics store,category
Railway Dala,address
062034 84553,phone
Maa Jagdamba Arts,name
Computer store,category
near Hdfc Bank,address
095070 64124,phone
NR ELECTRIC Shop,name
Electronics store,category
"Ward No 3, Main Road",address
075620 46101,phone
New Bihar Elctronics,name
Electronics repair shop,category
Pachpakri,address
070330 03161,phone
Bajrang electric,name
Electrical appliance wholesaler,category
near lic office,address
062073 50074,phone
Prestige Xclusive - East Champaran,name
Kitchen supply store,category
"Main Road, near Bata Show Room",address
085442 75903,phone
UDAY ELECTRONIC,name
Electronics store,category
AIRPORT,address
070501 25144,phone
SHRI RAM VISHWAKARMA ELECTRIC,name
Electronics store,category
"MAUJE CHOWK, Chawal Bazar Rd",address
091101 78220,phone
PRKASH HARDWARE,name
Electronics store,category
"Shopno-01, Station Rd, near Lohapatti",address
095233 60857,phone
Nashim Electric,name
Electronics store,category
Men Rod,address
070044 96770,phone
GUPTA ELECTRIC,name
Electronics store,category
Kaurihar Rd,address
098013 69119,phone
Shibu Kumar,name
Electronics store,category
Ashram Rd,address
098017 30905,phone
Anu Sah,name
Camera store,category
Raxaul,address
097712 43906,phone
Khushboo General Stores,name
Department store,category
"A K Stores, Bank Rd",address
070501 08481,phone
Abhishek Enterprises near,name
General store,category
"Koiriyatola Triloki Nagar, Adapur - Nakardei Rd",address
062006 99221,phone
Bhawani general store,name
General store,category
"ward no 24, Sainik road",address
080841 07088,phone
GUPTA GENRAL STORE,name
General store,category
Gandhi Nagar Pull,address
075198 02176,phone
HARI GENERAL STORE,name
General store,category
Station Rd,address
062011 71235,phone
MUKESH GENERAL STORE,name
General store,category
"SABJI BAJAR, near MATA MANDIR",address
072779 14436,phone
अंसारी जनरल स्टोर Ansari General Store,name
General store,category
near choti masjid laxmipur,address
099734 62241,phone
JAY GENERAL STORE,name
General store,category
"RAXAUL, Ashram Rd, near Kali Mandir",address
077668 09296,phone
Jaya General Store,name
General store,category
"Ward No.22, Shiv Puri, Naga Rd",address
080923 20336,phone
ANMOL GENERAL STORES,name
General store,category
"IN FRONT DUNCAN HOSPITAL, Duncan Rd",address
099393 72229,phone
MAHI GENERAL STORE,name
General store,category
"Naga Rd, near BARNWAL BHAWAN",address
073210 82347,phone
SUNNY GENERAL STORE,name
General store,category
"RAXAUL, Kali Mandir Rd",address
099397 98477,phone
ARJUN BHAJA DUKAN,name
General store,category
"SHOP NO 66 MAIN ROAD HANDI BAZAR RAXAUL STREET, NO 2, MAIN ROAD",address
077658 49513,phone
SHAMI GENERAL STORE,name
General store,category
"WARD NO 8, ISLAMPUR, near MASJID",address
096611 32871,phone
Swati Kirana Store,name
General store,category
"Gali No 03, Shabhyata Nagar Rd",address
092411 65066,phone
Paridhi Stores,name
General store,category
Chawal Bazar Rd,address
093049 71672,phone
PAPPU GENERAL STORE,name
General store,category
Duncan Rd,address
093046 70827,phone
Brajendra Pathak Shop,name
General store,category
"Shop No01, Shree Ram. Path, Shri Ram Path",address
073524 45993,phone
RAHUL KIRANA STORES,name
General store,category
BHELAHI BAZAR,address
096619 42765,phone
Sitaram Chsudhary,name
General store,category
Handi Bazar,address
095235 63713,phone
Shila Devi,name
General store,category
Post Office Rd,address
090651 70746,phone
Sujata Trading,name
General store,category
"Sujata Trading Lohapatti Road, Main Market",address
094730 18058,phone
RAJAN KUMAR BARNWAL,name
General store,category
"Ward No 21, Mircha Patti Road",address
099316 80349,phone
MUKESH KUMAR CHAURASIA,name
General store,category
"SHOP NO 99 99 MAIN ROAD POST OFFICE STREET, NO 2, MAIN ROAD",address
062020 05207,phone
Sujith Kumar,name
General store,category
Sujith Kumar,address
062005 79409,phone
Suraj Fish Suppliers,name
General store,category
Fish Market,address
080846 36861,phone
Manisha Devi,name
General store,category
Bank Rd,address
082929 22100,phone
Sahu Hardware Stores,name
Hardware store,category
Lohapatti Rd,address
094302 22725,phone
MAA LAXMI PATA GLASS UDHYOG,name
General store,category
"09, Main Road",address
062078 10255,phone
RANJEET KIRANA STORE,name
General store,category
Chawal Bazar Rd,address
094310 87240,phone
KHUSHBU KIRANA STORE,name
General store,category
HANDI BAZAR,address
094308 20900,phone
Shaheb Alam,name
General store,category
Sabji Mandi,address
062057 62487,phone
Agrawal Store,name
Ice Cream,category
Main Road Ward No 09,address
094316 37184,phone
Kishana Pan Bhandar,name
General store,category
01,address
095462 73988,phone
KAMRUL KIRANA,name
General store,category
RAXAUL,address
076545 99008,phone
Awadhkisor Gash Dukan,name
General store,category
"AWD Kisor, Ramgdw Rod",address
062043 85903,phone
PARDEEP BHAJA DUKAN,name
General store,category
"RISHU, Q TREND MALL LANE NO 2 RISHU Q TREND MALL LANE NO 2",address
073528 78528,phone
Gupta Kirana & General Store,name
General store,category
Chauk Ramgarhwa Raod,address
098712 38936,phone
FASHION PLUS MALL,name
Shopping mall,category
"BATA, CHOWK",address
085213 82138,phone
DULARI GENERAL STORE,name
General store,category
"Shopno-09, Station Road, near Dr Chandan Kumar",address
098016 90840,phone
RAJAN GENRAL STORE,name
General store,category
"XRMV+9RH, Station Rd",address
091620 08109,phone
ISHU GENERAL STORE,name
General store,category
Station Rd,address
078707 98562,phone
Ankit General Store,name
General store,category
Mircha Patti,address
090060 11198,phone
GENERAL STORE,name
General store,category
"STREET NO 2, MAIN ROAD NAHAR CHOWK, SHOP NO 66, MAIN ROAD",address
088519 16737,phone
Raj Nandani General Store,name
General store,category
Airport Road,address
075190 03398,phone
SHREE GANPATI KIRANA STORE,name
General store,category
"STREET NO 2, SHOP NO 99 MACHLI BAZAR ROAD, MAIN ROAD",address
091554 85263,phone
Gupta Kirana Store,name
Store,category
Block Rd,address
095466 09610,phone
Roshan Tara General Stores,name
General store,category
"Ward No 09, Gandhi Nagar",address
074828 75870,phone
GENERAL STORE,name
General store,category
"STREET NO 2, HANDI BAZAR, SHOP NO 88, MAIN ROAD",address
080923 24709,phone
SHASHIBHUSAN STORE,name
General store,category
Mirchapatti Rd,address
097087 40478,phone
WR GENERAL STORE,name
General store,category
College Rd,address
087892 71854,phone
Pradeep Kumar,name
General store,category
Raxaul,address
088095 06977,phone
JANKI GENERAL STORE,name
General store,category
MAIN ROAD,address
074618 82835,phone
Azad Hind General Stores,name
General store,category
"Ward No 08, Islampur",address
095234 03181,phone
RAHUL GENERAL STORE,name
General store,category
MAIN ROAD,address
087571 66213,phone
KAMAKHYA STORE,name
General store,category
"10, Naga Rd",address
096133 62935,phone
MAHESH AND SONS,name
General store,category
"Surti Patti, Chawal Bazar Rd",address
088097 83384,phone
NARESH RAUT,name
General store,category
SHOP NO 44 MAIN ROAD RAXAUL KANANA STREET NO 2 MAIN ROAD RAXAUL SITAMARHI STREET NO 2,address
072580 41522,phone
General Store,name
General store,category
"SHOP NO 88 CUSTAM DHALA STREET, NO 2, MAIN ROAD",address
096628 40670,phone
SANJAY GENERAL STORE,name
General store,category
NEW ICP,address
095047 28321,phone
GIRI JEE KIRANA DUKAN,name
General store,category
"Duncan Rd, near SINDE ACADEMY",address
062058 94239,phone
SHUBHAM KIRANA STORES,name
General store,category
"Shopno-08, Station Rd, near Lohapatti Road",address
076059 17623,phone
Tiwari Stationery & General Store,name
General store,category
"Gandhi Nagar, Ashram Rd, near Gandhi Nagar Main Road",address
062054 46134,phone
Kushwaha General Store,name
General store,category
"Shonp 132aurport, Road Airport Road",address
085079 00394,phone
Vinod General Store,name
General store,category
near Indianoil Corporation LTD,address
094707 89964,phone
UMESH PAAN DUKAN & GENERAL STORE,name
General store,category
"Shopno-07, Station Rd, near K.D.reliance Ultrasound",address
093340 23352,phone
"KUMAR MEDICAL HALL, RAXAUL",name
Pharmacy,category
"PHC, Main Road, right side of",address
095462 71943,phone
Rudra Medical Hall,name
Medical Center,category
NH527D,address
070040 08587,phone
Sony Medical Stores,name
Pharmacy,category
Duncan Rd,address
094302 06941,phone
EMEDIX SMART PHARMACY - Raxaul,name
Pharmacy,category
Post Office Rd,address
099055 51314,phone
PRADEEP MEDICAL STORE,name
Pharmacy,category
RAXAUL,address
091025 24869,phone
Shree Raghunandan Trading (Rishu handloom centre) & Tent textile,name
Clothes and fabric wholesaler,category
"Raxaul, bihar, Ashram road , near phoolchand middle school, Ashram Rd, near middle high school",address
090062 20221,phone
New Roop Bahar Interior Furnishing,name
Mattress store,category
NH 28A,address
072949 40100,phone
Prakash Furniture,name
Furniture store,category
"Koriya, tola Main road",address
062012 05565,phone
Vishal Furniture,name
Store,category
NH527D,address
094700 43447,phone
Godrej interio showroom (Bharat furniture),name
Furniture store,category
"Pankaj chowk, laxmipur,Main Road, near Dr Aftab Alam clinic",address
075430 65573,phone
K K Furniture | Motul. BAJAJ SPARE DIVISION,name
Furniture store,category
NH527D,address
094316 16099,phone
RAJA FURNITURE,name
Furniture store,category
Bank Rd,address
094718 74072,phone
Nazir Saw Mill,name
Furniture store,category
"Kaurihar chowk, new bus stand Rd, near SBI Bank",address
096319 76505,phone
Jaquar Authorized Dealer - Pashupati Hardware,name
Bathroom supply store,category
"Ground Floor Machli, Mirchapatti Rd, nearby Panchmukhi Mandir",address
080 3701 4015,phone
Raj Glass House,name
Plywood supplier,category
"Nahar Chowk, near Rangoli meat house",address
073197 97112,phone
Balaji Enterprises,name
Kitchen supply store,category
Ashram Rd,address
082101 81414,phone
Farhan Printing,name
Furniture store,category
Raxaul,address
072776 69261,phone
Laxman Prasad Sah,name
Furniture store,category
Blood Road,address
072508 84317,phone
Ranjan Hardware And Steel Furniture Udhyog,name
Hardware store,category
College Rd,address
082100 13683,phone
MAA JWALA TRADERS,name
Home goods store,category
"old, Old Exchange Rd",address
079911 70782,phone
CLASSIC PLY HOUSE,name
Hardware store,category
Sabji Mandi,address
094316 37126,phone
Anand Furnitures,name
Furniture store,category
"2V5G+XJC, लोहरपट्टी रोड",address
+977 985-5026758,phone
Shree Balajee Enterprises,name
Furniture Manufacturer,category
near Mansa Mata Temple,address
077640 96234,phone
DIPANSHU SHOP,name
Store,category
"Shopno-09, Bank Rd, near Om Kirana",address
090068 97991,phone
H B INDUSTRIES,name
Furniture Manufacturer,category
"Airport Road, near LIC office",address
085285 88020,phone
Shiva Shop,name
Kitchen supply store,category
Block Rd,address
095233 08763,phone
Amit medical centre,name
Pharmacy,category
Infront of Sona takij,address
097087 98926,phone
Nizam Medical,name
Pharmacy,category
"XRMX+6VV, Chawal Bazar Rd",address
06255 220 152,phone
MANJEET MEDICAL STORE,name
Pharmacy,category
Raxaul Main Road Hospital Chauk,address
074880 84696,phone
BHAWANI MEDICAL,name
Pharmacy,category
Duncan Rd,address
082105 81212,phone
PULKIT MEDICAL,name
Pharmacy,category
Ashram Rd,address
085214 58176,phone
AJAY MEDICAL HALL,name
Pharmacy,category
"BHELAHI, BAZAR, Station Rd",address
072949 87033,phone
ASHOK MEDICAL HALL,name
Pharmacy,category
00,address
094316 37688,phone
SHIV JYOTI MEDICAL STORE,name
Pharmacy,category
"BAZAR, SABJI BAZAR BHELAHI",address
077399 39814,phone
RAINA DRUGS AND SURGICAL,name
Pharmacy,category
STATION ROAD BHELAHI,address
099319 02676,phone
AYUSH MEDICAL,name
Pharmacy,category
10,address
080835 75975,phone
Bandhu Medical,name
Pharmacy,category
"Main Road, near Pankaj Chowk",address
099342 10643,phone
P.k Agrawal Medical Hall,name
Pharmacy,category
"Meena Bazar, Post Office Rd",address
094712 18518,phone
life care pharma,name
Medical supply store,category
Sainik Rd,address
098012 06391,phone
Ganpati Pharma,name
Pharmacy,category
Shri Ram Path,address
062004 75536,phone
Chaurasia medical agency,name
Pharmacy,category
Bank Rd,address
087090 73395,phone
BIHAR MEDICAL HALL,name
Pharmacy,category
Chawal Bazar Rd,address
098523 66175,phone
AAKRITI MEDICAL,name
Pharmacy,category
Akbar Chowk,address
080842 83695,phone
MEDICINE House,name
Pharmacy,category
"Main road, near Sav school",address
096088 10518,phone
NEW APOLLO MEDICAL HALL,name
Pharmacy,category
MAIN ROAD IN FRONT PRIMARY HOSPITAL,address
094312 06941,phone
जय महावीर मेडिकल,name
Pharmacy,category
Ashram Rd,address
082946 14256,phone
J.P. MEDICAL,name
Pharmacy,category
Kaurihar Rd,address
082100 23770,phone
New Champaran Pharma,name
Pharmacy,category
"XRGQ+MV2, Kaurihar Rd",address
097711 00726,phone
Thyrocare Service Provider,name
Pharmacy,category
"XVQ3+3VV, NH527D",address
088042 07508,phone
GOVIND MEDICAL,name
Pharmacy,category
"RISHU, Q TREND MALL LANE NO 2 RISHU Q TREND MALL LANE NO 2",address
090062 08824,phone
SUNNY MEDICAL HALL,name
Pharmacy,category
"JOKIYARI CHOWK BHELAHI, ROAD",address
091995 27741,phone
BRIJESH KUMAR PATEL,name
Pharmacy,category
Raxaul,address
080023 72057,phone
Puja Medical,name
Pharmacy,category
Ramgarhwa,address
062010 46697,phone
RITESH MEDICAL,name
Pharmacy,category
"SINGHPUR, RAXAUL",address
074829 37347,phone
DRUGE POINT PRIVATE LIMITED,name
Pharmacy,category
Main Road,address
092631 33960,phone
Umashankar Medical Hall,name
Veterinary pharmacy,category
"Old Exchange Rd, near Marwari Mandir",address
093040 45888,phone
R.P. MEDICAL,name
Pharmacy,category
Lohapatti Rd,address
099394 89901,phone
Singh homoeo hall,name
Homeopathic pharmacy,category
Arya Samaj Rd,address
080833 96770,phone
P K Medical,name
Pharmacy,category
"Jokiyari Chowk Shitalpur Road, Shital Pur Road",address
095072 78971,phone
SIDHARTH MEDICAL HALL,name
Pharmacy,category
MUSHHARWA ROAD,address
098012 62868,phone
SHYAM MEDICINE & CERGICAL,name
Pharmacy,category
"LANE NO 2, ABHISHEK NEAR SHANKAR MANDIR, Q TREND MALL",address
076676 24949,phone
BAJRANG MEDICAL STORE,name
Pharmacy,category
"BAZAR, JP MARKET BHELAHI",address
099554 40944,phone
Junaid Pharma,name
Pharmacy,category
XVH2+VJP,address
082945 40582,phone
SHYAM AUSHDHALYA,name
Pharmacy,category
"PANCHMUKHI MANDIR, near SAGAR TRANSPORT",address
099310 04481,phone
INDRA PHARMA,name
Pharmacy,category
"MAIN ROAD, near PETROL PUMP RAMGHRAHA",address
089861 20230,phone
MAA GAYATRI PHARMA,name
Pharmacy,category
"XVM2+X5C, Bank Rd",address
094700 33523,phone
S. HOMEO CLINIC,name
Homeopathic pharmacy,category
Ashram Rd,address
082100 14031,phone
LAXMI HOMEO,name
Pharmacy,category
MAIN ROAD IN FRONT PRIMARY HOSPITAL,address
096314 83292,phone
KEVA AYURVEDIC CHIKITSALAYA,name
Pharmacy,category
Kaurihar Rd,address
099349 34071,phone
SHREE SHAKTI DRUG AGANCY,name
Pharmacy,category
"MAIN ROAD RAXAUL STREET, 3, MAIN ROAD, near NAGAR PALIKA STREET",address
095048 13915,phone
Aasiya Traders,name
Pharmacy,category
Bank Rd,address
062048 62711,phone
TIWARI MEDICAL,name
Pharmacy,category
MAIN ROAD,address
085819 46123,phone
RAVI PHARMA,name
Pharmacy,category
Bank Rd,address
070042 51724,phone
Kailash Drug Agency,name
Pharmacy,category
"16, Block Rd, in front of Block Office",address
099733 19977,phone
Mangalam Ayurveda,name
Pharmacy,category
Station Rd,address
079034 72703,phone
Alliance Pharma NMC,name
Pharmacy,category
National Medical College Rd,address
+977 980-4220151,phone
Shivam Surgical,name
Pharmacy,category
"XVM2+RFC, Bank Rd",address
099733 53710,phone
MANJU AYURVED CENTER,name
Pharmacy,category
Chandel Market,address
077628 51233,phone
KUSHWAHA MEDICAL,name
Pharmacy,category
Duncan Rd,address
091627 52707,phone
SHIVANI AYURVED KENDRA,name
Pharmacy,category
"SHOP NO 99 MAIN ROAD KAUHIWAR CHOWK STREET, NO 2, MAIN ROAD",address
082647 81198,phone
RAM SURAT PRASAD,name
Pharmacy,category
"LANE NO 2, ABHISHEK NEAR SHANKAR MANDIR, Q TREND MALL",address
072778 28371,phone
AKHATAR MEDICAL,name
Pharmacy,category
"Ward 15, near Block Mandal",address
095040 17950,phone
Saurya Pharmacy,name
Medical Center,category
"Baram chowk, 15 Bypass",address
+977 982-1183931,phone
ARUN SHOP,name
Store,category
"Shopno-09, Main Road, near Bike Point",address
079032 23706,phone
Ajay Kumar Patel,name
Pharmacy,category
"Room No.08, manokamna Mandir",address
084340 20545,phone
INDRA PHARMA,name
Pharmacy,category
"ward no.4, mishra colony, near DUNCAN HOSPITAL",address
089861 20230,phone
Sagar medical,name
Pharmacy,category
Ashram Rd,address
090970 28995,phone
GOLDEN PAINT AND HARDWARE STORES,name
Building materials supplier,category
"Kaurihar chowk, College Rd",address
094712 17064,phone
Shankar Hardware Stores,name
Hardware store,category
Lohapatti Rd,address
089871 12141,phone
NEW SHIVSHAKTI TRADER'S & HARDWARE,name
Hardware store,category
"Kudiya Chowk, Near, Airport Road",address
062025 99129,phone
AMRITA HARDWARE,name
Hardware store,category
AIRPORT ROAD,address
080846 16242,phone
SUZAIN HARDWARE 2,name
Hardware store,category
"STREET NO 2, SHOP NO 99 MAIN ROAD LAXMIPUR ROAD, MAIN ROAD",address
062041 07430,phone
Ujjawal Hardware,name
Hardware store,category
"Kaudhihar, Block Rd, below central bank of india",address
099310 81484,phone
Sharma Hardware And Paint Store,name
Hardware store,category
"XRJR+3CQ, Block Rd",address
090062 20723,phone
Kartik Hardware,name
Hardware store,category
"Ramjanki Mandir road , Raxaul, East Champaran, Post Office Rd",address
099393 88374,phone
Vishwakarma Hardware,name
Hardware store,category
Lohapatti Rd,address
077540 14851,phone
Delhi hardware,name
Hardware store,category
Loharpatti road,address
094712 17407,phone
Kishan Machinery Store,name
Hardware store,category
NH527D,address
077590 18100,phone
Prem machinery tools,name
Hardware store,category
Loharpatti road,address
090311 05959,phone
SAWERA HARDWARE & PAINTS,name
Hardware store,category
"Kaurihar Chowk,Raxaul, Near, Canal Road",address
086020 02987,phone
SHRISHTI TRADERS And Sanitary Faucet,name
Hardware store,category
Lohar Patti,address
072776 50909,phone
Sharma Tools Machinery Stores (Sharma Ji ki dukaan),name
Hardware store,category
"ward number 10, Lohapatti Rd, nearby Bank Road",address
090973 47046,phone
KUSHWAHA ENTERPRISES,name
Hardware store,category
"Ward No 25, Mahabir chauk, Triloki Nagar, Adhapur Road, near Triloki Nath Mandir",address
070045 40671,phone
Mahadeva Traders,name
Hardware store,category
"ward no 9, ke Samne, Police station, near twon ThGandhi Nagar",address
062019 00830,phone
GOBINDA HARDWARE AND MACHINERY TOOLS,name
Hardware store,category
Lohapatti Rd,address
074848 86655,phone
New manokamna glass house,name
Hardware store,category
"XVH2+X8V, main road",address
094718 78784,phone
Sara Metal and Steel,name
Hardware store,category
AH42,address
087971 35186,phone
Sujata Trading,name
Hardware store,category
"Sujata Trading Lohapatti Road, Main Market",address
094730 18058,phone
S. K. Traders,name
Hardware store,category
Kaurihar Rd,address
070045 00847,phone
Raunak Work Shop,name
Hardware store,category
Men Rood,address
062032 59287,phone
DCM Roofing,name
Hardware store,category
"Machli Bazar, Ramgovind Ram Road, near Shivam Fal Mandi",address
079034 97384,phone
Vishalmachinerytools,name
Hardware store,category
"HOUSE No 13, Lohar Patti Road",address
070330 72516,phone
NAYAN MACHINE TOOLS,name
Hardware store,category
Ward No 12,address
087973 84769,phone
Jagrity Traders,name
Hardware store,category
0 Khakariya,address
082100 00688,phone
Shiv Shakti Light House,name
Hardware store,category
Block Rd,address
091555 11531,phone
S.R. ENTERPRISES,name
Hardware store,category
"ward no 04, Trimurti chock, near Trimurti chock",address
087096 79447,phone
Harsiv Enterprises,name
Hardware store,category
Shop No 01 Koriya Tola Raxaul Koriya,address
099421 49058,phone
Om Sai Enterprises,name
Hardware store,category
Chawal Bazar Rd,address
099392 49496,phone
Kumar Digital,name
Hardware store,category
Kumardigital Vill,address
094308 75359,phone
NUW MOHAN MOTARSAIKIL SAPEYS,name
Hardware store,category
Men Rood,address
083401 60701,phone
JIMILAL MISTRI,name
Hardware store,category
"Pankaj Cinema Hall, Mani Raod Pankj Hall Ke Pass Laxmepur, Mani Road",address
072588 58777,phone
Shree Viswakarma Glass,name
Hardware store,category
"Block Rd, near Shree Ram Janki Mandir",address
099344 50782,phone
Janta Aluminium Hause,name
Hardware store,category
XR8W X8M,address
074887 80874,phone
MOHAMAD SANI,name
Hardware store,category
"LANE NO 2, ABHISHEK NEAR SHANKAR MANDIR, Q TREND MALL",address
095044 35624,phone
Asian Paints Beautiful Homes Painting Service,name
Painter,category
"JAGDAMBA H/W STORES, Lohapatti Rd",address
08071 682 171,phone
Madhuri Motorcycle Spear Parts,name
Hardware store,category
Men Rood,address
062051 63530,phone
Shashi hardware,name
Hardware store,category
ward no 1,address
090877 00448,phone
BAM BAM BUILDERS,name
Hardware store,category
Sikaria complex,address
062878 90381,phone
DILLI TRADERS,name
Hardware store,category
"MAIN ROAD PANDEY MARKET, near SURAJ HOTEL",address
075418 97239,phone
GAURI GANESH HARDWARE,name
Hardware store,category
"Kaurihar Chowk, Near State Bank, Racaul, Main, Road",address
074910 97124,phone
KUMAR ENTERPRISES,name
Hardware store,category
BATA CHOWK,address
070041 88825,phone
LOKESH HARDWEAR,name
Hardware store,category
"24, Nahar Chowk",address
099311 05597,phone
SHYAM HARDWARE,name
Hardware store,category
Lohapatti Rd,address
094700 26248,phone
New Manokamna Light House,name
Hardware store,category
"Barnwal Market, Lohapatti Rd",address
094724 20472,phone
Rakesh Motacyckil,name
Hardware store,category
Men Rod,address
077829 58595,phone
Hari Bath And Fitting,name
Hardware store,category
Main Road,address
084096 72048,phone
Adarsh Enterprises,name
Hardware store,category
1234,address
096310 71675,phone
New Sunrise Machinery,name
Hardware store,category
"Raxaul Bazar, Shree Ram Path",address
070501 16100,phone
Amit Gas Dukan,name
Hardware store,category
"NEYAR BY GUDDU BABU KE HOSPITAL, MANI RAOD, College Rd",address
070337 23405,phone
Muskan Motorcycle Repairing Centre,name
Hardware store,category
"SRP Hospital Ke Pass, Mani Raod",address
077362 85438,phone
K-Lounge,name
Clothing store,category
"Bank Rd, near Raunak Garments",address
094312 66166,phone
Louis Philippe - Raxaul,name
Men's clothing store,category
"Louis Philippe, Maskara Complex, opposite Post Office Road",address
091615 70825,phone
Gupta Trading - wholesale cloth shop Raxaul,name
Clothing wholesaler,category
"Krishna takij compound, Ashram Rd, near by Middle School Gali",address
075439 34566,phone
PUMA Store,name
Sportswear store,category
"NH527D, beside Bank of Baroda",address
088790 35561,phone
Ms Garments,name
Clothing store,category
"sbi, new bus stand road, near Kaurihar choak",address
088252 65865,phone
Jockey Exclusive Store,name
Clothing store,category
"Near Indian Custom, Main Road",address
070049 65464,phone
The Raymond shop,name
Clothing store,category
"Ground Flr, Sikaria complex, Main Road, near ICICI Bank",address
080 4493 8953,phone
Blackberrys,name
Clothing store,category
"Ground Floor, Opposite Taramahal, Shri Ram Path",address
088792 78455,phone
Monte Carlo,name
Clothing store,category
"MASKARA COMPLEX, opposite Post Office Road",address
099559 98609,phone
FirstCry.com Factory outlet Raxaul Koiriya Tola,name
Baby store,category
"khata No-43, Thana-07,tauzi No- 951, Mauza - PRaxaul, Chowdhry Tola Rd",address
091133 71325,phone
ShubhLakshmi,name
Clothing store,category
"Ward no.6, Bank Rd, below Marwari Panchayati Mandir",address
098526 56144,phone
Kabir Garments,name
Clothing wholesaler,category
"Sonar Patti, Gali Main Market, near Bahurani saree showroom",address
088106 66673,phone
Saree Sangam,name
Clothing store,category
XVM3+P62,address
094710 05355,phone
Barsana By Dulhan,name
Clothing store,category
"Main Rd, near Indian Custom",address
098352 09849,phone
ADHUNIK DRESSES READYMADE CLOTHING STORE,name
Clothing store,category
"AKARSHAN GALI, Bank Rd",address
098018 75098,phone
Raunak Garments,name
Men's clothing store,category
"Bank Rd, in front of Sundari Saree",address
094709 58993,phone
ARFA FAISHION GARMENTS,name
Clothing store,category
"HWAI, Raxaul, ADDA ROAD",address
089692 12948,phone
Ritik Dresses,name
Clothing store,category
Bank Rd,address
073520 95856,phone
Manyavar,name
Men's clothing store,category
"Ground Floor, Sikaria complex, Main Road, opposite Police Station",address
080 3700 2436,phone
Shreeman Shreemati,name
Men's clothing store,category
National Highway 28A,address
091551 72511,phone
Pooja Dresses,name
Clothing store,category
"Mayur Gali, in front of Vastra Lok",address
080929 12206,phone
Prem Dresses,name
Clothing store,category
Mayur Gali,address
085440 83475,phone
Manpasand Saree Show Room. Raxaul,name
Clothing store,category
"XVM2+GXX, NH527D",address
094712 33722,phone
Nepal Saree Center,name
Clothing store,category
Ashram Rd,address
091991 30766,phone
Klub Fox | Main Road | Raxaul,name
Men's clothing store,category
"A1, Main Road",address
090315 47569,phone
Nandlal Vinod Kumar LLP,name
Saree Shop,category
"Loharpati, Meena Bazar",address
080995 82382,phone
Dhan lakshmi collection.,name
Clothing store,category
mina bazar,address
094306 45548,phone
Vaishno Vastralaya,name
Clothing store,category
XRMX+WVM,address
085441 74682,phone
Rajmata Saree Showroom,name
Clothing store,category
"Post Office Rd, near Indo nepal",address
091555 02284,phone
New Maharani Saree Show Room,name
Clothing store,category
Lohapatti Rd,address
094732 86880,phone
MODERN FASHION,name
Clothing store,category
MAIN ROAD MEENA BAZAR BHELAHI,address
082945 16366,phone
Ansu Garments,name
Clothing store,category
LIC ROAD,address
072929 24711,phone
Grih Laxmi Textiles,name
Clothing store,category
"Sawera Gali, Main Road",address
095766 54991,phone
Maaq fashion,name
Men's clothing store,category
"choak, near sbi bank",address
088252 65865,phone
School Uniform House,name
Uniform store,category
"Jeans park, gali, Bank Rd, opposite of Unique Departmental Store, near patanjali store",address
094719 28293,phone
Purple United Kids,name
Children's clothing store,category
"Ground floor, opp. Ashram Road",address
093193 91444,phone
Jay shree hanuman trading company,name
Clothing store,category
Arya Samaj Rd,address
087575 85277,phone
LADIES FASHION,name
Clothing store,category
Bank Rd,address
088044 91698,phone
BAHURANI SAREE SHOW ROOM,name
Saree Shop,category
"MEENA BAZAR, near JENIKA BEAUTY RAXAUL",address
096315 61167,phone
Siyaram's,name
Men's clothing store,category
"XVM3+G4R, Bank Rd",address
094312 94299,phone
Aadya's fashion Hub,name
Designer Clothing Store,category
"Allahabad Bank, Gali, Naga Rd, beside Bikaner sweets",address
084091 83999,phone
Laxmi Fashion,name
Saree Shop,category
Laxmi Fashion,address
062073 39251,phone
Shrivtastav Textiles,name
Clothing store,category
10,address
073012 59894,phone
Brand bagga,name
Fabric store,category
SONARPATI CHOWK,address
072580 32028,phone
RAKESH KUMAR,name
Clothing store,category
"10, Arya Samaj Rd",address
095469 29617,phone
Footwear Shop,name
Saree Shop,category
Post Office Rd,address
062873 55015,phone
Amarnath Vastralya,name
Clothing store,category
Bank Rd,address
083404 97705,phone
Rahul Kumar,name
Men's clothing store,category
Mircha Patti,address
087004 08439,phone
STAR UNIFORM,name
Clothing store,category
"Taj Market, near Raxaul",address
074629 50282,phone
Gudu Telars,name
Men's clothing store,category
Chauk Raxaul Road,address
090160 61574,phone
Ravi Phul Vhandar,name
Saree Shop,category
Ramji Chauk,address
082278 52689,phone
Vela Sailing The Indian Crafts,name
Saree Shop,category
Bank Rd,address
096105 41347,phone
GANPATI COLLECTION,name
Clothing store,category
"Bank Rd, near by Jenika Beauty general Store",address
070916 80857,phone
Bata Shoe Store,name
Clothing store,category
"No. 187, Main Road, opp. Mirchapatti Road",address
077650 82398,phone
RB FASHION,name
Men's clothing store,category
"LANE NO 2, ABHISHEK NEAR SHANKAR CHOWK, Q TREND MALL",address
074882 50718,phone
Pari vastarly,name
Clothing store,category
Naukatola,address
072580 10687,phone
SURYA DRESSES,name
Clothing store,category
0 Mina bazar,address
094708 42928,phone
N.G.Trading company,name
Clothing store,category
"Savera Gali, Main Rd",address
073523 99496,phone
MANYA GARMENTS AND MKIDS,name
Clothing store,category
Bank Rd,address
094730 18930,phone
Ram Kisan Saree Dukan,name
Saree Shop,category
"2233, Main Road",address
085218 77222,phone
Riddhi Siddhi,name
Clothing store,category
sonar patti Chawk,address
089861 17251,phone
Shree ram saree,name
Clothing store,category
Patel Path,address
095464 08080,phone
THE GENIAL STOFFA CO.,name
Clothing store,category
XRRQ+P7W,address
093508 34027,phone
difenco,name
Clothing store,category
Duncan Rd,address
062073 69398,phone
ARCHANA SHREE,name
Clothing store,category
Lohapatti Rd,address
094312 94302,phone
SHUBHAM DRESSES $RAJESH VASTRALYA,name
Clothing store,category
"BAZAR, Bhelahi Rd",address
087573 67699,phone
Kishan Vastralay,name
Clothing store,category
00,address
099554 67673,phone
Jai Hind Khadi Bhandar,name
Clothing store,category
"Jagmal Singh, Gali, Bank Rd",address
091557 27394,phone
Anjali Fashion,name
Clothing store,category
"MAIN ROAD, Shri Ram Path",address
070043 09385,phone
Nerolac Paints - Sahu H/W Stores,name
Paint store,category
Xvm2+Ggj Sahu H/W Stores Lohapati,address
094302 22725,phone
Ujjawal Hardware,name
Paint store,category
"Kaudhihar, Block Rd, below central bank of india",address
099310 81484,phone
Om Sai Traders,name
Paint store,category
"Ashram Rd, near Dps School Middle School",address
062045 26099,phone
Priya paints,name
Paint store,category
"Bus Stand, Road, near Petrol pump",address
070797 93438,phone
PORTGAURD - Shree Raghunath traders,name
Paint store,category
"Pokhara gali, nnear shiv hari saree showroom, Patel Path",address
091991 58308,phone
PUMA Store,name
Shoe store,category
"NH527D, beside Bank of Baroda",address
088790 35561,phone
Bata Showroom,name
Shoe store,category
XVM3+W8R Bata Chauk,address
062076 00438,phone
Sahil footwear,name
Shoe store,category
"XVM2+7RJ, Post Office Rd",address
091232 08511,phone
SHOE DARBAR,name
Shoe store,category
"Raxual, Bank Rd, in front of Siyaram Shop",address
087099 62384,phone
Foot Fashion,name
Shoe store,category
Post Office Rd,address
062018 44454,phone
Bata Shoe Store,name
Shoe store,category
"No. 187, Main Road, opp. Mirchapatti Road",address
077650 82398,phone
SA Footwear Raxaul,name
Shoe store,category
Sainik Rd,address
062018 08384,phone
Royal Footwear,name
Shoe store,category
"Pool Kei Paas, Ghandi Nagar Pul Kei Paaas, Gandhi Nagar Main Rd",address
098012 63704,phone
Sultan Enterprises,name
Shoe store,category
05,address
094722 39675,phone
ANKIT FOOTWEAR,name
Shoe store,category
Kaurihar Rd,address
087090 00178,phone
Rukhsar Shoe Store,name
Shoe store,category
Raxaul,address
098351 16363,phone
Family Fashion Palace,name
Shoe store,category
01,address
090061 44110,phone
Ramesh Footwear,name
Shoe store,category
"1, Post Office Rd",address
082357 21603,phone
Salim Shoe,name
Shoe store,category
"Monte Carlo , Raxaul, Bihar 845405, Post Office Rd",address
073521 66925,phone
Shubham Car Decor,name
Auto Accessories Store,category
Koiriyatola Main Road Near V-MART,address
082107 67844,phone
"Om Electricals, Raxaul.",name
Electrical products wholesaler,category
"Main Road, opposite Hanuman Mandir",address
095465 58063,phone
Tanishq Jewellery - Raxaul,name
Jewelry store,category
Raxaul - Shyampur Rd,address
077818 06625,phone
SHREE BAUDHIMAI STATIONARY,name
Stationery store,category
Airport road,address
088092 37627,phone
Mukesh Traders,name
Disposable Items shop,category
Bank Rd,address
091995 51747,phone
Merino Laminates - Shree Ganpati Glass House,name
Plywood supplier,category
"Ward No 25, Ground Floor, Pankaj Chowk, Main Road, near Pankaj Cinema Hall",address
08071 889 040,phone
Shri ram stationary,name
Shopping mall,category
"Station Rd, in front of block",address
085079 99068,phone
VIDYARTHI PUSTAK BHANDAR,name
Book store,category
"MAIN ROAD, near HDFC BANK",address
098524 34088,phone
VISHWAS STATIONERY AND GIFT HOUSE,name
Gift shop,category
Duncan Rd,address
082107 80717,phone
STUDENT BOOK ZONE,name
Book store,category
"K.C.T.C. College, College Rd",address
083406 28757,phone
DHAMAKA STORE,name
Book store,category
MAI ASHTAN MAUJE RAXAUL,address
079799 32021,phone
S A ENTERPRISES,name
Stationery store,category
"23, Sainik Road",address
095707 54993,phone
New Humsafar,name
Photo lab,category
"ganga apartment, main road",address
099393 54236,phone
Muskan Book Banding,name
Book store,category
"Ward Number 25, behind Old Nagarpalika",address
095464 14940,phone
Lakshmi electronic stationery,name
Book store,category
Anand Sagar gaad,address
076338 83447,phone
SAHID KITAB GHAR,name
Book store,category
"RISHU, Q TREND MALL LANE NO 2 RISHU Q TREND MALL LANE NO 2",address
099314 53380,phone
SHREE VAASSPP THE COMPLETE WATER SOLUTION,name
Store,category
"Ward No 23, Shiv Puri, Naga Rd, near KUMAR DIGITAL PRINT AND PRINTER CARE",address
080022 22924,phone
Namaste Nepal light house,name
Countertop store,category
"Adarsh chowk, Bank Rd, near canara bank",address
094700 26630,phone
Treta jii ka bartan dukan,name
Jewelry store,category
Lohapatti Rd,address
082104 10522,phone
Alka jewellers & Shashi jee ka bartan dukan,name
Jeweler,category
Lohapatti Rd,address
070501 08330,phone
Vaishnavi Oil Mill,name
General store,category
"Vaishnavi Oil Mill, Old Exchange Rd",address
091990 50495,phone
GUPTA GENRAL STORE,name
General store,category
Station Rd,address
070047 86056,phone
RAVI KUMAR,name
General store,category
"WARD NO 21, NEAR BADDI MASZID RAXAUL, MIRCHA PATTI ROAD",address
094726 84774,phone
GUPTA KITCHEN HOUSE,name
Home goods store,category
"Shiva Temple, Ramgarhwa Bazar Rd",address
062992 27195,phone
New Nepal Emporium,name
Wholesaler household appliances,category
"Shree Ram Market, Mayur Gali",address
099342 10278,phone
प्राथमिक पशु उपचार एवं कृत्रिम गर्भाधान केंद्र,name
Veterinary pharmacy,category
"XPWX+W6V, Senuariya - Bhawanipur Rd",address
073668 87700,phone
Maya Aquarium,name
Aquarium shop,category
XRHV+883,address
073017 50085,phone
Himalaya Wellness Store,name
Pet supply store,category
"Nimbu Chauk, Post Office Rd",address
087573 38715,phone
"Motihari pet shop & Aquarium Gold Fish (All types of Dog Puppy, Exotic Birds irds &Fish)",name
Pet store,category
"D.A.V - SHANKAR SARAIYA, ROAD",address
082107 37778,phone
"Annapurna Sweets,Bakery and Restaurant",name
Restaurant,category
Main road,address
082352 44345,phone
Arihant Trading,name
Dry Fruit Store,category
"Main Road, near Indian Custom office",address
063503 63394,phone
Sitaram Chsudhary,name
Sweet shop,category
Handi Bazar,address
095235 63713,phone
Yadav Sweet,name
Auto parts store,category
01,address
062066 18871,phone
Bikaner Family Resto,name
Restaurant,category
"Main road, near Bank of India, opposite raxaul police station",address
062024 70455,phone
KALYAN JEWELLERS - Raxaul,name
Jewelry store,category
"Laxmipur, Near Pankaj Cinena, Raxaul East",address
1800 425 7333,phone
Kedar Mishthan Bhandar,name
Sweet shop,category
Pachpakri,address
075468 24585,phone
Om Kumar,name
Motorcycle shop,category
NH527D,address
074610 62811,phone
Varanasi Pan Dukan,name
Tobacco shop,category
"Main road ,raxaul Raxaul, near by Bank Road",address
094312 49088,phone
Apollo Diagnostics,name
Diagnostic center,category
"Ashram Rd, near Ajanta Hotel",address
096061 12399,phone
"Agilus Diagnostics - Raxaul, Champaran",name
Diagnostic center,category
"Main Road, opposite Sona Hall",address
080 6949 6507,phone
SRL Diagnostic,name
Diagnostic center,category
"New unique diagnostic, New Bus stand",address
098011 94399,phone
Abdul Kiran,name
Diagnostic center,category
Men Rod,address
091282 92884,phone
Redcliffe Labs - Collection Center,name
Diagnostic center,category
"Ward No-1, near Budhi Mata Mandir",address
079 6912 2564,phone
"Thyrocare Diagnostic Lab | Blood Test Centre - Parsurampur, Raxaul",name
Diagnostic center,category
"Nahar Chowk, opp. sona Hall",address
075630 94217,phone
Dr Lal PathLabs - Patient Service Centre,name
Diagnostic center,category
"Ground Floor Mauje, Neqr, Thana No 07",address
080 6256 5401,phone
THYROCARE COLLECTION CENTRE RAXAUL,name
Blood testing service,category
"SONA CINEMA, opposite SONA CINEMA",address
075630 94217,phone
Redcliffe Labs - Collection Center,name
Medical laboratory,category
"Ward No-1, near Budhi Mata Mandir",address
079 6912 2564,phone
THYROCARE LAB (Authorized Service Provider),name
Pathologist,category
"Thyrocare, Raxaul Health Care, Kaurihar Rd, below SBI Bank",address
084345 52544,phone
The Learning Lab,name
Education center,category
College Rd,address
096085 32930,phone
Muskan Video Lab,name
Computer support and services,category
New icp haraiya,address
087097 61799,phone
RK Digital Studio & Digital Video Lab,name
Photography service,category
"Rajeshwor Hotel, Block Rd",address
062011 34552,phone
Public Pathology,name
Medical laboratory,category
"NH527D, Raxaul - Shyampur Rd",address
092340 62340,phone
Perfect Video Lab,name
Internet cafe,category
Station Rd,address
090971 88038,phone
Sinclairs Laboratories,name
Pharmaceutical company,category
"XRPV+G28, Station Rd",address
06255 220 800,phone
Swati hardware and paints shop,name
Paint store,category
"Front of new Sultanaganj railway station gate, Sultanganj Station Rd",address
062017 62902,phone
Nerolac Centre - Shuvam Enterprises,name
Paint store,category
"6Pvq+F6G Shuvam Enterprises, Sultanganj Station Rd",address
085419 84090,phone
Mayanath Paints,name
Paint store,category
6PWV+MH3,address
099340 38094,phone
Aditya Plywood And Hardware,name
Furniture store,category
"6PWR+MQC, GK Rana Marg",address
095762 88108,phone
Marble house sultanganj,name
Tile store,category
"Station road, near uco bank",address
093044 26161,phone
SHIVAM ENTERPRISES,name
Tile store,category
near Icici Bank,address
079090 64547,phone
STUDIO GUDDU ABJUGANJ,name
Photography studio,category
"Abjuganj, Baikatpur Rd",address
099348 46162,phone
Khetan Hardware & Woods,name
Store,category
Anand Chikitshalaya Road,address
087703 16678,phone
Sharma Enterprises,name
Furniture store,category
"Sharma Enterprises, Na",address
082404 22557,phone
MAA KALI FURNITURE HOUSE,name
Furniture store,category
"इलाहाबाद बैंक, कन्हैयाचक मेन रोड",address
085390 26859,phone
DECOR GREEN,name
Wallpaper store,category
CC Mukherjee Rd,address
090065 33911,phone
Maa Ambe Electronics,name
Furniture store,category
"Balu, Sultanganj, Ghat Rd",address
089871 83658,phone
Ranjeet Furniture House,name
Furniture store,category
Sitarampur,address
085210 94666,phone
JAGRITI GLASS& ALUMINIUM HOUSE,name
Furniture accessories,category
Murarka college road Sultanganj bilar,address
082101 46456,phone
MURARI FURNITURE HOUSE,name
Furniture store,category
"6PWR+Q7P, ठाकुरबाड़ी याना के पास",address
095343 77472,phone
ADARSH FURNISHING,name
Window treatment store,category
Patal Babu Rd,address
092341 95111,phone
सरस्वती D.J. डेकोरेशन,name
Clothing store,category
"6QJ3+G95, Sultanganj-Shakund Road",address
062878 00202,phone
ANGEL PATHOLOGY SULTANGANJ,name
Diagnostic center,category
Bypass Rd,address
077598 96352,phone
BALAJI ULTRASOUND & DIAGNOSTIC CENTRE,name
Pathologist,category
"Upper Rd, near icici bank",address
099556 75404,phone
Apollo Diagnostics,name
Diagnostic center,category
"Durga Sthan, Purani 14, near DAV public school",address
096061 12399,phone
SB Mart,name
Grocery store,category
"Agresarika Commerce Pvt Ltd Sitarampur Tarapur Road, near Railway Over Bridge",address
095555 19966,phone
Chammach Katori,name
Countertop store,category
"DN Singh Rd, near Priya Puja Payal",address
097982 25271,phone
Unique Kitchenware & Gift Corner,name
Countertop store,category
"Dr RP Rd, near marwari pathshala",address
080134 48256,phone
New Bhagalpur Bartan Bhandar,name
Kitchen supply store,category
"Gurudwara Road, near hotel vineet",address
062001 29202,phone
Gangaram enterprises,name
Hardware store,category
Tarapur road,address
099314 46794,phone
Kushwaha Beej Bhandar,name
Store,category
"Near Mahavir Sthan, Main Road, Sultanganj - Bhagalpur Rd",address
090978 60840,phone
Maa Tara Downloding & Micro ATM,name
Electronics store,category
"Sabzi Market, Thana Rd",address
075419 78992,phone
BABA STORE,name
Produce market,category
"Savita Talkies, Road, near Kids Play School",address
090651 29882,phone
RUPAK STUDIO,name
Photography studio,category
"6PWP+M46, Dhaja Gali,",address
093046 65488,phone
Shiv Bartan Bhandar,name
Kitchen supply store,category
"Patal Babu Rd, near Gurudwara",address
097715 13907,phone
Livguard - Jaiswal Battery House,name
Battery Store,category
Ground Floor,address
075495 87181,phone
Aman Jan Seva Kendra,name
Computer store,category
"Bypass Rd, near Sawita Cinema Hall",address
076313 77186,phone
Prisha Vision,name
Electronics store,category
"Pratimalaya Station Road, Sultanganj - Bhagalpur Rd, near Chhoti Masjid",address
085274 94953,phone
R & R PLASTIC ZONE,name
Home goods store,category
"Railway Station, near Petrol Pump",address
098522 31372,phone
Kesan Marble,name
Marble supplier,category
Sultanganj Station Rd,address
098744 79601,phone
Maa Tara Tilkut Bhandar,name
Restaurant,category
6PWQ+F3J,address
093042 02138,phone
Ayush Sweet Shop,name
Restaurant,category
Chowk,address
062004 96540,phone
Pets plaza sultanganj,name
Pet store,category
"Shop no 1, Bhagalpur Jamalpur Road, in front of police station",address
087792 65760,phone
Diamond Pet Shop Tilkamanjhi,name
Pet store,category
Sitla Asthan Rd,address
088508 18130,phone
Raja Shoe Store,name
Shoe store,category
"Chowk bazar, Ghat Rd",address
079036 33677,phone
CHERRY SHOES,name
Shoe store,category
"DN Singh Rd, opp. TANISQ SHOWROOM",address
094312 14487,phone
SUNNY FOOTWEAR,name
Shoe store,category
Sultanganj Station Rd,address
074620 92997,phone
Royal shoes store { Atul Singh },name
Shoe store,category
"Main Chowk,Ghat road sultanganj,bhagalpur Front of aatmadas market gate no.2 Krishna bhawan",address
096319 99320,phone
Shoe,name
Shoe store,category
Brajesh Kumar,address
094721 64295,phone
Shoe Gallery,name
Shoe store,category
"Masjid Market Masjid Market, Sultanganj Station Rd",address
080922 86792,phone
Jai bharat store,name
Building materials store,category
"7P2P+FQX Balu, Ghat Rd",address
092045 49692,phone
Shivam Dresses,name
Clothing store,category
"Ghat Rd, near Aatmadas Thakurbari",address
086788 86061,phone
Gautam Readymade,name
Clothing store,category
Aatma Baazar,address
090657 16268,phone
Bol Bam Readymade,name
Clothing store,category
Sultanganj Road Sultanganj,address
070704 28239,phone
New Prince Tailor,name
Clothing store,category
purani durga mandir road opposite- ladies hospital,address
05201 934 101,phone
Aryan Fashion,name
Clothing store,category
"railway station, road, Sultanganj - Munger Rd",address
062059 67180,phone
Samar Redaymad,name
Women's clothing store,category
Samar Redaymad,address
090973 11405,phone
ANNU WATCH,name
Watch store,category
"New Durga Asthan, Chowk Bazar",address
093043 88424,phone
Mahaveer Dressa,name
Clothing store,category
Shyambagh Sultanganj,address
075440 61167,phone
Shivnandan Redimed,name
Clothing store,category
Sultanganj - Bhagalpur Rd,address
082526 80679,phone
Mukesh Cloth Store,name
Clothing store,category
"Shultanganj, Road",address
095046 83384,phone
Miya Jaan Kirana Store,name
General store,category
Thana Rd,address
080025 36602,phone
KGN Footwear,name
Shoe store,category
"MORE, College Rd",address
097712 03690,phone
STYLE READYMADE,name
Clothing store,category
Ghat Rd,address
062053 63744,phone
KRISHNA DRESS,name
Clothing store,category
Ghat Rd,address
082987 61853,phone
माँ सत्यभामा एम्पोरियम अबजुगंज,name
Shopping mall,category
6QW4+HJC,address
082109 47272,phone
Maha Maya Beauty Parlor,name
Boutique,category
"Shultanganj, Sultanganj - Munger Rd",address
095702 94510,phone
SONU VASTRALAYA,name
Clothing store,category
"Kali Mandir, Durga Mandir Marg, Teacher s Colony",address
080837 98887,phone
Vicky Readymade Store,name
Garment Exporter,category
"Abjuganj, in front of Hanuman temple",address
092344 41302,phone
ROHIT READIMENDT,name
Clothing store,category
4,address
095256 61709,phone
Nancy Enterprises,name
Clothing store,category
"52, Sultanganj - Deoghar Rd",address
062036 29327,phone
Rupali Enterprises,name
Electronics store,category
Rupali Enterprises Chowk Bazar,address
095615 84524,phone
Rohit Thakur Redimate,name
Clothing store,category
Balu Ghat,address
089695 16912,phone
Sonali Burty Parlour,name
Baby store,category
"132, Sultanganj Station Rd",address
084060 70622,phone
A K Agencies,name
Shopping mall,category
"6QX4+379, Unnamed Road",address
088874 17803,phone
Maa Ambey Vastra Bhandar,name
Clothing store,category
"Maa Ambey Vastra Bhandar, Sultanganj - Bhagalpur Rd",address
078705 60892,phone
UN ENTERPRISES,name
Baby store,category
Upper Rd,address
090316 53644,phone
Raza Cloth Store,name
Clothing store,category
"Suiya, Sultanganj - Deoghar Rd",address
095347 97065,phone
Rohan Dresses,name
Clothing store,category
Dilgori Mor,address
087893 16903,phone
New Sony Readymade,name
Men's clothing store,category
"Ghat Road Sultanganj, Chowk",address
077648 90001,phone
Rocky Readymade,name
Clothing store,category
0,address
070339 53287,phone
MANDAL PARIVAR,name
Clothing store,category
6QM2+C8G,address
076340 16713,phone
फैशन पार्क,name
Clothing store,category
"6PVQ+65P, Sultanganj Station Rd",address
095704 27608,phone
Puja Kumari,name
Clothing store,category
"138, near Over Bridge, Rajgangapur",address
093410 14088,phone
Sangam Readymade,name
Men's clothing store,category
Sultanganj - Bhagalpur Rd,address
091220 28894,phone
Sleeper Shop,name
Sportswear store,category
03,address
082922 84045,phone
Sanvi Fashion,name
Clothing store,category
Sanvi Fashion Kamarganj,address
082929 76334,phone
मुस्कान लेडिज मलर्स,name
Clothing store,category
"6PWP+M56, Upper Rd",address
072948 71555,phone
AJGABI NATH JEWELLERS,name
Jewelry store,category
"Sultanganj-Shakund Road, Shahabad, Baikunthpur Sultanganj",address
088773 30808,phone
MAA LAXMI VASTRALAYA,name
Clothing store,category
"Baikunthpur Shahabad, Chowk",address
091134 61517,phone
Maa Tara Vastralya,name
Clothing store,category
"Abjuganj, Gola Rd",address
082718 84985,phone
Mohammad Samshul,name
Jewelry store,category
Sultanganj Station Rd,address
090312 67129,phone
POPULAR HOMOEO PHARMACY,name
Pharmacy,category
"Ward Number 5, Ghat Rd",address
095723 67238,phone
Mantu Medical,name
Pharmacy,category
6QW4+PPC,address
075499 54530,phone
Shree Ram Medical Hall.,name
Pharmacy,category
"6PWH+3RC, NH33",address
070330 37332,phone
Mukesh Medical Store,name
Pharmacy,category
GK Rana Marg,address
085215 38374,phone
Avinash Medical Store,name
Pharmacy,category
Abjuganj,address
075499 54530,phone
SastaSundar Sultanganj Medico,name
Pharmacy,category
"Khata No.-162, Khasra No.-292, 293 Property No.-241002754, Balu Ghat Road Sultanganj, Dist.-Bhagalpur, Tal, Sultanganj - Bhagalpur Rd",address
081494 65172,phone
SECULAR AGENCY ( WHOLESALER of VETERINARY MEDICINE),name
Pet supply store,category
North,address
077799 90812,phone
Amar Medical Hall (vetinary),name
Pharmacy,category
Patal Babu Rd,address
085070 67443,phone
HomeoPathic Clinic & Medical,name
Homeopathic pharmacy,category
Sultanganj Station Rd,address
097088 81710,phone
Om sai herbal,name
Pharmacy,category
Gangapur Rd,address
072774 30553,phone
Anni Garments,name
Clothing store,category
Dr RP Rd,address
075496 81472,phone
Chandan Vastrala,name
Clothing store,category
"Abjugang, Gola Rd",address
062992 59072,phone
Dilruba Readiment,name
Clothing store,category
2,address
099734 54466,phone
Muzaffar Fashion,name
Clothing store,category
6XVG+X9P,address
090970 59108,phone
variety,name
Clothing store,category
"Bazar, Infront Of Shiv Mandir Variety Chowk Bhagalpur Sujaganj",address
099055 96092,phone
Women's Shop Boutique,name
Women's clothing store,category
"Patal Babu Rd, near V Mart",address
075492 58245,phone
Gautam Store,name
Clothing store,category
Station Chowk,address
099558 64783,phone
HAIDER ALI AND SONS,name
Clothing store,category
"L N SINGH LANE MOMIN TOLA, near JAMA MASJID",address
070042 59721,phone
Pathkind Labs,name
Medical clinic,category
⋅ Closes 8 pm,address
091109 49502,phone
Dr Lal Pathlabs,name
Diagnostic center,category
⋅ Closes 8 pm,address
011 4988 5050,phone
A to Z Mart,name
Grocery store,category
J58M+646,address
099054 99111,phone
Home Mart,name
General store,category
Ashok Rajpath Rd,address
084099 66337,phone
Shreyansh Store,name
Grocery store,category
"No12, 3A Road",address
092344 08433,phone
Al Hayat Store,name
Wholesaler,category
"402, Mohammadpur Rd",address
095725 31747,phone
Aman Store (Anuj Kumar Choudhary),name
General store,category
"6PWP+JXV, Sultanganj - Bhagalpur Rd",address
094318 76562,phone
PRIYANSH GENRAL STORE AND STATIONARY,name
General store,category
"Mathura, Sultanganj - Deoghar Rd",address
099106 46570,phone
Crown Plastic & kitchen Item's,name
Grocery store,category
"Raza Complex Market, Patthar Ki Masjid",address
076773 29980,phone
Inderdeo Prasad Kirana Shop,name
Grocery store,category
"J57P+WGF, Patther Ki Masjid, Ashok Rajpath Rd",address
098012 87360,phone
Munna Sringar Store,name
Grocery store,category
"Tarapur Munger Main Road, Sultanganj - Deoghar Rd",address
099319 94651,phone
KiranaWala 7x11,name
Grocery store,category
"Opposite of D.D.C Residence, KKM College Rd, near jhajha bus stand",address
087973 36337,phone
General Stores,name
General store,category
"Shop No -1Thana Rd, 6",address
093349 06213,phone
NAUSHAD FRUITS,name
Fruit and vegetable store,category
NH-80,address
090063 91310,phone
Roushan Kirana Store,name
Indian grocery store,category
Gola Rd,address
095705 02946,phone
Sastri Kirana,name
Grocery store,category
Raghunathpur Ghorghat,address
088737 46084,phone
"OM GENERAL STORE ( AUTHORISED FIREWORKS DEALER, AND FMCG WHOLESALER )",name
FMCG Goods Wholesaler,category
"Sadar Bazar, near Fari",address
099347 36380,phone
Mohan General Store,name
Grocery store,category
Kalisthan,address
079035 87680,phone
Patanjali Gramin Arogya Kendra,name
Indian grocery store,category
Ground Floor Munger,address
062001 61893,phone
Patanjali Gramin Arogya Kendra,name
Indian grocery store,category
"Ground Floor Bariarpur Road, Gobadda, Haveli",address
099397 37223,phone
ONE SHOP MART,name
Grocery store,category
Sandhiya shree Sandhiya Shre A,address
079911 06625,phone
Patanjali Gramin Arogya Kendra,name
Indian grocery store,category
"Infront of Block Gate, Ground Floor Jila Parishad Market",address
097098 35404,phone
Patanjali Gramin Arogya Kendra,name
Indian grocery store,category
No 43,address
079923 66782,phone
Nilambar Kirana Store,name
General store,category
Ghat Rd,address
099733 67002,phone
RUDRA ENTERPRISES,name
Grocery store,category
"6JVQ+C6Q, Ghorghat",address
087092 39813,phone
दीवान जी मार्केट,name
Grocery store,category
6PWP+MX7,address
090066 86827,phone
Sainik canteen,name
Indian grocery store,category
Bhudharni More - Kaudia Rd,address
087776 76665,phone
Manish Kumar,name
Grocery store,category
Bakari Mandi,address
086770 67858,phone
Om Banna General Store,name
Grocery store,category
Om Banna General Store,address
073524 44030,phone
Sarwan Kirana Store,name
Grocery store,category
Mamai Road Sajuaa Sajuaa,address
062002 95398,phone
K.N. MEGA MART,name
Grocery store,category
Kailash Nagar,address
077628 03803,phone
ADITYA TRADERS,name
Grocery store,category
"At.sabji mandi, thana road",address
074288 08626,phone
Shivam Tel Mill,name
Grocery store,category
Bariyarpur,address
070793 76680,phone
Hira Lal Shop,name
General store,category
Hiralal,address
070911 81545,phone
Mithun Kirana Store,name
Grocery store,category
"Rajdhan Tola, Thana",address
099053 70041,phone
Fauzi Kirana Store,name
Grocery store,category
"Fauzi Kirana, Rampur Road",address
077648 73332,phone
Raj Kishore,name
Dairy store,category
Raj Kishor,address
099054 84212,phone
"Shree Enterprise, Sultanganj, Pepsi Distributor",name
Cold storage facility,category
"ward no 3, Ghat Rd, beside Dr. anjani ,balu",address
095349 37216,phone
SURAJ STORE MAHESHI,name
Cosmetics store,category
Chowk,address
082290 11608,phone
Janu Cold Drink,name
Grocery store,category
"6RPP+GC8, Sultanganj - Bhagalpur Rd",address
095349 18870,phone
Dindyal General Store,name
General store,category
"Near Gausiya Masjid Sultangang, Maker Road",address
062017 54281,phone
Bhavesh Kirana,name
Grocery store,category
Road,address
076544 82889,phone
Bestway Supermart,name
Indian grocery store,category
"Shahganj Gali, opp. Sudha Booth",address
092893 72003,phone
Mamta Devi,name
Grocery store,category
"Rampur More, Sultanganj - Deoghar Rd",address
084344 24258,phone
Happy Kirana And General Store,name
General store,category
8,address
098104 65485,phone
Ramlal Market Parbatta,name
Supermarket,category
Bajar Road,address
096616 40155,phone
Bittu General Store,name
General store,category
5,address
095762 15023,phone
Mohammad Chand Alam,name
Grocery store,category
"Bhagalpur A, Sultanganj Station Rd, near Gamin Bank",address
095078 54819,phone
Raj Tailors,name
Grocery store,category
"Main Road, Sultanganj - Deoghar Rd",address
075440 63268,phone
Roushan Kirana Store,name
General store,category
Gola Rd,address
095705 02946,phone
Alok General Store,name
General store,category
Sultanganj,address
062018 96330,phone
MaaRadha General Store,name
General store,category
MaaRadha General Store,address
085212 77792,phone
Himanshu Shop,name
General store,category
1,address
076676 27860,phone
SAI GENERAL STORE,name
General store,category
Chowk,address
076349 36376,phone
Pandit General Store,name
General store,category
Sultanganj,address
087976 04925,phone
JIO OK LIFE GENERAL STORE,name
General store,category
Islamnagar post Gangapur thana Sultanganj dist Bhagalpur Bihar pin 813213,address
092629 76893,phone
Sonam store,name
Hardware store,category
"6PWR+MQC, GK Rana Marg",address
082100 96988,phone
Dipak Store,name
Cosmetics store,category
Ghat Rd,address
072504 16048,phone
Vinita General Store,name
Store,category
Ghat Rd,address
062062 57461,phone
RAHUL GENERAL STORE,name
General store,category
AP Mandal Marg,address
073678 80763,phone
Gulashan,name
General store,category
Sultanganj,address
082712 78040,phone
Gulshan Shop,name
General store,category
Gangapur Rd,address
062018 97770,phone
Priyanshu Kumar,name
General store,category
Sultanganj,address
082922 36602,phone
SAMARJEET KUMAR,name
General store,category
Ghat Rd,address
075429 30825,phone
MD Zakir Shop,name
General store,category
MD Zakir Shop,address
062068 28131,phone
Sankar Kirana Store,name
General store,category
Sankar Kirana Store,address
082925 04110,phone
Modi Patanjali General Store,name
Pharmacy,category
4,address
093043 60050,phone
Reshami Kumari,name
General store,category
Rashmi Kumari Mirjapur,address
091554 59503,phone
Super Sonic,name
General store,category
Sultanganj,address
073678 74300,phone
Suriti Store,name
General store,category
Suriti Store,address
096312 31920,phone
Dilip Store,name
General store,category
Dilip Store,address
087098 08105,phone
Ravish General Store,name
General store,category
5QR2+34,address
080842 12822,phone
Angad raj shop,name
General store,category
sultanganj,address
073031 06395,phone
MR MAJNU,name
General store,category
Sultanganj,address
084342 13521,phone
Ramanand hardware,name
Hardware store,category
Sultanganj Block Rd,address
062051 56382,phone
Muskan general store,name
General store,category
Bypass Rd,address
072559 59630,phone
Navab General Store,name
General store,category
"Sultanganj Bhagalpur Dilgouri, Mor",address
091553 00827,phone
Sharma Dial And Kirana,name
General store,category
"Balu, Ghat Rd",address
095729 63548,phone
Amit Store Chaurasia,name
General store,category
4,address
096934 46702,phone
Jitesh General Store,name
General store,category
Sultanganj Station Rd,address
074618 57579,phone
Vilash Kumar Amok General Store,name
General store,category
"Balu, Ghat Rd",address
095341 85246,phone
Riddhi Siddhi General Store,name
General store,category
Riddhi Siddhi General Store,address
062027 17306,phone
Devraj Shop,name
General store,category
Devraj Shop,address
078708 16728,phone
New Baba,name
General store,category
Ghat Rd,address
095465 39298,phone
Raushan Kirana Store,name
General store,category
Sultanganj - Bhagalpur Rd,address
085215 05141,phone
Jitendra Kumar Singh,name
General store,category
Bhagalpur - Munger Rd,address
093340 17544,phone
Subodh Kirana Store,name
General store,category
Subodh Kirana Store,address
091421 16519,phone
Govind Sarkar,name
General store,category
"NH33, Dilgouri Sultanganj, More",address
080020 65120,phone
KESHAV GENERAL STORE,name
General store,category
Kalisthan,address
092632 07932,phone
Kaushal General Store,name
General store,category
"MIRJAPUR, 6PXV QPX, near KALI STHAN",address
099311 93763,phone
NITESH PAN BHANDAR,name
General store,category
Sultanganj Station Rd,address
099054 89076,phone
SHAURY GENERAL STORE,name
General store,category
"6PWQ+339, Sultanganj Station Rd",address
091232 88410,phone
Prince General Store,name
General store,category
"Shop No 01 Kolgama, Sultanganj - Bhagalpur Rd, near Bypass",address
062897 50383,phone
New Ghar Sansar Shop,name
Grocery store,category
"Sultanganj, Sultanganj - Bhagalpur Rd",address
097083 03074,phone
Sittu General Store,name
General store,category
"Shop No 01 Village Chafa, To, Tarapur Road",address
087897 44742,phone
Kajal Telecom Abjuganj,name
Electronics store,category
NH33,address
072778 00274,phone
Jabbar Electrical Works Sultanganj,name
Electronics store,category
"Kasimpur, near NN international School",address
098522 34694,phone
Payal Electronic,name
Electronics store,category
Payal Electronic Kali Asthan,address
094702 49327,phone
M.K Mobiles,name
Cell phone store,category
"Bazar, Chowk",address
099310 74483,phone
M.K ELECTRONICS,name
Electronics store,category
"6PVQ+G53, Sultanganj Station Rd",address
078709 19292,phone
GAURAV ELECTRONIC,name
Electronics store,category
STATION RD,address
082716 22231,phone
Sharma Electronics,name
Electronics repair shop,category
Sultan,address
097084 72314,phone
Mobile Zone,name
Cell phone store,category
6PWR+P59,address
095343 00531,phone
AK Online Center Sultanganj,name
Computer accessories store,category
"murarka, College Rd",address
091420 49883,phone
Ganesh Electronics,name
Electronics store,category
Bypass Rd,address
089862 61705,phone
Ajay Kr Store,name
Electronics store,category
"Sultanganj Road Sultanganj, Road",address
082947 58152,phone
Criptocryuncy,name
Computer store,category
2,address
099345 63271,phone
JAI MATA DI ONLINE CENTER,name
Internet cafe,category
"Sultanganj Station Rd, in front of Government Bus Stand",address
095070 56961,phone
VIVEK ELECTRONIC CENTRE,name
Electronics store,category
Pholwariya School,address
062091 91254,phone
P K ELECTRONICS,name
Electronics repair shop,category
"Bypass Rd, 6PVQ, CP3, Sultanganj Station Rd",address
087096 37847,phone
Sanjeev Electronick,name
Electronics store,category
Sultanganj Station Rd,address
079034 96829,phone
Manohar Kumar,name
Electronics store,category
Sultanganj - Bhagalpur Rd,address
085889 69235,phone
SHUBHAM ELECTRIC,name
Electronics repair shop,category
"Balughat Road Sultanganj, Sultanganj - Bhagalpur Rd",address
087099 02900,phone
M K Printer,name
Computer store,category
Mirhatti Rd,address
099820 27739,phone
OM 4k Video,name
Computer store,category
"OM 4K VIDEO, Sultanganj - Bhagalpur Rd",address
099737 25194,phone
Jan Aushadhi Store,name
Pharmacy,category
"Bypass Rd, opposite Savita TALKIES",address
082526 23744,phone
VIKASH RANJAN MEDICAL,name
Pharmacy,category
"NH33, College Rd",address
076544 82533,phone
prem medical,name
Pharmacy,category
"6PPX+Q63, Sultanganj-Shakund Road",address
094719 21617,phone
Suman Medical Hall,name
Hospital,category
"6PWP+M37, Mahavir Asthan Rd",address
098524 48086,phone
Sanjay Medical Hall,name
Pharmacy,category
"Ward No 16, Purani Durga Stathan",address
099054 41953,phone
Priya Medico Agency,name
Pharmacy,category
"Bathing, Ghat Rd",address
093046 08118,phone
Ashwani Pihu health care,name
Child health care centre,category
"Kalisthan (murarka, College Rd",address
062040 62769,phone
ABRAR CLINIC,name
Pharmacy,category
Sultanganj,address
090971 68856,phone
TRUE LIFE CARE,name
Hospital,category
Krishna Garh,address
062066 35255,phone
Jayant Fertilizer Seed Bhandar,name
Pharmacy,category
Sultanganj,address
075430 30965,phone
Nivi medico,name
Medical supply store,category
Abjuganj rod,address
091994 44706,phone
Ramanad Shop,name
Medical clinic,category
Ramanad Shop,address
076338 22595,phone
NIRMALA MEDICOSE,name
Pharmacy,category
Sultanganj Thana,address
096316 41252,phone
विकास रंजन मेडिकल हॉल,name
Pharmacy,category
6PWV+MR8,address
076544 82533,phone
Princy Raj Pharma,name
Medical clinic,category
"Princy Raj Pharma, Abjuganj",address
075202 34738,phone
Furnishing Collection,name
Home goods store,category
DN Singh Rd,address
075410 10829,phone
Akash Furniture,name
Furniture store,category
"Pansalla, Chowk",address
088772 90086,phone
HEENA FURNITURE SUIYA,name
Furniture store,category
"RMP5+R37 Suiya Bazar, Sultanganj - Deoghar Rd",address
075497 24565,phone
Zuari & Zuari,name
Furniture store,category
"Abhishek Plaza, Patal Babu Rd",address
086513 07373,phone
Mustafa Furniture,name
Furniture store,category
"Doon Public School, Road",address
094304 57078,phone
Prakash furniture,name
Furniture store,category
83,address
097094 41584,phone
K.S Medical Hall,name
Pharmacy,category
"3MV7+JHF, Sultanganj - Deoghar Rd, opp. Kumkum Electric Shop",address
085212 30404,phone
Atmaram Medicals,name
Pharmacy,category
MP Dwivedi Rd,address
072948 15357,phone
Aastha Medical,name
Pharmacy,category
NH 80 Asanandpur Chowk Opposite Muslim Minority Degree College,address
091992 10738,phone
Pathak Hardware,name
Hardware store,category
Sultanganj Ghat Road Sultanganj,address
089864 31731,phone
Pappu Sah Hardware,name
Hardware store,category
Ramesh Kumar Saksena Abjuganj,address
098524 28782,phone
Khetan Hardware & Woods,name
Hardware store,category
Anand Chikitshalaya Road,address
087703 16678,phone
Shamya Welding Workshop,name
Hardware store,category
"Murarka, College Rd",address
095725 37440,phone
CHANDAN ENTERPRISES,name
Hardware store,category
"Sultanganj, Station, Deoghar Rd, near Sultanganj Over Bridge",address
077954 25716,phone
MAA JAGDAMBA HARDWARE,name
Hardware store,category
6QW4 M5V Abjuganj,address
085389 27767,phone
Man Bhawani Jaya Hardware,name
Hardware store,category
Jay Man Bhawani Jaya Hardware,address
091224 17713,phone
ADITI HARDWARE,name
Hardware store,category
UPAR RD,address
083407 34907,phone
B N HARDWARE,name
Hardware store,category
"6PPX+HH2, Sultanganj-Shakund Road",address
099347 40547,phone
PUJA JAL,name
Hardware store,category
Ward Number 16,address
098350 86566,phone
GANGADHAM TRADERS,name
Hardware store,category
"Ward No 01, Mahajan Tola",address
095252 43431,phone
Vishwakarma Watch,name
Hardware store,category
Station Road,address
095342 42820,phone
AMAN ENTERPRISES,name
Hardware store,category
"Sultanganj Station Rd, Railway Colony, Shyambagh Sahabad",address
079031 25879,phone
Maa Jagdamba Plywood,name
Plywood supplier,category
"Tilka Manjhi Chowk, Hanuman Path Rd",address
093864 21082,phone
PRASAD MEDICAL AGENCY Daudnagar,name
Pharmacy,category
"2CJ8+3W2, Patna - Aurangabad Rd",address
078707 51095,phone
MANGLAM PHARMA[MEDICAL HALL],name
Pharmacy,category
2CH9+898,address
079924 44100,phone
Manoj Homoeo Pharmacy,name
Pharmacy,category
"2, Daudnagar - Barun Rd",address
093863 84288,phone
Bhagwati Medical Agency,name
Pharmacy,category
"New Anumandal Road Daudnagar Sansa, Road",address
077177 39082,phone
S K HOMOEO HALL,name
Hospital,category
Daudnagar - Barun Rd,address
099551 02422,phone
"Narayani Medical Hall, Daudnager",name
Pharmacy,category
"29MX+8G9, Gaya Road",address
098014 64160,phone
DEEPAK MEDICAL STORE,name
Pharmacy,category
"GULAM SHETH CHAUK, near SHIV MANDIR",address
091028 16202,phone
MANOJ MEDICAL HAAL,name
Pharmacy,category
"MAIN ROAD, near HANUMAN MANDIR",address
091220 84163,phone
Medimart medical Agency,name
Pharmacy,category
"opp: Hero Showroom, Bazar Road, More",address
070045 94443,phone
Baba Medico,name
Medical Center,category
"thakur badi mandir, opposite Thakur badi mandir",address
062026 22151,phone
Medicine Center,name
Pharmacy,category
"2CH8+WQH, Patna - Aurangabad Rd",address
096614 03738,phone
GUPTA HOMEO HALL,name
Homeopathic pharmacy,category
"Daudnagar, more",address
085213 32802,phone
Satya Parkash Jari Butti Ki Purani Dukan,name
Herbal medicine store,category
"2, Daudnagar - Barun Rd",address
091996 63200,phone
R.K MEDICAL HALL,name
Pharmacy,category
"2CJC+W3P, अनुमंडल रोड",address
098351 93226,phone
Rakesh Pandey Aushadhalay,name
Pharmacy,category
"2CM3+QQC, bazaza road",address
090066 68565,phone
Chand Medical Hall,name
Pharmacy,category
"29PW JXR, old town, Dord Hospital",address
095760 03050,phone
Pradhan Mantri Bhartiya Jan aushadhi Kendra,name
Pharmacy,category
"Tiwari Mohalla Opposite to Mahindra tractor showroom Aurangabad road, chowk, near bhakhrua",address
070615 45025,phone
Suman Medical Hall,name
Pharmacy,category
"Gya Road, Daudnagar",address
078705 15395,phone
Subham pharma,name
Medical Center,category
2CJ9+Q73,address
073688 77442,phone
Best Homeopathic Doctor In DAUDNAGAR |. Clinic LIFE LINE,name
Medical clinic,category
"CLINIC LIFE LINE, Main Road",address
094318 30753,phone
RADHEY KRISHNA MEDICINE,name
Pharmacy,category
near TIWARI MUHLLA,address
090067 68999,phone
Kirtimebicheme,name
Pharmacy,category
Daudnagar,address
090061 81333,phone
GANGAJAL HOMEO CLINIC,name
Pharmacy,category
"ROAD, near NEW ANUMANDAL",address
096614 59246,phone
LALLU RUWA DUKAN,name
Pharmacy,category
CHAWAL BAZAR,address
076679 75739,phone
Bhaskar Tiwari,name
Pharmacy,category
0,address
080927 92963,phone
Nand Computers,name
Electronics store,category
"Lakhan, more",address
099736 05751,phone
Jagan More,name
Electronics store,category
"29MX+7HR, 2, Daudnagar - Barun Rd",address
098019 28856,phone
Shanti Enterprises mobile store,name
Electronics store,category
2CJ8+4JF,address
082523 65453,phone
DTH Technician,name
Electronics store,category
Daudnagar - Barun Rd,address
087892 62436,phone
Aditya Vision,name
Electronics store,category
"Panchayat, Ward No 3, Gaya Road, Near UB Mart, NH 120",address
092641 96962,phone
Sinha Electric,name
Electronics wholesaler,category
"Daudnagar - Barun Rd, near of Magadh Hotel",address
078569 60741,phone
KHUSHI TELECOM & REPAIRING,name
Electronics store,category
SH 7,address
090607 75356,phone
Vishwash Engennearing Work Shop,name
Electronics store,category
Gaya - Panchananpur - Daudnagar Rd,address
082921 11488,phone
Sansar Electric & decoration,name
Electronics store,category
"2, Daudnagar - Barun Rd",address
076315 13441,phone
Har Har Mahadev mobile shop daudnagar,name
Electronics store,category
"Bhakharua more Gaya, V Mart, road",address
087703 95986,phone
Lal Market,name
Computer store,category
Bhakharua More Chowk,address
091137 66033,phone
L.G Showroom,name
Electronics Company,category
"Bihar Daudnagar, near old petrol pump",address
093041 21213,phone
Vitesh Kumar -JioMart Digital Partner,name
Electronics store,category
"0, near Town Hall",address
079034 73161,phone
On Enterprises,name
Electronics store,category
2CM6+P73,address
099554 96875,phone
Rasid Electrical,name
Electronics store,category
"2CJ9+WVM, हसपुरा - दाउदनगर रोड",address
099106 81450,phone
"Frameskraft at Daudnagar, Bihar",name
Optician,category
"Bhakaruwa More, Patna - Aurangabad Rd, opposite Indian Oil Petrol Pump",address
092342 77588,phone
S COMPUTER - LAPTOP REPAIR AND SERVICE,name
Computer repair service,category
"more, Bhakharua, Patna - Aurangabad Rd",address
062009 90084,phone
Studio yaden,name
Photo shop,category
"001 chawal, Bazar Rd, near shiv mandir",address
080027 88801,phone
Nand Multimedia,name
Cell phone store,category
Jaduy Karyalay Ke Bagal West Side,address
077838 90297,phone
NIRMAL ELECTRIC,name
Electronics store,category
MAIN ROAD,address
098356 64660,phone
SAI MOBILE CAFE,name
Cell phone store,category
Kasera Toli Daudnagar Aurangabad Bihar Kasera,address
081497 66939,phone
"DK Digital & Mobile Shop, Internet Cafe",name
Cell phone store,category
Daudnagar - Barun Rd,address
098526 35799,phone
Kumar Internet,name
Computer store,category
Daudnagar,address
088628 23544,phone
Amar Electronics And Mobile Shop,name
Electronics store,category
"2, Daudnagar - Barun Rd",address
087572 48289,phone
Ankit Electronics,name
Electronics store,category
2CM3+2MR,address
099730 47047,phone
tik tik watch house,name
Watch store,category
"Lakhan, More",address
078704 02126,phone
ADITYA ELECTRICAL,name
Electronics store,category
"ON ROAD, DAUDNAGAR, near ADITYA VISION",address
089360 54850,phone
Jay gurudev enterprises,name
Electronics store,category
opposite Town Hall,address
099731 46629,phone
Dharmendra Computer and cctv service,name
Computer repair service,category
NH139,address
095768 39406,phone
HMS Multi Paper Industries,name
Electronics Company,category
beside Daudnagar - Barun Road,address
098528 88234,phone
YP MOBILE GALLERY & 2ND HAND WALA,name
Cell phone store,category
"Main, patna road",address
070706 25653,phone
agrawal Hardware,name
Home goods store,category
"2, Daudnagar - Barun Rd",address
080840 00710,phone
Mexon Broadband,name
Internet service provider,category
Lakhan More,address
099422 39922,phone
Ravi Mobile Center,name
Cell phone store,category
"near, Canal Rd",address
083405 51203,phone
Md Israil,name
Electronics store,category
"00, Daudnagar - Barun Rd, nearby Prakash Vastralaya",address
085398 29126,phone
R.K. ELECTRIC,name
Electronics store,category
CHAWAL BAZAR,address
099732 15782,phone
Maa Laxmi electronics,name
Electronics repair shop,category
2F83+4JX,address
093346 51322,phone
Maa Light,name
Electronics store,category
Daudnagar,address
062076 46775,phone
Deepak Electronics,name
Craft store,category
"DEEPAK KIRANA STORE, MAHILA COLLEGE",address
082719 52356,phone
SD MULTI SOLUTION,name
Photo shop,category
"ward no 01, Sipha to Barun road, near paswan chauk amrit bigha",address
062994 31736,phone
Zishan Mobile Software,name
Computer service,category
Near Mahila College Nagar Palika Ke Pass,address
088776 60064,phone
Hind Optical,name
Camera store,category
Daudnagar To Sansa Road,address
099056 09461,phone
Adarsh Internet Point,name
Computer support and services,category
"Shuk Bajar, near Magdh Hotel",address
077828 49877,phone
Deep General Store & Sudha counter,name
General store,category
"petrol pump, Patna - Aurangabad Rd, opposite side",address
072799 43747,phone
MANOJ GENERAL STORE,name
General store,category
"Bazar Rd, near GIRL HIGH SCHOOL",address
091227 81611,phone
Om Parchun,name
General store,category
"Maulabag, opposite Shiv Mandir",address
080515 15132,phone
GAUTAM GENERAL STORE,name
General store,category
"1, Daudnagar Bazar Road, near Surya Mandit",address
077828 32603,phone
D.N Smart Bazaar,name
Supermarket,category
Bhakharua More Chowk,address
084092 37395,phone
General Store,name
General store,category
"Daudnagar, Bajaja Rd",address
092638 39066,phone
SATENDRA KUMAR GENERAL STORE,name
General store,category
"Daudnagr Daudnagr, Gaya Road",address
077828 02487,phone
GANAPATI KIRANA SPORE,name
General store,category
"LAL MARKET, near LAL MARKET",address
098019 28085,phone
Shailesh Shop,name
General store,category
Daudnagar,address
074797 23706,phone
G G G General Store,name
General store,category
Gaya,address
082100 77911,phone
Arbind,name
General store,category
Daudnagar,address
091999 31518,phone
SREE RAM JARI BUTI DUKAN,name
General store,category
near LAKHAN MORE,address
087093 50145,phone
Subham Sadi Card,name
General store,category
08,address
091996 63669,phone
KIRANA DUKAAN,name
General store,category
2FCC+66G,address
075640 60886,phone
Suraj Shringar Store,name
General store,category
Daudnagar,address
080848 37632,phone
Monoj General Store,name
General store,category
"Maula Bagha Rd, Daudnagar - Barun Rd, near Shiv Mandir",address
094305 94575,phone
Chhotu Kumar,name
General store,category
"123 Hindu Tola, Road",address
093344 37068,phone
Vijaymal Singar Store,name
General store,category
"Daudnagar Maula Bagha, Maulabagh Rd, near Girl High School",address
099550 81415,phone
SHUBHAM KUMAR,name
General store,category
Patna - Aurangabad Rd,address
095463 95098,phone
SUMIT KIRANA DUKAN AND GENRAL STORE.,name
General store,category
"9.no. sulish, Daudnagar, Baidrabad - Arwal Rd",address
088049 22957,phone
Mantu General Store,name
General store,category
Daudnagar,address
076440 88393,phone
Suhani Shringar Store,name
General store,category
Daudnagar,address
062044 94210,phone
BHARAT KUMAR SHOP,name
Fruit and vegetable store,category
Daudnagar Daudnagar Ara,address
091537 41609,phone
RAJESH GENERAL STORE,name
General store,category
"WPRW+78M, Gaya - Panchananpur - Daudnagar Rd",address
084092 03615,phone
Anil Kirana Store,name
Grocery store,category
0,address
074794 96255,phone
RAHUL GENERAL STORE,name
General store,category
"Maulabag Road, near Lachya Koching Centre",address
097083 41418,phone
Saroj Yadav,name
General store,category
"Daudnagar, Daudnagar To Gaya Road",address
085214 65083,phone
ROHIT ENTERPRISES,name
General store,category
Patna - Aurangabad Rd,address
091621 39517,phone
MNA KIRAN SPORE,name
General store,category
"PURANI SHR, near VIDYA NIKETAN SCHOOL",address
093042 77341,phone
Sweety Jewellers. Jewellery Store In Daudnagar Aurangabad Bihar,name
Jewelry store,category
"Jagan mode, 2, Daudnagar - Barun Road, Patwa Toli Rd, near durga club",address
070041 82987,phone
ORBIT SUPER MARKET,name
Supermarket,category
Road Pachrukhiy,address
099420 95551,phone
AMIT MALAKAR,name
Supermarket,category
"GAYA ROAD, near DEVI MANDIR",address
091421 00617,phone
Daudnagar bhakharuan more patna road,name
Cell phone store,category
2CJ9+F5X,address
070706 25653,phone
Kunal Paan Bhandar,name
General store,category
"Kunal Paan Bhandar Sabji Bazaar, Patwa Toli Rd",address
094722 16054,phone
New Raj Telecom And Cold Drinks Store,name
Shopping mall,category
near church,address
070046 74721,phone
Vishnu Kirana Dukan,name
General store,category
"VISHNU Kirana Dukan, Gaya Road",address
081281 68594,phone
Malakar General Store,name
General store,category
"Malakar General Store, Mahatma Phule Nagar",address
077390 42202,phone
Lok Priya General Store,name
Store,category
"Ward Number 11, Patna Ke Phatak Shiv Mandir Ke Pichhe",address
077619 91151,phone
Gautam treders,name
General store,category
"Ward no 8, nalband toli",address
073012 09865,phone
Pappu Sweet,name
General store,category
"NH 98, More",address
062014 15939,phone
HOME TOWN MARKET,name
Supermarket,category
"LAL BABU MARKET, Bazar Rd",address
084092 37395,phone
SANJAY GENERAL STORE,name
General store,category
Cinema Hall Rd,address
088630 59973,phone
Sudha corner,name
Home goods store,category
NH139,address
094708 56392,phone
Tullu Shop,name
General store,category
Daudnagar,address
088628 33499,phone
ALOCK GENERAL STORE,name
General store,category
"Kucha Gali, near DURGA CLAB",address
082353 29820,phone
MUKESH GENERAL STORE AATA CHAKI MILL,name
General store,category
"LAKHAN, MORE, near CINEMA HALL",address
077838 47071,phone
Abhimanyu General Store,name
General store,category
"Front of City Taylish, Patna - Aurangabad Rd",address
093047 10175,phone
PUJA SINGAR STORE,name
General store,category
"BALU GANJ ROAD, near DEVI MANDIR ROAD",address
090970 92871,phone
NITISH KIRANA STORE,name
General store,category
"BAZAR ROAD, near DORD HOSPITAL KE SAMNE",address
092295 91872,phone
Vima Enterprises,name
General store,category
"2CM3+QMF, Bajaja Rd",address
081028 86279,phone
R K General Store,name
General store,category
"Rajneekant Bhawan, 002, Durga path, near Sabji Market",address
099732 15782,phone
SAKET GENERAL STORE,name
General store,category
near AGRWAL MARVAL,address
095087 18489,phone
Bhauli Ram,name
General store,category
Daudnagar To Gya,address
085218 93414,phone
Jai Maa Vaishno Devi Sringra Store,name
General store,category
"Infront Girls High School, Market Road",address
080843 46956,phone
Nand Shop,name
General store,category
Daudnagar,address
088091 20821,phone
SANTOSH LOHAR,name
Grocery store,category
"Bazar Rd, near GYAN GANGA SCHOOL",address
088093 86070,phone
ANSHIKA GENERAL STORE,name
General store,category
"SITAL BIGHA, SANSA ROAD, KE PASS, near GAU GHAT",address
090061 75293,phone
ARMAN SINGAR DUKAN,name
General store,category
near MAGHDH HOTAL,address
082353 01533,phone
LADDU KIRANA STORE,name
General store,category
"PASWAN CHAUK, NEAR DEVI MANDIR MALAH TOLI",address
072501 03981,phone
Narayan Shop,name
Hardware store,category
Daudnagar,address
070500 90111,phone
Ramanuj Raunak Shop,name
General store,category
Daudnagar,address
075629 85184,phone
Nagraj Kirana Store,name
General store,category
"Beladhi Tarari Daudnagar Near By Patel Pathshala, Beladhi Beladhi, Tarari, near by Patel Pathshala",address
091425 26367,phone
Uday Kirana,name
General store,category
Daudnagar,address
062028 44049,phone
Shivam Sudha Corner Chawal Bazar Daudnagar,name
Shopping mall,category
Patwa Toli Rd,address
062036 92771,phone
Pihu enterprises daudnagar,name
Ice Cream,category
2CM7+V2C,address
096617 71199,phone
VISHAL KUMAR,name
General store,category
Daudnagar Daudnagar Aurangabad Tarar Bazar Aurngabad,address
095070 49617,phone
RAMU cng tempo reserve centre karmahi,name
Grocery store,category
Ramu Online Centre,address
097080 79713,phone
Ram Chandra Saw Kirana Store,name
Grocery store,category
Main Road,address
072096 34485,phone
Jai Maa Vaishno Devi Sringra Store,name
Grocery store,category
"Infront Girls High School, Market Road",address
080843 46956,phone
Fruit Shop,name
Fruit and vegetable store,category
Patna - Aurangabad Rd,address
090976 81288,phone
Siaa Home Decore,name
Window treatment store,category
"1st floor, Lal Babu Market, near Dakshin Gramin Bank",address
087000 84219,phone
Mehandi Cloths,name
Clothing store,category
Bajaja Rd,address
079039 30291,phone
Rinku Furnishing,name
Sofa store,category
near Saraswati hotel,address
090793 70842,phone
Furniture,name
Store,category
"North Patel Nagar, Patna - Aurangabad Rd",address
074628 62576,phone
Siaa Home Decore,name
Furniture store,category
"1st floor, Lal Babu Market, near Dakshin Gramin Bank",address
087000 84219,phone
"Raj Enterprises, Furniture Shop, Budhan Bigha",name
Furniture store,category
"Ward no 27, BUDHAN BIGHA, Gaya - Panchananpur - Daudnagar Rd",address
090062 74153,phone
MAA MANGLA,name
Furniture store,category
"Petrol Pump, Barun Dau Naga",address
076021 38227,phone
Shree Ram Furniture House,name
Furniture store,category
"W52P+FFC infront of hdfc bank, Pali Rd",address
099554 49990,phone
PUJA ENTERPRISES,name
Home goods store,category
"Old Bus Stand, SH 7",address
094704 72881,phone
Sleepwell Exclusive Dealer - Akanksha Furniture House,name
Mattress store,category
"North Patel Nagar, DM College Daud Nagar, Patna - Aurangabad Rd, nearby Akanksha Dharam Kanta",address
08071 640 926,phone
Sanjay,name
Furniture store,category
Daudnagar,address
095721 15859,phone
Neyaj Sofa Center,name
Furniture store,category
"Shop No 257, Purana Shahar",address
062029 59752,phone
sanjay plastic dukan,name
Furniture store,category
daudnagar,address
070798 60006,phone
Mohit furniture,name
Furniture Manufacturer,category
"W724+Q3H, Daudnagar - Barun Rd",address
076677 67128,phone
City tiles & marble,name
Tile store,category
NH139,address
094622 66673,phone
SRI SITARAM ENTERPRISES,name
Marble supplier,category
"Near, jail, Gaya road",address
091229 29009,phone
Kajaria tiles showroom,name
Store,category
"gaya road, near UB Mart",address
095552 13211,phone
Laxmi Hardware Store,name
Hardware store,category
Lal Market Bazar Road Bhakharuan,address
079923 71860,phone
Jyoti Hardware,name
Hardware store,category
Patwa Toli Rd,address
096318 01289,phone
Anjali Hardware,name
Building materials store,category
"2CM4+HJM, Daudnagar - Barun Rd",address
091222 00169,phone
BAJRANG HARDWARE & PAINTS,name
Hardware store,category
"सुमन मेडिकल के बगल में, Devi स्थान के सामने, MORE, Gaya road",address
062051 10994,phone
Sanny Hardware,name
Hardware store,category
हसपुरा - दाउदनगर रोड,address
082352 27330,phone
ma gayatri traders,name
Hardware store,category
"2CJC+PRJ, Daudnagar - Haspura Road",address
099342 28290,phone
Hindware - Gupta Traders,name
Hardware store,category
"Main, Bazar Rd",address
076670 11465,phone
Star Tools,name
Hardware store,category
"WardNo.07, Barun Road, near Ansari Muhalla",address
088510 13268,phone
Sunil Get Grill Work Shop,name
Hardware store,category
"Lakhan, 00 Daudnagar, More, near State Bank",address
070613 02727,phone
KESHRI SANITARY NEAR HANUMAN MANDIR,name
Plumbing supply store,category
"Budha Market, near Hanuman Mandir",address
090979 21650,phone
Hardware Shop,name
Hardware store,category
Maulabagh Rd,address
096932 26656,phone
Jagdamba Hardware,name
Hardware store,category
"05, near Bank Of Baridra",address
099554 27324,phone
ABHISHEK SHOP,name
Hardware store,category
Patwa Toli Rd,address
079924 23825,phone
Shree Ram Sabera Stil,name
Hardware store,category
"More, Bhakharua, Daudnagar, Bazar Rd",address
079797 14172,phone
Rajan Bartan Dukan,name
Hardware store,category
"Daudnagar, near Sabji Mandi",address
072929 66837,phone
DEEPAK ELECTRONIC,name
Hardware store,category
"1, Gaya Road, near Bazar Samiti Road",address
087895 71013,phone
TRENDS,name
Clothing store,category
"NH139, Patna - Aurangabad Rd",address
070076 81114,phone
Jockey Exclusive Store,name
Clothing store,category
"Bazaar Rd Bhakharuan, more",address
06328 295 115,phone
"Tirupati Balaji Garments,DNR",name
Clothing store,category
"more, MOHIWAL house, Yoginagar,bhakharua, Bazar Rd",address
062041 78985,phone
BRAND BOX GARMENTS,name
Clothing store,category
"2CH8+XM4, more",address
091552 46775,phone
The Raymond shop,name
Clothing store,category
"Ground Floor, Daudnagar - Barun Rd, near Bata",address
080 4493 8968,phone
MAA MATHURASHINI MART,name
Clothing store,category
"colony bazar road, near star institute",address
089359 79932,phone
DALMIA BAZAAR DAUDNAGAR,name
Clothing store,category
"LAAL BABU MARKET, MORE",address
095084 04972,phone
Simaran saree palace,name
Saree Shop,category
Main road,address
078703 65570,phone
Jagdamba Saree,name
Clothing store,category
"2, Daudnagar - Barun Rd",address
090978 00418,phone
GUDDI Kids Garments,name
Clothing store,category
"01, Magadh Road",address
076313 60293,phone
Bombay Fashion,name
Clothing store,category
"Durga path, Daudnagar, Bajaja Rd",address
081694 79511,phone
adarsh readymade,name
Clothing store,category
"2, Daudnagar - Barun Rd",address
091229 86196,phone
Brand Fashion,name
Clothing store,category
near of Rupa Studio,address
090061 77711,phone
Sasta Khadi Bhandaar,name
Clothing store,category
"National Highway 139, More, opp. SHIV MANDIR",address
090971 55952,phone
Jiddi Bartan Dukan,name
Clothing store,category
"2CM3+3GW, Bam Rd",address
070044 15156,phone
Simran photo framing place,name
Boutique,category
"ward no- 13, Durga path",address
099312 58705,phone
KANAK JEANS CORNER,name
Clothing store,category
Daudnagar Daudnagar Gaya Road,address
062013 45377,phone
SHAGUN COLLECTION,name
Clothing store,category
"Patna - Aurangabad Rd, near DN COLLEGE",address
094308 27905,phone
Golden Watch House,name
Watch store,category
"𝙻𝚊𝚔𝚑𝚊𝚗, 𝚖𝚘𝚛𝚎",address
062012 13319,phone
Gopal Babu Alankar Jewellers,name
Jewelry store,category
Patwa Toli Rd,address
094730 36936,phone
the planet fashion,name
Clothing store,category
"Jai Hind Company, Pali Rd",address
077324 02889,phone
Libas Ghar & Devrani Jethani,name
Clothing store,category
हसपुरा - दाउदनगर रोड,address
093347 41931,phone
Bata Shoe Store,name
Clothing store,category
"Ground Floor, Daudnagar - Barun Rd, near Dalmia Bazaar",address
094700 02567,phone
MEHNDI SAREE SHOW ROOM,name
Saree Shop,category
"Daudnagar Bajaj Road, Bajaja Rd",address
094304 42532,phone
યુગોરા ગોપના,name
Clothing store,category
"2CM6+RQ7, Surya Mandir Rd",address
097712 63921,phone
Ajit Mains Ware,name
Men's clothing store,category
"Main, near by HanumanMarketdaudnagar Mandir",address
088779 14343,phone
Indian Bag,name
Clothing Accessories Store,category
"Indian bag Shop, Chudi Bazaar",address
078588 72717,phone
KESHRIWANI GARMENTS,name
Clothing store,category
"1, Daudnagar Chudibazar, near Hanuman Mandir",address
078702 13069,phone
Taslim Shop,name
Clothing store,category
Daudnaga,address
087883 53712,phone
BAHURANI SAREE CENTER,name
Saree Shop,category
"NEAR, Cinema Hall Rd",address
076546 35414,phone
Crown mans Tailor daudnagar,name
Clothing store,category
Neyar,address
062011 52051,phone
Sakshi Gopal Babu Swarn Mandir,name
Jeweler,category
Patwa Toli Rd,address
090060 83770,phone
Chandani Fashion Readymade,name
Clothing store,category
"Patel Chauk, Ak Market, Haspura - Daudnagar Rd",address
094712 61880,phone
Adarsh Sweet,name
Sportswear store,category
Patna - Aurangabad Rd,address
091559 36876,phone
Shankar full sajawat kendra,name
Event planner,category
"Main road, near State Bank",address
062010 36054,phone
MOHIWAL READYMADES,name
Men's clothing store,category
Daudnagar Daudnagar Bhakharuan More,address
070615 14842,phone
राजेन्द्र प्रसाद कपड़ा दुकान संसा बाज़ार Rajendra Prasad Kapada Dukan Sansa Bazar,name
Clothing store,category
Daudnagar - Haspura Road,address
091997 79515,phone
Chandan Lal Vastralya,name
Clothing store,category
"2F7W+3HX, Gaya - Panchananpur - Daudnagar Rd",address
085410 58164,phone
FASHION POINT,name
Saree Shop,category
Nasriganj - Daudnagar Rd,address
093048 97450,phone
RAMJEE KUMAR,name
Jewelry store,category
near SUBZI BAZAR,address
082109 77115,phone
ધાણા પાલ્લાહ,name
Clothing store,category
"2CM2+953, Patwa Toli Rd",address
082712 22762,phone
PANDAY JI SHOP,name
Men's clothing store,category
"PANDAY SHOP, Daudnagar",address
088252 17618,phone
Shubh Handlooms,name
Women's clothing store,category
"Chawal Bazar Chawal Bazar Main Road, Road",address
092623 69476,phone
Nainsi Jewallers,name
Jewelry store,category
"Daudnagar, near Hanuman Mandir",address
070048 90066,phone
Laxmi Hardware Store,name
Paint store,category
Lal Market Bazar Road Bhakharuan,address
079923 71860,phone
Nerolac Paints - A H Traders,name
Paint store,category
"2Cm4+Pfx, Daudnagar - Barun Rd",address
087972 24144,phone
Bata Shoe Store,name
Shoe store,category
"Ground Floor, Daudnagar - Barun Rd, near Dalmia Bazaar",address
094700 02567,phone
Relaxo Footwear,name
Shoe store,category
"BHAKHARUA MORE, MAIN, ROAD",address
1800 108 6001,phone
Archana sports and bags,name
Sporting goods store,category
"near (Girl haigh school 🎒🎒🏫),(Taune holl",address
070042 70941,phone
Sarwar,name
Shoe store,category
Daudnagar,address
080027 68881,phone
Ledis Footwear Sell,name
Shoe store,category
Ward 11,address
075478 04768,phone
Ast Leather Shoe Store,name
Shoe store,category
"2CJ9+G45, NH139",address
080021 95701,phone
Youth Space Gift Corner,name
Gift shop,category
"2, Lakhan, more",address
095070 32370,phone
Fancy flower decoration,name
Flower designer,category
Daudnagar - Barun Rd,address
084091 63908,phone
"Raj Enterprises, Furniture Shop, Budhan Bigha",name
Home goods store,category
"Ward no 27, BUDHAN BIGHA, Gaya - Panchananpur - Daudnagar Rd",address
090062 74153,phone
Hindware - Gupta Traders,name
Bathroom supply store,category
"Main, Bazar Rd",address
076670 11465,phone
Dhanbad Bedding House,name
Bedding store,category
"3G5X+M4F, Haspura - Daudnagar Rd",address
099318 23419,phone
Arvind Kumar,name
Mattress store,category
Gays,address
062010 96118,phone
Pramod Pustak Bhundar,name
Book store,category
"2, Barun Road",address
095259 31481,phone
BRUNCH ITALINO DAUDNAGAR,name
Bakery and Cake Shop,category
2CH9+H3V,address
088252 44258,phone
"Greenply Plywood (Agrawal Hardware) - Best Plywood Shop And Dealer In Daudnagar, Aurangabad",name
Plywood supplier,category
"Main Road, Daudnagar, Maulabag, near Vishal X-Ray",address
093555 67726,phone
Shoundik Pustakalaya & Computer Press,name
Book store,category
"shop no 1p, Gaya road",address
094314 16731,phone
Ankit Stationery,name
Store,category
"12, Patwa Toli Rd",address
077399 76976,phone
Sunil Mobile Stationery & Media Downloading,name
Mobile phone repair shop,category
Daudnagar - Barun Rd,address
097097 18707,phone
Chhatra pustak bhàndar,name
Book store,category
"2, Daudnagar - Barun Rd",address
096318 67276,phone
Tanusi Ply,name
Stationery store,category
"Bazaar Samiti, Gaya Road",address
091559 90370,phone
Revision Competitive Class,name
Stationery store,category
"Market Road, Daudnagar, near Parvati Hotal",address
062028 01118,phone
Sahitya Sangam Stationary,name
Book store,category
"Sahitya Sangam Photo State New, Anumandal Road",address
095720 75888,phone
The mutton hub,name
Hotel supply store,category
Patna - Aurangabad Rd,address
079035 48129,phone
Kisan Ghar Beej Bhandar,name
Agricultural Seed Store,category
2CH9+F55,address
094318 30603,phone
Swaraj Tractors - M/S Bharat Enterprises,name
Tractor dealer,category
"Tiwari Mohalla, Bhakharaun More, nearby Mantu Hospital",address
08071 936 773,phone
jai mata di kitchen centre,name
Appliance store,category
"2, Daudnagar - Barun Rd",address
099342 99665,phone
Bread Shop,name
Veterinarian,category
"05, More",address
078701 22690,phone
Aman Dog kennel,name
Dog breeder,category
Nasriganj - Daudnagar Rd,address
079036 48440,phone
Easy Pick Pet Shop,name
Pet supply store,category
"Gandhi Path, Dharamshala Rd",address
081025 46990,phone
Uma pets shop,name
Pet store,category
"U/462, Housing Colony Rd, near Panch Shiv Mandir",address
084342 88160,phone
Baba Brothers Dog Food Shop,name
Pet store,category
"South Ramna Road, near Hari Jee Ka Hata",address
093047 80008,phone
Anurag Kennel & Pet Shop,name
Pet store,category
"Gate No 48, Murti Makaan",address
097984 07468,phone
raj kennel dehri,name
Pet supply store,category
W5HR+39X,address
073529 94017,phone
Sunil Sweets,name
Sweet shop,category
"2CJ9+WMR, हसपुरा - दाउदनगर रोड",address
099349 08102,phone
Peachwave Cakes & Cafe,name
Cake shop,category
"2CM6+GXM, Main Rd",address
070042 44288,phone
Sri Ganesh Misthan Bhandar,name
Indian sweets shop,category
Chawal bajar,address
091228 18086,phone
Puja Misthan Bhandar,name
Confectionery store,category
2CM9+3QM,address
070913 08221,phone
Apollo Diagnostics,name
Diagnostic center,category
"Main Road, Maullabag Near Rajkiyakrit Girls Inter School",address
077658 58585,phone
Vaishnavi Imaging center(Ultrasound),name
Diagnostic center,category
NH139 तिवारी मुहल्ला भखरुआ,address
070047 87351,phone
Sonar Diagnostic Center,name
Diagnostic center,category
"2CM9+3CF, Daudnagar Aurangabad Gaya Roard, Gaya - Panchananpur - Daudnagar Rd",address
090316 96091,phone
Dr Lal PathLabs - Patient Service Centre,name
Diagnostic center,category
"No 25, Main Road, opposite Sanjeevani Ultrasound",address
080 6905 7841,phone
Metropolis Labs | Blood Test & Diagnostic Centre Aurangabad BH,name
Diagnostic center,category
"Ground Floor Panch, Daudnagar",address
033 4083 7876,phone
Sanjeevani Diagnostic,name
Doctor,category
"2, Daudnagar - Barun Rd",address
098352 11551,phone
Riya Janch Ghar,name
Diagnostic center,category
near Near Girls High School,address
099341 43183,phone
Vishal Ultrasound,name
Medical diagnostic imaging center,category
"2CM7+F4R, Daudnagar - Barun Rd",address
099342 27543,phone
Jeevan deep diagnostic center (janch ghar),name
Health consultant,category
"2CM7+C4H, Maulabagh Rd",address
090065 58365,phone
SHARP VISION CENTRE DAUDNAGAR,name
Eye care center,category
"New Anumandal area, road, near Shital bigha(gau ghat",address
079798 60810,phone
P. C HOSPITAL Daudnagar,name
Hospital,category
"Arungabad, Daudnagar, Bhakharu more, Tiwari muhala, Daudnagar, tiwari muhala, more",address
090310 84291,phone
Metropolis Labs | Blood Test & Diagnostic Centre Aurangabad BH,name
Medical laboratory,category
"Ground Floor Panch, Daudnagar",address
033 4083 7876,phone
Kumarpatho Lab,name
Blood testing service,category
2CM6+WW3,address
089692 81181,phone
Aadarsh video mixing lab,name
Photo lab,category
"No.2 school, lakhan more",address
099316 27970,phone
